fantasy_points,rushing_yards,rushing_tds,receiving_yards,receiving_tds,receptions,targets,passing_yards,passing_tds,interceptions,age,years_exp,draft_overall,games,position,aav,player_name,season,position_encoded,predicted_aav,value_delta
73.10000000000001,462.0,1,209.0,0,33,40,0.0,0,0.0,22.0,0.0,52.0,16,RB,1.71902,Zach Charbonnet,2023,4,1.2434121,0.4756078629684448
49.3,7.0,0,426.0,1,40,75,0.0,0,0.0,31.0,10.0,41.0,13,WR,7.625,Robert Woods,2023,6,8.009099,-0.38409900665283203
2.06,-9.0,0,0.0,0,0,0,74.0,1,1.0,28.0,5.0,171.0,6,QB,4.0,Mike White,2023,3,2.532031,1.4679689407348633
65.9,300.0,4,119.0,0,17,22,0.0,0,0.0,33.0,10.0,181.0,15,RB,1.3175,Latavius Murray,2023,4,1.7072499,-0.38974987983703624
56.96000000000001,206.0,1,0.0,0,0,0,909.0,2,6.0,26.0,4.0,6.0,6,QB,40.0,Daniel Jones,2023,3,35.95894,4.0410614013671875
-0.3,-3.0,0,0.0,0,0,0,0.0,0,0.0,32.0,10.0,98.0,1,QB,1.2502,Matt Barkley,2023,3,0.9294417,0.3207583095550537
13.8,86.0,0,52.0,0,4,6,0.0,0,0.0,28.0,5.0,201.0,10,RB,2.0,Boston Scott,2023,4,1.67556,0.32444000244140625
24.700000000000003,0.0,0,187.0,1,27,43,0.0,0,0.0,32.0,10.0,35.0,7,TE,0.2898,Zach Ertz,2023,5,3.075798,-2.7859980346679687
10.0,33.0,0,67.0,0,4,13,0.0,0,0.0,32.0,10.0,78.0,10,WR,1.7,Marquise Goodwin,2023,6,1.6873447,0.012655329704284624
29.12,14.0,0,0.0,0,0,0,543.0,3,3.0,26.0,4.0,42.0,4,QB,4.0,Drew Lock,2023,3,4.4261227,-0.42612266540527344
11.96,-6.0,0,0.0,0,0,0,264.0,2,3.0,29.0,8.0,1.0,6,QB,4.0,Jameis Winston,2023,3,4.163508,-0.16350793838500977
0.0,0.0,0,0.0,0,0,1,0.0,0,0.0,25.0,4.0,204.0,1,RB,2.0,Travis Homer,2023,4,1.4124737,0.5875263214111328
13.2,0.0,0,132.0,0,15,23,0.0,0,0.0,31.0,5.0,98.0,13,TE,1.95,Jordan Akins,2023,5,2.7427526,-0.7927525520324707
0.0,0.0,0,0.0,0,0,1,0.0,0,0.0,26.0,4.0,187.0,1,WR,0.216,Juwann Winfree,2023,6,1.190866,-0.9748659934997559
72.5,0.0,0,565.0,3,35,64,0.0,0,0.0,30.0,9.0,12.0,14,WR,15.0,Odell Beckham Jr.,2023,6,13.554604,1.4453964233398438
119.2,35.0,0,657.0,8,54,81,0.0,0,0.0,29.0,9.0,20.0,16,WR,10.0,Brandin Cooks,2023,6,9.83141,0.16858959197998047
-0.2,-2.0,0,0.0,0,0,0,0.0,0,0.0,30.0,9.0,32.0,1,QB,3.0,Teddy Bridgewater,2023,3,2.9293284,0.07067155838012695
241.12,40.0,0,0.0,0,0,0,3878.0,25,8.0,32.0,9.0,36.0,17,QB,37.5,Derek Carr,2023,3,35.57298,1.9270210266113281
64.1,39.0,0,0.0,0,0,0,1205.0,7,9.0,31.0,9.0,62.0,7,QB,24.25,Jimmy Garoppolo,2023,3,9.605866,14.644133567810059
59.36,60.0,1,192.0,4,25,32,4.0,1,0.0,31.0,9.0,96.0,12,RB,1.3175,Jerick McKinnon,2023,4,2.4182966,-1.1007965755462648
25.4,132.0,0,62.0,1,7,7,0.0,0,0.0,25.0,4.0,186.0,7,RB,0.2898,Ty Johnson,2023,4,1.2819124,-0.9921124460220336
101.0,0.0,0,770.0,4,50,79,0.0,0,0.0,26.0,4.0,171.0,17,WR,6.0,Darius Slayton,2023,6,6.7076263,-0.7076263427734375
28.0,0.0,0,280.0,0,34,49,0.0,0,0.0,30.0,9.0,61.0,15,WR,7.5,Allen Robinson,2023,6,6.696053,0.8039469718933105
5.6000000000000005,0.0,0,56.0,0,5,9,0.0,0,0.0,27.0,5.0,101.0,7,TE,3.325,Ian Thomas,2023,5,3.1949735,0.1300265312194826
1.7000000000000002,0.0,0,17.0,0,3,4,0.0,0,0.0,26.0,4.0,93.0,4,WR,1.08,Miles Boykin,2023,6,2.01908,-0.9390799236297607
144.1,805.0,6,296.0,0,37,54,0.0,0,0.0,25.0,4.0,24.0,13,RB,11.791,Josh Jacobs,2023,4,6.735301,5.05569898223877
148.6,9.0,0,1057.0,7,75,137,0.0,0,0.0,31.0,10.0,27.0,17,WR,13.0,DeAndre Hopkins,2023,6,12.824229,0.17577075958251953
191.2,1015.0,13,117.0,0,16,24,0.0,0,0.0,26.0,4.0,73.0,14,RB,6.0,David Montgomery,2023,4,6.4768906,-0.47689056396484375
226.26,155.0,1,-2.0,0,1,1,3624.0,20,9.0,32.0,10.0,39.0,15,QB,25.0,Geno Smith,2023,3,23.944286,1.0557136535644531
33.5,112.0,2,103.0,0,10,14,0.0,0,0.0,26.0,4.0,70.0,4,RB,0.2898,Darrell Henderson,2023,4,2.4982216,-2.2084216358184814
17.0,94.0,1,16.0,0,2,2,0.0,0,0.0,26.0,4.0,87.0,6,RB,1.77,Damien Harris,2023,4,1.8457884,-0.07578835964202879
62.0,0.0,0,460.0,3,27,53,0.0,0,0.0,27.0,5.0,144.0,15,WR,1.7,Justin Watson,2023,6,3.5489326,-1.8489325523376465
91.5,0.0,0,635.0,5,59,88,0.0,0,0.0,27.0,5.0,137.0,15,TE,6.25,Dalton Schultz,2023,5,7.6081157,-1.3581156730651855
10.4,0.0,0,104.0,0,20,27,0.0,0,0.0,26.0,4.0,59.0,8,WR,4.7,Parris Campbell,2023,6,3.7360022,0.963997793197632
28.3,0.0,0,163.0,2,22,27,0.0,0,0.0,27.0,4.0,52.0,14,TE,1.2325,Drew Sample,2023,5,3.6458254,-2.4133253860473634
0.72,0.0,0,0.0,0,0,0,18.0,0,0.0,37.0,14.0,164.0,1,P,1.3175,Thomas Morstead,2023,2,1.9346311,-0.617131109237671
6.9,0.0,0,9.0,1,1,2,0.0,0,0.0,25.0,2.0,179.0,1,WR,0.216,Simi Fehoko,2023,6,0.5338891,-0.31788911485672
24.500000000000004,74.0,1,51.0,0,8,10,0.0,0,0.0,24.0,2.0,157.0,7,WR,0.94,Ihmir Smith-Marsette,2023,6,0.7765295,0.16347050905227656
27.9,0.0,0,39.0,4,6,7,0.0,0,0.0,36.0,13.0,95.0,5,TE,1.3175,Jimmy Graham,2023,5,2.2993412,-0.9818412017822267
4.5,0.0,0,45.0,0,1,3,0.0,0,0.0,26.0,2.0,229.0,2,WR,0.216,Mike Strachan,2023,6,0.33879086,-0.12279086375236511
4.4,42.0,0,2.0,0,2,5,0.0,0,0.0,26.0,3.0,76.0,5,RB,0.2898,Ke'Shawn Vaughn,2023,4,1.0115302,-0.7217301609039306
147.16,88.0,0,0.0,0,0,0,2309.0,15,6.0,26.0,3.0,1.0,10,QB,55.0,Joe Burrow,2023,3,49.740997,5.259002685546875
25.4,0.0,0,74.0,3,11,19,0.0,0,0.0,34.0,12.0,6.0,8,WR,1.567,Julio Jones,2023,6,2.0574872,-0.4904872493743897
2.2,10.0,0,12.0,0,1,1,0.0,0,0.0,25.0,2.0,233.0,1,RB,0.94,Jake Funk,2023,4,0.6253974,0.3146026158332824
29.9,21.0,0,218.0,1,16,24,0.0,0,0.0,24.0,1.0,229.0,4,WR,0.8325,Bo Melton,2023,6,1.3343071,-0.501807074546814
0.0,0.0,0,0.0,0,0,2,0.0,0,0.0,23.0,2.0,85.0,1,WR,0.216,Amari Rodgers,2023,6,0.70346844,-0.48746844196319583
100.84,2.0,0,0.0,0,0,0,1616.0,13,8.0,38.0,15.0,18.0,5,QB,2.2,Joe Flacco,2023,3,4.4375544,-2.237554359436035
17.3,160.0,0,13.0,0,3,6,0.0,0,0.0,24.0,2.0,88.0,8,RB,0.216,Trey Sermon,2023,4,0.88347554,-0.6674755420684815
5.900000000000002,45.0,0,0.0,0,0,0,185.0,0,3.0,33.0,12.0,10.0,2,QB,1.3175,Blaine Gabbert,2023,3,4.473126,-3.15562593460083
12.5,0.0,0,125.0,0,12,24,0.0,0,0.0,26.0,3.0,251.0,10,TE,0.94,Stephen Sullivan,2023,5,0.81055415,0.12944585323333735
137.4,741.0,7,153.0,1,19,23,0.0,0,0.0,24.0,3.0,41.0,10,RB,14.0,Jonathan Taylor,2023,4,9.62071,4.379289627075195
11.0,77.0,0,33.0,0,3,5,0.0,0,0.0,25.0,3.0,120.0,2,RB,0.256222,La'Mical Perine,2023,4,1.321671,-1.0654490090637208
319.06,247.0,4,0.0,0,0,0,4159.0,32,11.0,24.0,3.0,26.0,17,QB,13.5,Jordan Love,2023,3,14.268613,-0.7686128616333008
32.5,0.0,0,265.0,1,19,33,0.0,0,0.0,26.0,3.0,217.0,12,WR,0.94,Jauan Jennings,2023,6,1.0148022,-0.07480221748352056
1.1,0.0,0,11.0,0,1,1,0.0,0,0.0,25.0,3.0,165.0,1,WR,0.2898,Collin Johnson,2023,6,0.4703344,-0.18053441066741943
24.9,8.0,0,81.0,3,13,20,0.0,0,0.0,25.0,3.0,115.0,13,TE,1.75,Harrison Bryant,2023,5,1.0182682,0.7317317724227905
23.64,12.0,0,0.0,0,0,0,361.0,2,0.0,35.0,12.0,35.0,2,QB,5.0,Andy Dalton,2023,3,4.9496984,0.050301551818847656
39.0,0.0,0,230.0,3,21,33,0.0,0,0.0,24.0,3.0,207.0,14,WR,0.87,Isaiah Hodgins,2023,6,0.9031556,-0.0331556248664856
0.0,0.0,0,0.0,0,0,5,0.0,0,0.0,26.0,3.0,201.0,2,WR,0.2898,James Proche,2023,6,0.38885996,-0.09905995745658874
1.5000000000000002,0.0,0,35.0,0,5,10,0.0,0,0.0,33.0,11.0,166.0,4,WR,3.0,Marvin Jones,2023,6,2.1068022,0.893197774887085
30.9,11.0,0,238.0,1,27,33,0.0,0,0.0,27.0,5.0,210.0,13,WR,3.5,Braxton Berrios,2023,6,3.5708015,-0.0708014965057373
108.1,2.0,0,719.0,6,73,90,0.0,0,0.0,24.0,3.0,43.0,15,TE,12.5,Cole Kmet,2023,5,8.054064,4.44593620300293
23.0,121.0,1,49.0,0,7,12,0.0,0,0.0,25.0,3.0,93.0,6,RB,0.94,Darrynton Evans,2023,4,0.86750036,0.07249963521957392
6.8,0.0,0,8.0,1,2,3,0.0,0,0.0,25.0,3.0,161.0,1,WR,0.2898,Tyler Johnson,2023,6,0.5090075,-0.2192075135231018
38.4,0.0,0,204.0,3,22,35,0.0,0,0.0,26.0,3.0,105.0,16,TE,1.5,Adam Trautman,2023,5,1.6183469,-0.1183469295501709
11.9,0.0,0,39.0,1,5,17,0.0,0,0.0,33.0,12.0,64.0,9,WR,3.0,Randall Cobb,2023,6,3.1956134,-0.19561338424682617
356.82,605.0,15,0.0,0,0,0,3858.0,23,15.0,25.0,3.0,53.0,17,QB,51.0,Jalen Hurts,2023,3,48.37723,2.6227684020996094
21.5,17.0,0,138.0,0,7,23,0.0,0,0.0,24.0,3.0,21.0,9,WR,0.2898,Jalen Reagor,2023,6,2.5428522,-2.2530521633148193
11.5,32.0,0,83.0,0,11,16,0.0,0,0.0,25.0,3.0,80.0,8,WR,0.216,Lynn Bowden,2023,6,1.0203009,-0.8043008651733399
233.16,228.0,3,10.0,0,1,1,3134.0,20,7.0,25.0,3.0,6.0,13,QB,52.5,Justin Herbert,2023,3,24.021536,28.478464126586914
1.12,0.0,0,0.0,0,0,0,28.0,0,0.0,25.0,3.0,191.0,1,P,0.2898,Braden Mann,2023,2,0.56168383,-0.2718838335990906
39.4,0.0,0,394.0,0,33,55,0.0,0,0.0,30.0,8.0,14.0,13,WR,5.4,DeVante Parker,2023,6,6.0246744,-0.6246744155883786
1.1,0.0,0,31.0,0,2,3,0.0,0,0.0,29.0,7.0,73.0,2,RB,0.2898,Kenyan Drake,2023,4,1.3085916,-1.018791604232788
22.86,19.0,0,0.0,0,0,0,224.0,3,0.0,30.0,7.0,91.0,2,QB,8.0,Jacoby Brissett,2023,3,3.8787842,4.1212158203125
23.380000000000003,15.0,1,0.0,0,0,0,297.0,2,1.0,26.0,5.0,3.0,10,QB,4.5,Sam Darnold,2023,3,4.9383955,-0.43839550018310547
-0.2,-2.0,0,0.0,0,0,2,0.0,0,0.0,29.0,6.0,177.0,3,WR,1.2325,Trent Taylor,2023,6,1.082111,0.15038899898529046
274.06,163.0,1,0.0,0,0,0,4044.0,28,10.0,28.0,5.0,1.0,17,QB,4.0,Baker Mayfield,2023,3,32.588547,-28.588546752929688
104.9,656.0,2,233.0,1,30,43,0.0,0,0.0,28.0,6.0,182.0,11,RB,11.5,Aaron Jones,2023,4,8.134758,3.3652420043945312
182.2,962.0,6,280.0,4,41,60,0.0,0,0.0,26.0,5.0,2.0,14,RB,10.091,Saquon Barkley,2023,4,10.677864,-0.586864074707032
45.2,319.0,2,13.0,0,1,2,0.0,0,0.0,27.0,5.0,71.0,9,RB,0.2898,Royce Freeman,2023,4,1.6680055,-1.3782054664611816
1.6,0.0,0,16.0,0,1,3,0.0,0,0.0,28.0,7.0,23.0,1,WR,1.165,Laquon Treadwell,2023,6,1.6153493,-0.4503492927551269
-0.2,-2.0,0,0.0,0,0,1,0.0,0,0.0,29.0,7.0,156.0,1,RB,1.3175,Jonathan Williams,2023,4,0.84950745,0.4679925489425658
123.5,642.0,3,313.0,2,51,65,0.0,0,0.0,28.0,7.0,4.0,17,RB,3.0,Ezekiel Elliott,2023,4,4.8290668,-1.8290667533874512
25.3,0.0,0,193.0,1,21,25,0.0,0,0.0,26.0,4.0,137.0,11,TE,4.078,Foster Moreau,2023,5,3.5890143,0.4889857082366946
61.5,0.0,0,495.0,2,47,70,0.0,0,0.0,30.0,7.0,110.0,15,TE,8.5,Tyler Higbee,2023,5,8.10321,0.39678955078125
81.30000000000001,387.0,3,206.0,1,28,39,0.0,0,0.0,25.0,4.0,113.0,16,RB,2.255,Justice Hill,2023,4,2.1561518,0.09884822845458974
103.2,700.0,0,192.0,3,30,44,0.0,0,0.0,25.0,4.0,102.0,16,RB,3.5,Alexander Mattison,2023,4,3.1811676,0.3188323974609375
62.1,0.0,0,381.0,4,35,45,0.0,0,0.0,30.0,8.0,20.0,16,WR,3.25,Nelson Agholor,2023,6,5.2778196,-2.0278196334838867
80.2,425.0,4,77.0,1,11,16,0.0,0,0.0,27.0,6.0,89.0,9,RB,2.0,D'Onta Foreman,2023,4,2.6563425,-0.6563425064086914
15.4,0.0,0,94.0,1,5,7,0.0,0,0.0,28.0,6.0,226.0,6,WR,1.08,David Moore,2023,6,2.1692998,-1.089299840927124
68.60000000000001,-1.0,0,567.0,2,33,55,0.0,0,0.0,27.0,6.0,239.0,10,WR,2.6,Noah Brown,2023,6,4.6949973,-2.0949973106384276
103.5,411.0,9,84.0,0,15,21,0.0,0,0.0,28.0,6.0,86.0,15,RB,1.35,Kareem Hunt,2023,4,1.7870383,-0.43703832626342765
25.700000000000003,176.0,0,81.0,0,14,17,0.0,0,0.0,27.0,5.0,134.0,13,RB,1.2325,Chase Edmonds,2023,4,1.7079815,-0.47548146724700935
215.0,1034.0,9,376.0,3,52,64,0.0,0,0.0,27.0,6.0,48.0,17,RB,5.75,Joe Mixon,2023,4,8.774351,-3.024351119995117
25.200000000000003,214.0,0,78.0,0,15,20,0.0,0,0.0,28.0,6.0,41.0,14,RB,0.3708,Dalvin Cook,2023,4,1.9517105,-1.5809104625701904
1.2,0.0,0,12.0,0,3,3,0.0,0,0.0,29.0,6.0,174.0,3,TE,1.08,Eric Saubert,2023,5,1.4386286,-0.3586285543441772
4.0,40.0,0,0.0,0,0,0,0.0,0,0.0,28.0,6.0,4.0,2,RB,0.2898,Leonard Fournette,2023,4,2.2190893,-1.9292892696380615
32.0,0.0,0,260.0,1,29,47,0.0,0,0.0,26.0,6.0,62.0,11,WR,8.5,JuJu Smith-Schuster,2023,6,6.0830817,2.4169182777404785
74.2,0.0,0,582.0,3,50,70,0.0,0,0.0,28.0,6.0,100.0,15,TE,7.5,Jonnu Smith,2023,5,7.6453056,-0.14530563354492188
48.68,54.0,2,0.0,0,0,0,632.0,4,5.0,29.0,6.0,2.0,5,QB,5.625,Mitchell Trubisky,2023,3,6.468683,-0.8436827659606934
-0.4,-4.0,0,0.0,0,0,0,0.0,0,0.0,29.0,6.0,171.0,1,QB,0.3708,Nathan Peterman,2023,3,0.56719226,-0.19639225645065306
24.4,0.0,0,184.0,1,18,32,0.0,0,0.0,30.0,5.0,25.0,9,TE,7.25,Hayden Hurst,2023,5,4.4053435,2.844656467437744
36.4,0.0,0,244.0,2,29,45,0.0,0,0.0,27.0,5.0,42.0,15,TE,4.5,Mike Gesicki,2023,5,5.4312043,-0.9312043190002441
9.6,14.0,0,82.0,0,11,14,0.0,0,0.0,28.0,6.0,172.0,9,WR,1.2325,Isaiah McKenzie,2023,6,1.9552476,-0.7227476406097413
3.8,33.0,0,5.0,0,1,1,0.0,0,0.0,27.0,5.0,27.0,3,RB,1.35,Rashaad Penny,2023,4,1.7827809,-0.43278088569641104
36.6,0.0,0,366.0,0,35,43,0.0,0,0.0,28.0,5.0,123.0,13,TE,3.875,Durham Smythe,2023,5,5.322676,-1.447676181793213
71.30000000000001,238.0,1,455.0,0,50,56,0.0,0,0.0,27.0,6.0,114.0,17,RB,3.75,Samaje Perine,2023,4,3.9872787,-0.23727869987487793
331.22,821.0,5,0.0,0,0,0,3678.0,24,7.0,26.0,5.0,32.0,16,QB,32.416,Lamar Jackson,2023,3,33.29884,-0.8828395690918001
202.66,421.0,6,0.0,0,0,0,2464.0,13,10.0,28.0,6.0,135.0,13,QB,2.0,Joshua Dobbs,2023,3,2.416335,-0.4163351058959961
80.5,0.0,0,525.0,5,35,66,0.0,0,0.0,26.0,5.0,61.0,14,WR,5.0,D.J. Chark,2023,6,9.713238,-4.713237762451172
42.8,306.0,1,62.0,0,18,20,0.0,0,0.0,28.0,6.0,134.0,13,RB,4.0,Jamaal Williams,2023,4,1.9260062,2.0739938020706177
39.56,8.0,0,0.0,0,0,0,719.0,3,0.0,28.0,5.0,76.0,4,QB,1.08,Mason Rudolph,2023,3,7.9976687,-6.917668743133545
21.46,35.0,0,0.0,0,0,0,349.0,1,0.0,29.0,6.0,104.0,6,QB,2.25,C.J. Beathard,2023,3,2.193663,0.05633711814880371
25.1,0.0,0,251.0,0,18,30,0.0,0,0.0,29.0,6.0,118.0,9,WR,2.5,Mack Hollins,2023,6,3.1189675,-0.6189675331115723
1.54,3.0,0,0.0,0,0,0,31.0,0,0.0,28.0,6.0,124.0,3,LB,1.75,Jalen Reeves-Maybin,2023,1,1.6255258,0.1244741678237915
26.12,56.0,1,0.0,0,0,0,163.0,2,1.0,30.0,7.0,2.0,1,QB,1.315,Carson Wentz,2023,3,2.6355698,-1.3205698108673096
16.7,81.0,1,46.0,0,3,3,0.0,0,0.0,30.0,8.0,15.0,4,RB,1.165,Melvin Gordon,2023,4,1.6295687,-0.46456869602203366
22.0,89.0,0,131.0,0,19,24,0.0,0,0.0,30.0,8.0,54.0,16,RB,1.75,Ameer Abdullah,2023,4,1.5997952,0.15020477771759033
6.9,0.0,0,69.0,0,3,6,0.0,0,0.0,30.0,8.0,76.0,1,WR,1.3175,Chris Conley,2023,6,2.448453,-1.1309529495239259
9.4,0.0,0,94.0,0,10,11,0.0,0,0.0,29.0,8.0,246.0,7,TE,1.7,Geoff Swaim,2023,5,2.5693583,-0.8693583488464356
28.1,0.0,0,161.0,2,11,16,0.0,0,0.0,26.0,4.0,208.0,9,WR,1.2325,Scott Miller,2023,6,2.3803625,-1.1478625106811524
21.9,0.0,0,159.0,1,16,20,0.0,0,0.0,30.0,8.0,105.0,7,WR,0.2898,Jamison Crowder,2023,6,2.3087006,-2.0189005615234374
26.96,40.0,0,0.0,0,0,0,724.0,2,4.0,31.0,8.0,250.0,5,QB,1.3175,Trevor Siemian,2023,3,1.8660078,-0.5485078048706056
7.9,69.0,0,10.0,0,7,9,0.0,0,0.0,25.0,4.0,182.0,14,RB,1.2325,Trayveon Williams,2023,4,1.2574472,-0.024947242736816477
196.2,100.0,3,0.0,0,0,0,3305.0,15,9.0,27.0,4.0,178.0,16,QB,3.5,Gardner Minshew,2023,3,6.431601,-2.931601047515869
0.0,0.0,0,0.0,0,0,3,0.0,0,0.0,30.0,8.0,29.0,2,WR,1.165,Phillip Dorsett,2023,6,2.2378645,-1.0728644943237304
67.56,144.0,1,0.0,0,0,0,1129.0,3,1.0,27.0,4.0,166.0,5,QB,1.8,Easton Stick,2023,3,3.5412748,-1.7412747859954834
6.6000000000000005,0.0,0,26.0,1,5,9,0.0,0,0.0,32.0,8.0,117.0,6,TE,1.3175,Blake Bell,2023,5,2.0746872,-0.7571872425079347
17.0,0.0,0,110.0,1,9,12,0.0,0,0.0,31.0,8.0,143.0,9,TE,1.215,MyCole Pruitt,2023,5,2.6222472,-1.4072472190856933
116.3,0.0,0,963.0,4,114,143,0.0,0,0.0,28.0,6.0,23.0,17,TE,11.345,Evan Engram,2023,5,11.394725,-0.04972484588622983
11.4,0.0,0,114.0,0,10,14,0.0,0,0.0,27.0,5.0,240.0,8,WR,1.2325,Richie James,2023,6,1.8861606,-0.6536606121063233
26.64,8.0,0,0.0,0,0,0,496.0,2,1.0,27.0,4.0,133.0,2,QB,5.0,Jarrett Stidham,2023,3,4.5027404,0.49725961685180664
167.60000000000002,1005.0,6,311.0,0,55,67,0.0,0,0.0,26.0,4.0,128.0,17,RB,10.091,Tony Pollard,2023,4,9.411003,0.6799968872070306
2.1,0.0,0,21.0,0,1,3,0.0,0,0.0,27.0,4.0,121.0,3,TE,1.2325,Trevon Wesco,2023,5,1.4158674,-0.18336744785308845
11.76,52.0,0,0.0,0,0,0,164.0,1,1.0,29.0,8.0,2.0,2,QB,5.0,Marcus Mariota,2023,3,5.112669,-0.11266899108886719
50.8,0.0,0,448.0,1,39,64,0.0,0,0.0,30.0,7.0,47.0,10,WR,10.0,Michael Thomas,2023,6,13.97517,-3.975170135498047
61.400000000000006,23.0,0,371.0,4,26,39,0.0,0,0.0,28.0,7.0,126.0,8,WR,1.165,Demarcus Robinson,2023,6,3.3119361,-2.1469361400604248
12.7,3.0,0,124.0,0,15,24,0.0,0,0.0,25.0,4.0,56.0,7,WR,4.0,Mecole Hardman,2023,6,3.3455992,0.6544008255004883
137.34,898.0,4,193.0,0,30,38,6.0,1,0.0,25.0,4.0,74.0,17,RB,2.75,Devin Singletary,2023,4,4.68899,-1.9389901161193848
31.3,0.0,0,213.0,2,22,28,0.0,0,0.0,26.0,4.0,69.0,12,TE,7.0,Josh Oliver,2023,5,4.454333,2.5456671714782715
12.3,6.0,0,57.0,1,10,22,0.0,0,0.0,30.0,7.0,40.0,10,WR,1.3175,Sterling Shepard,2023,6,3.3569086,-2.0394085597991944
60.6,432.0,1,154.0,0,27,41,0.0,0,0.0,26.0,4.0,53.0,16,RB,6.35,Miles Sanders,2023,4,4.517597,1.8324028015136715
23.4,0.0,0,234.0,0,25,31,0.0,0,0.0,28.0,7.0,81.0,16,TE,2.75,Austin Hooper,2023,5,3.268938,-0.5189380645751953
124.0,0.0,0,960.0,5,95,127,0.0,0,0.0,26.0,4.0,8.0,15,TE,16.5,T.J. Hockenson,2023,5,14.13798,2.3620195388793945
0.3,0.0,0,3.0,0,1,1,0.0,0,0.0,30.0,7.0,94.0,1,TE,1.215,Nick Vannett,2023,5,1.6266198,-0.41161981582641594
46.3,39.0,0,424.0,0,22,35,0.0,0,0.0,30.0,7.0,107.0,15,WR,1.3175,Chris Moore,2023,6,1.9941146,-0.676614637374878
13.94,33.0,0,0.0,0,0,0,166.0,2,2.0,30.0,7.0,207.0,1,QB,1.14,Jeff Driskel,2023,3,1.4690591,-0.3290591096878053
44.400000000000006,0.0,0,304.0,2,27,40,0.0,0,0.0,22.0,0.0,35.0,12,TE,2.32841,Michael Mayer,2023,5,2.211688,0.11672195831298815
33.3,156.0,1,117.0,0,10,11,0.0,0,0.0,21.0,0.0,71.0,7,RB,1.413578,Kendre Miller,2023,4,0.98700964,0.4265683554916382
190.1,945.0,10,316.0,1,52,71,0.0,0,0.0,21.0,0.0,12.0,15,RB,4.461285,Jahmyr Gibbs,2023,4,4.5744715,-0.11318647369384749
125.82,11.0,1,0.0,0,0,0,2218.0,12,7.0,24.0,0.0,135.0,11,QB,1.087345,Aidan O'Connell,2023,3,0.9899762,0.09736877271652222
13.7,13.0,0,64.0,0,7,9,0.0,0,0.0,24.0,0.0,131.0,5,WR,1.129694,Charlie Jones,2023,6,1.0125791,0.11711491655731199
77.30000000000001,0.0,0,673.0,2,73,91,0.0,0,0.0,23.0,0.0,25.0,16,TE,3.35676,Dalton Kincaid,2023,5,2.8239832,0.5327768075561523
22.700000000000003,101.0,0,66.0,0,15,17,0.0,0,0.0,22.0,0.0,125.0,14,WR,1.137982,Derius Davis,2023,6,0.8334344,0.3045475970573426
18.5,0.0,0,65.0,2,8,15,0.0,0,0.0,24.0,0.0,58.0,11,TE,1.56667,Luke Schoonmaker,2023,5,1.1676692,0.3990008229446411
0.2,0.0,0,2.0,0,1,2,0.0,0,0.0,23.0,0.0,219.0,2,WR,0.98919,Antoine Green,2023,6,0.68344533,0.30574466556549074
1.9,19.0,0,0.0,0,0,0,0.0,0,0.0,22.0,0.0,215.0,4,RB,0.993333,Zach Evans,2023,4,0.88455456,0.10877843504714968
9.499999999999998,0.0,0,35.0,1,5,9,0.0,0,0.0,22.0,0.0,61.0,5,TE,1.528586,Brenton Strange,2023,5,1.2895288,0.23905715325927734
8.0,40.0,0,40.0,0,7,7,0.0,0,0.0,21.0,0.0,212.0,6,RB,0.993333,Deuce Vaughn,2023,4,0.67576265,0.31757034664916994
7.479999999999999,30.0,1,0.0,0,0,0,62.0,0,2.0,24.0,0.0,139.0,6,QB,1.047656,Clayton Tune,2023,3,0.82793075,0.21972525153732292
0.3,0.0,0,3.0,0,1,2,0.0,0,0.0,24.0,0.0,228.0,2,WR,0.985674,Colton Dowell,2023,6,0.64851505,0.33715895435714727
15.4,0.0,0,94.0,1,9,15,0.0,0,0.0,23.0,0.0,147.0,8,TE,1.041342,Josh Whyle,2023,5,0.86929,0.17205200576019286
52.7,30.0,0,377.0,1,22,33,0.0,0,0.0,21.0,0.0,63.0,15,WR,1.517159,Marvin Mims,2023,6,1.2171602,0.29999877508544914
23.8,132.0,2,6.0,0,1,4,0.0,0,0.0,22.0,0.0,88.0,13,RB,1.34823,Tank Bigsby,2023,4,0.77062213,0.5776078657913208
2.120000000000001,14.0,0,0.0,0,0,0,168.0,0,1.0,25.0,0.0,164.0,3,QB,1.029818,Jaren Hall,2023,3,0.7837657,0.24605232636260976
20.700000000000003,0.0,0,207.0,0,18,26,0.0,0,0.0,24.0,0.0,162.0,11,TE,1.032648,Will Mallory,2023,5,0.81487614,0.21777186083602906
39.5,179.0,0,156.0,1,14,15,0.0,0,0.0,23.0,0.0,163.0,10,RB,1.031539,Chase Brown,2023,4,0.9066176,0.12492141815567015
86.8,0.0,0,628.0,4,63,93,0.0,0,0.0,21.0,0.0,20.0,17,WR,3.604327,Jaxon Smith-Njigba,2023,6,3.4093642,0.19496277651977545
188.3,976.0,4,487.0,4,58,86,0.0,0,0.0,21.0,0.0,8.0,17,RB,5.489636,Bijan Robinson,2023,4,5.447686,0.041949804626464804
58.2,41.0,0,561.0,0,49,79,0.0,0,0.0,22.0,0.0,210.0,14,WR,0.993333,Demario Douglas,2023,6,1.251575,-0.2582419931335449
22.1,65.0,0,0.0,0,0,0,440.0,1,4.0,23.0,0.0,140.0,7,QB,1.045567,Dorian Thompson-Robinson,2023,3,1.124949,-0.07938197842407235
35.6,0.0,0,116.0,4,15,25,0.0,0,0.0,23.0,0.0,206.0,9,WR,0.999848,Andrei Iosivas,2023,6,0.89569056,0.10415743965911861
0.0,0.0,0,0.0,0,0,0,0.0,0,0.0,39.0,18.0,24.0,1,QB,37.5,Aaron Rodgers,2023,3,30.221905,7.278095245361328
193.5,89.0,0,1486.0,6,105,160,0.0,0,0.0,22.0,0.0,177.0,17,WR,1.021245,Puka Nacua,2023,6,5.205408,-4.184163096313476
274.02,157.0,3,0.0,0,1,1,4108.0,23,5.0,21.0,0.0,2.0,15,QB,9.069811,C.J. Stroud,2023,3,9.137955,-0.06814371191406288
1.28,-2.0,0,0.0,0,0,0,37.0,0,0.0,25.0,0.0,149.0,2,QB,1.041045,Sean Clifford,2023,3,0.7479243,0.2931206721496582
156.38,253.0,0,0.0,0,0,0,2877.0,11,10.0,22.0,0.0,1.0,16,QB,9.488769,Bryce Young,2023,3,9.307679,0.18108982366943316
72.68,136.0,4,0.0,0,0,0,577.0,3,1.0,21.0,0.0,4.0,4,QB,8.498508,Anthony Richardson,2023,3,7.4103036,1.0882044073181145
153.2,119.0,2,793.0,8,64,94,0.0,0,0.0,23.0,0.0,50.0,16,WR,1.795195,Jayden Reed,2023,6,1.5425138,0.2526811526489259
80.76,1.0,0,581.0,4,39,58,14.0,0,0.0,22.0,0.0,159.0,15,WR,1.035636,Dontayvion Wicks,2023,6,1.3959258,-0.36028976026916504
18.9,41.0,0,168.0,0,17,32,0.0,0,0.0,21.0,0.0,133.0,13,WR,1.125862,Tyler Scott,2023,6,0.8746365,0.251225528728485
76.5,0.0,0,565.0,3,38,58,0.0,0,0.0,23.0,0.0,94.0,13,WR,1.334866,Michael Wilson,2023,6,1.2360606,0.09880538064575206
11.3,70.0,0,43.0,0,7,11,0.0,0,0.0,20.0,0.0,143.0,6,RB,1.044095,Israel Abanikanda,2023,4,0.8206955,0.22339948055267334
41.2,0.0,0,352.0,1,34,46,0.0,0,0.0,22.0,0.0,42.0,11,TE,2.118936,Luke Musgrave,2023,5,2.0247824,0.09415358079528824
7.0,48.0,0,22.0,0,6,7,0.0,0,0.0,23.0,0.0,172.0,5,RB,1.021245,Eric Gray,2023,4,0.65139115,0.36985385143280025
24.8,0.0,0,68.0,3,6,13,0.0,0,0.0,23.0,0.0,253.0,8,WR,0.979446,Ronnie Bell,2023,6,0.7396938,0.23975217952346806
15.5,0.0,0,95.0,1,10,11,0.0,0,0.0,22.0,0.0,175.0,4,TE,1.021245,Davis Allen,2023,5,0.8265777,0.19466727697372432
2.2,0.0,0,22.0,0,1,1,0.0,0,0.0,24.0,1.0,227.0,1,TE,0.87,Nick Muse,2023,5,0.65137404,0.21862595796585083
52.8,77.0,0,331.0,2,19,34,0.0,0,0.0,22.0,0.0,100.0,13,WR,1.326021,Tre Tucker,2023,6,0.9685666,0.35745440349197377
6.4,0.0,0,64.0,0,6,6,0.0,0,0.0,23.0,0.0,244.0,3,WR,0.980589,Jalen Brooks,2023,6,0.6957065,0.2848825132980347
129.4,56.0,1,858.0,5,77,108,0.0,0,0.0,22.0,0.0,22.0,16,WR,3.50911,Zay Flowers,2023,6,2.8055594,0.7035506032562258
37.3,0.0,0,373.0,0,23,40,0.0,0,0.0,21.0,0.0,73.0,13,WR,1.406329,Jalin Hyatt,2023,6,1.2001685,0.20616050959014887
6.1000000000000005,0.0,0,61.0,0,7,10,0.0,0,0.0,22.0,0.0,93.0,8,TE,1.338478,Darnell Washington,2023,5,0.9660178,0.3724602173118592
69.18,83.0,1,0.0,0,0,0,1272.0,6,9.0,24.0,1.0,137.0,10,QB,0.216,Bailey Zappe,2023,3,-0.00047617825,0.21647617824748158
151.3,2.0,0,911.0,10,70,108,0.0,0,0.0,21.0,0.0,23.0,17,WR,3.432934,Jordan Addison,2023,6,3.093339,0.339595033630371
23.200000000000003,8.0,0,224.0,0,21,44,0.0,0,0.0,23.0,0.0,74.0,11,WR,1.402616,Cedric Tillman,2023,6,1.2763722,0.12624380570983895
118.0,51.0,0,709.0,7,47,75,0.0,0,0.0,23.0,0.0,69.0,10,WR,1.422276,Tank Dell,2023,6,3.2140636,-1.7917876444091796
18.3,65.0,1,58.0,0,3,3,0.0,0,0.0,22.0,1.0,183.0,4,RB,0.216,Kevin Harris,2023,4,0.6176319,-0.40163191223144534
48.6,0.0,0,246.0,4,12,18,0.0,0,0.0,23.0,0.0,195.0,8,WR,1.004091,A.T. Perry,2023,6,0.7529562,0.251134788433075
1.9,0.0,0,19.0,0,2,7,0.0,0,0.0,21.0,0.0,187.0,3,WR,1.006816,Kayshon Boutte,2023,6,0.71273845,0.2940775456581115
101.8,453.0,2,385.0,1,52,70,0.0,0,0.0,22.0,0.0,81.0,17,RB,1.372651,Tyjae Spears,2023,4,0.81544423,0.5572067689666749
8.9,0.0,0,29.0,1,4,5,0.0,0,0.0,39.0,17.0,28.0,5,TE,2.0,Marcedes Lewis,2023,5,3.5153518,-1.5153517723083496
41.8,0.0,0,418.0,0,43,85,0.0,0,0.0,22.0,0.0,39.0,15,WR,2.214152,Jonathan Mingo,2023,6,2.0072541,0.20689787631225576
133.5,-3.0,0,938.0,7,79,102,0.0,0,0.0,23.0,0.0,55.0,16,WR,1.623805,Rashee Rice,2023,6,1.4717119,0.15209312599182123
68.1,352.0,2,209.0,0,34,40,0.0,0,0.0,22.0,0.0,115.0,15,RB,1.152172,Roschon Johnson,2023,4,0.78126144,0.3709105559082031
89.10000000000001,0.0,0,771.0,2,68,98,0.0,0,0.0,22.0,0.0,79.0,17,WR,1.380114,Josh Downs,2023,6,1.3081993,0.0719147135391236
153.3,4.0,0,889.0,10,86,120,0.0,0,0.0,22.0,0.0,34.0,17,TE,2.3665,Sam LaPorta,2023,5,2.190937,0.1755629577636717
13.9,49.0,0,90.0,0,8,19,0.0,0,0.0,23.0,0.0,205.0,11,WR,1.000925,Xavier Hutchinson,2023,6,0.8017934,0.19913160352706916
10.000000000000002,74.0,0,26.0,0,4,4,0.0,0,0.0,23.0,1.0,201.0,7,RB,0.216,Keaontay Ingram,2023,4,0.71758795,-0.501587947845459
0.7000000000000001,1.0,0,6.0,0,1,1,0.0,0,0.0,22.0,0.0,176.0,1,RB,1.021245,Evan Hull,2023,4,0.68133605,0.3399089547348022
102.02,57.0,1,0.0,0,0,0,1808.0,8,4.0,24.0,0.0,33.0,9,QB,2.385541,Will Levis,2023,3,2.4275608,-0.04201980627441415
56.7,22.0,0,385.0,3,39,68,0.0,0,0.0,22.0,0.0,191.0,17,WR,1.004824,Trey Palmer,2023,6,0.6883935,0.31643052637481683
23.200000000000003,0.0,0,132.0,2,16,21,0.0,0,0.0,21.0,0.0,185.0,6,WR,1.008066,Parker Washington,2023,6,0.85024786,0.15781814004516592
56.0,9.0,0,431.0,2,38,67,0.0,0,0.0,21.0,0.0,21.0,17,WR,3.547197,Quentin Johnston,2023,6,3.204625,0.3425721087188722
2.1,21.0,0,0.0,0,0,0,0.0,0,0.0,22.0,1.0,93.0,1,RB,0.216,Tyrion Davis-Price,2023,4,0.80731577,-0.5913157668113709
47.5,0.0,0,355.0,2,31,40,0.0,0,0.0,22.0,0.0,78.0,10,TE,1.384483,Tucker Kraft,2023,5,1.209306,0.1751769983367919
5.800000000000001,0.0,0,58.0,0,5,7,0.0,0,0.0,23.0,0.0,171.0,6,TE,1.021245,Payne Durham,2023,5,0.7873756,0.2338693710517883
39.68,91.0,2,145.0,0,18,32,2.0,1,0.0,26.0,4.0,210.0,15,WR,6.0,Braxton Berrios,2022,6,3.3615825,2.6384174823760986
6.2,0.0,0,62.0,0,5,6,0.0,0,0.0,26.0,5.0,207.0,5,WR,0.965,Equanimeous St. Brown,2023,6,1.6279775,-0.6629774904251099
41.7,54.0,0,323.0,1,21,38,0.0,0,0.0,25.0,4.0,207.0,16,WR,0.965,Equanimeous St. Brown,2022,6,3.4655216,-2.500521574020386
38.8,0.0,0,268.0,2,22,36,0.0,0,0.0,24.0,1.0,88.0,13,WR,1.28393,Jalen Tolbert,2023,6,1.0245788,0.25935119026184084
81.5,6.0,0,569.0,4,57,70,0.0,0,0.0,26.0,4.0,240.0,14,WR,1.065,Richie James,2022,6,3.2090726,-2.1440725898742676
1.7999999999999998,8.0,0,0.0,0,0,0,225.0,0,4.0,33.0,10.0,88.0,2,QB,3.1,Nick Foles,2022,3,3.157135,-0.05713500976562491
35.5,0.0,0,315.0,1,21,42,0.0,0,0.0,28.0,5.0,174.0,16,WR,10.0,Marquez Valdes-Scantling,2023,6,4.7990284,5.200971603393555
1.2000000000000002,0.0,0,12.0,0,2,3,0.0,0,0.0,23.0,0.0,88.0,2,WR,1.28393,Jalen Tolbert,2022,6,0.9329483,0.3509817086982727
63.400000000000006,0.0,0,514.0,2,32,65,0.0,0,0.0,23.0,1.0,53.0,17,WR,1.650336,Alec Pierce,2023,6,1.9544655,-0.3041295084609985
71.3,0.0,0,593.0,2,41,78,0.0,0,0.0,22.0,0.0,53.0,16,WR,1.650336,Alec Pierce,2022,6,1.3741997,0.2761362519607544
80.4,-3.0,0,687.0,2,42,81,0.0,0,0.0,27.0,4.0,174.0,17,WR,10.0,Marquez Valdes-Scantling,2022,6,8.843882,1.156118392944336
13.000000000000002,117.0,0,33.0,0,6,8,0.0,0,0.0,26.0,4.0,71.0,4,RB,0.3582,Royce Freeman,2022,4,2.1227975,-1.7645974891662597
8.26,7.0,0,0.0,0,0,0,139.0,1,1.0,28.0,5.0,171.0,3,QB,0.3958,Nathan Peterman,2022,3,2.413886,-2.018086070251465
0.0,0.0,0,0.0,0,0,0,0.0,0,0.0,33.0,10.0,70.0,1,P,3.0,Bryan Anger,2022,2,2.6459177,0.3540823459625244
208.6,-3.0,0,1429.0,11,108,154,0.0,0,0.0,28.0,7.0,146.0,16,WR,24.0,Stefon Diggs,2022,6,18.485258,5.514741897583008
66.2,0.0,0,362.0,5,32,52,0.0,0,0.0,26.0,4.0,42.0,17,TE,10.931,Mike Gesicki,2022,5,8.025778,2.9052221832275382
166.8,5.0,0,1183.0,8,107,160,0.0,0,0.0,29.0,8.0,146.0,17,WR,24.0,Stefon Diggs,2023,6,20.551334,3.4486656188964844
53.400000000000006,0.0,0,414.0,2,52,68,0.0,0,0.0,29.0,4.0,25.0,13,TE,3.5,Hayden Hurst,2022,5,5.5207996,-2.0207996368408203
126.4,52.0,1,812.0,6,75,98,0.0,0,0.0,29.0,5.0,69.0,9,WR,26.7,Cooper Kupp,2022,6,24.80787,1.8921291351318352
2.0,0.0,0,0.0,0,0,0,0.0,0,0.0,34.0,11.0,70.0,1,P,3.0,Bryan Anger,2023,2,2.3180642,0.6819357872009277
39.0,0.0,0,150.0,4,16,21,0.0,0,0.0,30.0,7.0,143.0,10,TE,1.035,MyCole Pruitt,2022,5,3.230958,-2.1959579849243163
41.2,217.0,3,15.0,0,5,6,0.0,0,0.0,27.0,4.0,201.0,13,RB,1.75,Boston Scott,2022,4,2.4848616,-0.7348616123199463
105.4,-3.0,0,737.0,5,59,95,0.0,0,0.0,30.0,6.0,69.0,12,WR,26.7,Cooper Kupp,2023,6,21.138273,5.561726760864257
12.1,0.0,0,121.0,0,7,10,0.0,0,0.0,32.0,10.0,92.0,3,WR,2.9,T.Y. Hilton,2022,6,3.8355186,-0.9355185985565186
149.74,25.0,0,0.0,0,0,0,2331.0,18,5.0,35.0,11.0,102.0,8,QB,35.0,Kirk Cousins,2023,3,34.747177,0.2528228759765625
291.58,97.0,2,0.0,0,0,0,4547.0,29,14.0,34.0,10.0,102.0,17,QB,35.0,Kirk Cousins,2022,3,33.924175,1.0758247375488281
56.8,0.0,0,388.0,3,28,43,0.0,0,0.0,29.0,7.0,204.0,8,TE,17.0,Darren Waller,2022,5,9.106243,7.893756866455078
61.2,0.0,0,552.0,1,52,74,0.0,0,0.0,30.0,8.0,204.0,12,TE,17.0,Darren Waller,2023,5,13.950377,3.0496225357055664
13.6,8.0,0,8.0,2,5,8,0.0,0,0.0,23.0,0.0,260.0,8,RB,0.934253,Zander Horvath,2022,4,0.80153394,0.13271906254577637
95.6,-7.0,0,523.0,7,35,61,0.0,0,0.0,22.0,0.0,16.0,12,WR,3.762089,Jahan Dotson,2022,6,3.6646605,0.0974285462036133
1.2000000000000002,0.0,0,12.0,0,1,1,0.0,0,0.0,23.0,1.0,213.0,1,TE,0.948003,John FitzPatrick,2023,5,0.64584607,0.3021569311408997
-0.3199999999999998,6.0,0,0.0,0,0,0,27.0,0,1.0,28.0,5.0,249.0,1,QB,0.9525,Logan Woodside,2023,3,1.6978239,-0.7453238821029663
16.700000000000003,0.0,0,167.0,0,23,34,0.0,0,0.0,24.0,1.0,208.0,11,TE,0.953806,Connor Heyward,2023,5,0.91518307,0.0386229326782227
2.2,18.0,0,4.0,0,2,2,0.0,0,0.0,29.0,7.0,126.0,5,RB,1.2725,Mike Davis,2022,4,0.8819722,0.3905278062820434
23.8,27.0,0,151.0,1,12,17,0.0,0,0.0,23.0,0.0,208.0,8,TE,0.953806,Connor Heyward,2022,5,0.87614447,0.07766153121566777
14.099999999999998,60.0,1,21.0,0,4,5,0.0,0,0.0,22.0,0.0,201.0,10,RB,0.957647,Keaontay Ingram,2022,4,0.7344447,0.2232023221702576
7.700000000000001,15.0,0,62.0,0,6,10,0.0,0,0.0,28.0,5.0,177.0,6,WR,1.135,Trent Taylor,2022,6,1.9263189,-0.791318883895874
8.0,0.0,0,20.0,1,2,2,0.0,0,0.0,31.0,7.0,117.0,2,TE,1.2725,Blake Bell,2022,5,1.4563301,-0.18383006095886234
47.6,0.0,0,416.0,1,35,56,0.0,0,0.0,25.0,2.0,217.0,16,WR,0.825,Jauan Jennings,2022,6,0.75968844,0.06531156301498409
14.3,-7.0,0,110.0,1,9,19,0.0,0,0.0,28.0,7.0,26.0,8,WR,1.2725,Breshad Perriman,2022,6,1.7409387,-0.46843866348266605
7.4,0.0,0,74.0,0,4,6,0.0,0,0.0,24.0,2.0,214.0,3,WR,0.9525,Freddie Swain,2022,6,0.65113544,0.30136455535888673
81.5,0.0,0,555.0,4,58,87,0.0,0,0.0,28.0,5.0,44.0,15,TE,6.0,Gerald Everett,2022,5,7.880703,-1.8807029724121094
19.0,26.0,1,44.0,1,3,3,0.0,0,0.0,29.0,7.0,73.0,2,RB,1.5,Tevin Coleman,2022,4,2.196782,-0.696782112121582
121.42,89.0,1,0.0,0,0,0,2163.0,10,8.0,27.0,4.0,1.0,12,QB,15.358,Baker Mayfield,2022,3,17.825949,-2.4679487152099604
6.2,0.0,0,2.0,1,1,5,0.0,0,0.0,25.0,1.0,218.0,3,TE,0.948003,Ko Kieft,2023,5,0.6097742,0.33822882769393925
14.0,0.0,0,80.0,1,7,10,0.0,0,0.0,24.0,0.0,218.0,8,TE,0.948003,Ko Kieft,2022,5,0.8999673,0.048035687187194864
4.6000000000000005,0.0,0,46.0,0,4,7,0.0,0,0.0,29.0,7.0,76.0,4,WR,2.0,Chris Conley,2022,6,2.128661,-0.1286609172821045
26.7,0.0,0,147.0,2,9,21,0.0,0,0.0,25.0,1.0,192.0,10,TE,0.959548,Andrew Ogletree,2023,5,0.6610043,0.2985436951141357
32.5,0.0,0,265.0,1,29,39,0.0,0,0.0,22.0,0.0,55.0,9,TE,1.574915,Trey McBride,2022,5,1.556072,0.01884300331115729
100.5,0.0,0,825.0,3,81,106,0.0,0,0.0,23.0,1.0,55.0,17,TE,1.574915,Trey McBride,2023,5,1.3142251,0.2606899223709107
49.2,0.0,0,312.0,3,25,40,0.0,0,0.0,23.0,0.0,73.0,12,TE,1.343121,Jelani Woods,2022,5,1.1209104,0.2222105938873291
23.9,18.0,0,221.0,0,16,30,0.0,0,0.0,23.0,1.0,18.0,9,WR,3.592398,Treylon Burks,2023,6,2.6535378,0.9388602497558596
29.1,20.0,0,211.0,1,25,32,0.0,0,0.0,29.0,7.0,54.0,13,RB,1.1875,Ameer Abdullah,2022,4,2.2979007,-1.110400676727295
9.7,64.0,0,33.0,0,1,1,0.0,0,0.0,24.0,2.0,93.0,3,RB,0.895,Darrynton Evans,2022,4,0.7458767,0.14912327051162722
2.9000000000000004,0.0,0,29.0,0,3,6,0.0,0,0.0,24.0,1.0,191.0,2,WR,0.960165,Jalen Nailor,2023,6,0.6912479,0.26891711954116826
75.8,0.0,0,518.0,4,49,83,0.0,0,0.0,23.0,1.0,16.0,17,WR,3.762089,Jahan Dotson,2023,6,3.4394922,0.32259677435302736
23.9,0.0,0,179.0,1,9,13,0.0,0,0.0,23.0,0.0,191.0,5,WR,0.960165,Jalen Nailor,2022,6,0.762763,0.1974019766235352
87.34,197.0,0,0.0,0,0,0,1341.0,5,3.0,34.0,12.0,180.0,10,QB,5.5,Tyrod Taylor,2023,3,5.277265,0.22273492813110352
0.6000000000000001,0.0,0,6.0,0,1,1,0.0,0,0.0,24.0,1.0,188.0,1,LB,0.961982,Malcolm Rodriguez,2023,1,0.6454916,0.3164903999633789
11.32,70.0,0,0.0,0,0,0,58.0,1,1.0,33.0,11.0,180.0,2,QB,5.5,Tyrod Taylor,2022,3,3.4057233,2.0942766666412354
55.1,47.0,0,444.0,1,33,54,0.0,0,0.0,22.0,0.0,18.0,11,WR,3.592398,Treylon Burks,2022,6,2.6688454,0.9235525848846438
46.2,37.0,0,245.0,3,19,41,0.0,0,0.0,26.0,4.0,44.0,14,WR,1.035,Dante Pettis,2022,6,2.981785,-1.9467850589752198
0.6000000000000001,0.0,0,6.0,0,2,2,0.0,0,0.0,28.0,5.0,251.0,2,TE,0.3582,Mason Schreck,2022,5,1.9596908,-1.6014908092498779
73.5,3.0,0,552.0,3,58,87,0.0,0,0.0,27.0,4.0,157.0,17,TE,6.75,Tyler Conklin,2022,5,6.785604,-0.035604000091552734
2.4000000000000004,0.0,0,24.0,0,2,6,0.0,0,0.0,24.0,2.0,212.0,1,WR,0.199222,Dezmon Patmon,2022,6,0.669104,-0.4698819800643921
60.1,10.0,0,411.0,3,51,70,0.0,0,0.0,29.0,6.0,44.0,15,TE,6.0,Gerald Everett,2023,5,6.2921486,-0.2921485900878906
239.2,94.0,1,0.0,0,0,0,3695.0,26,12.0,38.0,17.0,24.0,17,QB,50.271667,Aaron Rodgers,2022,3,29.174213,21.097453590576173
15.9,106.0,0,53.0,0,9,13,0.0,0,0.0,27.0,4.0,31.0,10,RB,1.035,Sony Michel,2022,4,1.3326544,-0.297654356956482
63.2,0.0,0,392.0,4,37,48,0.0,0,0.0,23.0,2.0,207.0,9,WR,0.7875,Isaiah Hodgins,2022,6,0.69739324,0.09010676145553587
17.46,21.0,0,0.0,0,0,0,534.0,1,3.0,25.0,0.0,247.0,7,QB,0.935552,Skylar Thompson,2022,3,1.6445627,-0.7090107212524414
256.90000000000003,341.0,3,0.0,0,0,0,3070.0,26,8.0,34.0,11.0,75.0,15,QB,49.0,Russell Wilson,2023,3,44.2029,4.797100067138672
62.1,0.0,0,621.0,0,61,87,0.0,0,0.0,28.0,5.0,157.0,17,TE,6.75,Tyler Conklin,2023,5,7.346213,-0.5962128639221191
224.76,277.0,3,1.0,0,1,1,3524.0,16,11.0,33.0,10.0,75.0,15,QB,49.0,Russell Wilson,2022,3,17.169895,31.83010482788086
0.3599999999999999,0.0,0,0.0,0,0,0,59.0,0,1.0,24.0,2.0,122.0,1,QB,0.283444,Jacob Eason,2022,3,0.9477773,-0.6643332712707519
6.0,0.0,0,60.0,0,6,13,0.0,0,0.0,29.0,7.0,105.0,4,WR,2.0,Jamison Crowder,2022,6,1.8774664,0.12253355979919434
132.7,4.0,0,1103.0,4,83,147,0.0,0,0.0,22.0,0.0,10.0,17,WR,5.138502,Garrett Wilson,2022,6,5.1890173,-0.05051529583740244
118.2,0.0,0,1042.0,3,95,168,0.0,0,0.0,23.0,1.0,10.0,17,WR,5.138502,Garrett Wilson,2023,6,5.581972,-0.4434701221923829
190.5,21.0,1,1364.0,8,96,136,0.0,0,0.0,26.0,5.0,24.0,17,WR,20.628,D.J. Moore,2023,6,18.39943,2.2285706787109376
127.2,760.0,6,132.0,0,27,35,0.0,0,0.0,32.0,9.0,181.0,13,RB,0.306,Latavius Murray,2022,4,2.1449742,-1.8389742317199707
183.7,225.0,5,892.0,7,60,89,0.0,0,0.0,27.0,4.0,36.0,15,WR,23.85,Deebo Samuel,2023,6,11.753974,12.096026039123537
154.2,782.0,7,300.0,1,46,58,0.0,0,0.0,27.0,5.0,105.0,13,RB,7.0,James Conner,2022,4,7.027486,-0.02748584747314453
79.5,0.0,0,495.0,5,37,54,0.0,0,0.0,30.0,4.0,98.0,15,TE,0.3958,Jordan Akins,2022,5,5.2921968,-4.896396750640869
112.4,232.0,3,632.0,2,56,94,0.0,0,0.0,26.0,3.0,36.0,13,WR,23.85,Deebo Samuel,2022,6,7.646677,16.203322982788087
56.58,9.0,1,0.0,0,0,0,1192.0,3,4.0,27.0,4.0,171.0,4,QB,2.54,Mike White,2022,3,3.161331,-0.6213309383392334
66.4,0.0,0,424.0,4,39,74,0.0,0,0.0,26.0,4.0,81.0,14,WR,11.5,Michael Gallup,2022,6,8.9136505,2.5863494873046875
53.8,0.0,0,418.0,2,34,57,0.0,0,0.0,27.0,5.0,81.0,16,WR,11.5,Michael Gallup,2023,6,6.617352,4.88264799118042
97.16,40.0,0,690.0,4,57,94,4.0,0,0.0,28.0,5.0,118.0,17,WR,2.0,Mack Hollins,2022,6,8.5847845,-6.584784507751465
174.5,1040.0,7,165.0,2,27,33,0.0,0,0.0,28.0,6.0,105.0,13,RB,7.0,James Conner,2023,4,6.1303253,0.8696746826171875
33.800000000000004,0.0,0,278.0,1,19,27,0.0,0,0.0,26.0,4.0,91.0,9,WR,3.0,Tre'Quan Smith,2022,6,4.036869,-1.0368690490722656
126.2,38.0,1,1024.0,2,83,130,0.0,0,0.0,27.0,6.0,84.0,17,WR,20.0,Chris Godwin,2023,6,19.197542,0.8024578094482422
31.200000000000003,3.0,0,249.0,1,19,26,0.0,0,0.0,28.0,6.0,7.0,3,WR,20.0,Mike Williams,2023,6,6.3987455,13.6012544631958
159.9,11.0,0,1108.0,8,84,133,0.0,0,0.0,25.0,4.0,47.0,17,WR,18.0,Christian Kirk,2022,6,17.196064,0.8039360046386719
93.26,6.0,0,787.0,3,57,85,-1.0,0,0.0,26.0,5.0,47.0,12,WR,18.0,Christian Kirk,2023,6,15.007714,2.99228572845459
113.5,0.0,0,895.0,4,63,93,0.0,0,0.0,27.0,5.0,7.0,13,WR,20.0,Mike Williams,2022,6,17.635298,2.3647022247314453
68.2,0.0,0,502.0,3,30,52,0.0,0,0.0,25.0,4.0,61.0,11,WR,10.0,D.J. Chark,2022,6,7.86341,2.136590003967285
20.84,44.0,0,0.0,0,0,0,411.0,2,2.0,27.0,5.0,135.0,2,QB,1.1875,Joshua Dobbs,2022,3,2.8615603,-1.674060344696045
2.7,28.0,0,-1.0,0,2,2,0.0,0,0.0,30.0,9.0,37.0,2,RB,1.2725,Giovani Bernard,2022,4,2.0597,-0.7872000122070313
38.02,27.0,0,0.0,0,0,0,683.0,4,4.0,29.0,8.0,32.0,5,QB,6.5,Teddy Bridgewater,2022,3,5.903492,0.5965080261230469
85.58,175.0,1,0.0,0,0,0,1102.0,7,5.0,26.0,5.0,12.0,6,QB,46.0,Deshaun Watson,2022,3,44.675014,1.3249855041503906
86.8,142.0,1,0.0,0,0,0,1115.0,7,4.0,27.0,6.0,12.0,6,QB,46.0,Deshaun Watson,2023,3,42.12319,3.8768081665039062
20.82,41.0,1,0.0,0,0,0,168.0,1,0.0,27.0,5.0,87.0,1,QB,0.321666,Davis Webb,2022,3,2.492722,-2.1710560344543457
1.7000000000000002,0.0,0,17.0,0,1,4,0.0,0,0.0,25.0,3.0,187.0,3,WR,0.207,Juwann Winfree,2022,6,0.5296389,-0.32263888645172123
88.80000000000001,0.0,0,608.0,5,40,64,0.0,0,0.0,28.0,6.0,117.0,16,WR,3.0,Josh Reynolds,2023,6,5.682256,-2.6822562217712402
65.9,0.0,0,479.0,3,38,59,0.0,0,0.0,27.0,5.0,117.0,12,WR,3.0,Josh Reynolds,2022,6,5.4558907,-2.455890655517578
88.6,7.0,0,699.0,3,57,93,0.0,0,0.0,28.0,8.0,20.0,13,WR,19.882353,Brandin Cooks,2022,6,12.383473,7.498879603698729
0.0,0.0,0,0.0,0,0,1,0.0,0,0.0,26.0,4.0,60.0,1,WR,1.1875,James Washington,2022,6,1.794043,-0.6065429449081421
43.5,0.0,0,315.0,2,15,34,0.0,0,0.0,26.0,4.0,144.0,17,WR,1.035,Justin Watson,2022,6,2.497141,-1.4621408843994141
126.0,914.0,5,26.0,0,5,9,0.0,0,0.0,26.0,5.0,89.0,16,RB,2.0,D'Onta Foreman,2022,4,4.3209386,-2.3209385871887207
27.9,181.0,0,38.0,1,9,12,0.0,0,0.0,32.0,10.0,29.0,12,RB,5.25,Cordarrelle Patterson,2023,4,2.7852,2.4647998809814453
133.70000000000002,695.0,8,122.0,0,21,31,0.0,0,0.0,31.0,9.0,29.0,13,RB,5.25,Cordarrelle Patterson,2022,4,3.940137,1.3098630905151367
85.7,0.0,0,577.0,5,57,89,0.0,0,0.0,26.0,4.0,137.0,15,TE,10.931,Dalton Schultz,2022,5,8.184061,2.74693894958496
211.6,0.0,0,1496.0,11,88,145,0.0,0,0.0,25.0,3.0,51.0,17,WR,25.0,A.J. Brown,2022,6,22.261778,2.738222122192383
20.8,0.0,0,148.0,1,15,24,0.0,0,0.0,28.0,5.0,174.0,11,TE,1.1875,Eric Saubert,2022,5,2.821295,-1.6337950229644775
183.6,0.0,0,1456.0,7,106,158,0.0,0,0.0,26.0,4.0,51.0,17,WR,25.0,A.J. Brown,2023,6,24.495731,0.5042686462402344
303.88,366.0,1,0.0,0,0,0,4282.0,30,11.0,31.0,9.0,39.0,17,QB,3.5,Geno Smith,2022,3,9.355266,-5.8552656173706055
71.5,0.0,0,555.0,3,43,74,0.0,0,0.0,26.0,5.0,239.0,15,WR,1.1875,Noah Brown,2022,6,4.2838116,-3.096311569213867
124.2,0.0,0,1002.0,4,79,132,0.0,0,0.0,27.0,4.0,76.0,17,WR,23.2,Terry McLaurin,2023,6,20.018858,3.181142044067382
152.0,29.0,0,1191.0,5,77,120,0.0,0,0.0,26.0,3.0,76.0,17,WR,23.2,Terry McLaurin,2022,6,19.24643,3.9535705566406243
0.0,0.0,0,20.0,0,1,1,0.0,0,0.0,25.0,4.0,103.0,1,WR,0.2772,Keke Coutee,2022,6,1.5542042,-1.277004225540161
8.700000000000001,58.0,0,29.0,0,6,8,0.0,0,0.0,28.0,4.0,169.0,4,RB,0.2772,Jordan Wilkins,2022,4,1.3846362,-1.1074361637115477
10.2,0.0,0,42.0,1,1,2,0.0,0,0.0,32.0,8.0,91.0,2,WR,0.2772,John Brown,2022,6,1.6014646,-1.3242646291732787
19.700000000000003,0.0,0,197.0,0,21,30,0.0,0,0.0,26.0,4.0,101.0,13,TE,5.65,Ian Thomas,2022,5,4.154001,1.4959987640380863
87.7,0.0,0,517.0,6,48,65,0.0,0,0.0,25.0,3.0,96.0,15,TE,13.0,Dawson Knox,2022,5,7.6707244,5.329275608062744
32.6,0.0,0,186.0,2,22,36,0.0,0,0.0,26.0,4.0,96.0,10,TE,13.0,Dawson Knox,2023,5,8.174435,4.825565338134766
58.2,245.0,2,157.0,1,16,24,0.0,0,0.0,26.0,4.0,134.0,13,RB,6.05,Chase Edmonds,2022,4,2.2418377,3.808162260055542
48.2,346.0,2,16.0,0,4,5,0.0,0,0.0,26.0,4.0,27.0,5,RB,5.75,Rashaad Penny,2022,4,3.3289397,2.42106032371521
16.200000000000003,4.0,0,158.0,0,16,30,0.0,0,0.0,23.0,1.0,44.0,14,WR,2.017544,John Metchie III,2023,6,1.6660987,0.3514452861251831
43.92,16.0,0,0.0,0,0,0,858.0,4,5.0,28.0,7.0,1.0,3,QB,14.0,Jameis Winston,2022,3,14.739817,-0.7398166656494141
72.60000000000001,0.0,0,426.0,5,51,70,0.0,0,0.0,26.0,4.0,194.0,13,WR,10.0,Russell Gage,2022,6,7.7399306,2.2600693702697754
63.2,5.0,0,387.0,4,27,42,0.0,0,0.0,31.0,9.0,78.0,12,WR,1.2725,Marquise Goodwin,2022,6,3.8147974,-2.5422974014282227
7.4,0.0,0,74.0,0,2,5,0.0,0,0.0,30.0,7.0,7.0,4,WR,1.035,Kevin White,2022,6,1.3035355,-0.26853546142578133
2.2,1.0,0,21.0,0,2,5,0.0,0,0.0,25.0,3.0,62.0,3,WR,0.3582,Andy Isabella,2022,6,1.1727813,-0.8145813482284545
2.6,0.0,0,26.0,0,4,8,0.0,0,0.0,32.0,9.0,201.0,7,TE,2.25,Ryan Griffin,2022,5,2.3609638,-0.11096382141113281
51.900000000000006,0.0,0,339.0,3,33,52,0.0,0,0.0,29.0,8.0,61.0,10,WR,15.5,Allen Robinson,2022,6,8.893949,6.606051445007324
77.8,55.0,1,423.0,4,42,65,0.0,0,0.0,27.0,5.0,172.0,15,WR,2.2,Isaiah McKenzie,2022,6,3.9190366,-1.7190366268157957
68.6,0.0,0,406.0,4,47,69,0.0,0,0.0,31.0,9.0,35.0,10,TE,10.55,Zach Ertz,2022,5,11.090602,-0.5406019210815423
1.8000000000000005,0.0,0,18.0,0,3,3,0.0,0,0.0,28.0,7.0,55.0,2,TE,0.293844,Maxx Williams,2022,5,1.8548809,-1.561036928993225
136.10000000000002,53.0,0,888.0,7,63,118,0.0,0,0.0,25.0,4.0,24.0,17,WR,20.628,D.J. Moore,2022,6,16.937931,3.6900689392089845
0.4,4.0,0,0.0,0,0,0,0.0,0,0.0,26.0,4.0,148.0,1,LB,2.54,Marcus Allen,2022,1,1.8065639,0.7334361457824707
25.0,1.0,1,129.0,1,15,20,0.0,0,0.0,27.0,4.0,123.0,12,TE,3.5,Durham Smythe,2022,5,2.8647451,0.6352548599243164
164.78,33.0,2,0.0,0,0,0,2437.0,16,4.0,30.0,8.0,62.0,11,QB,7.0,Jimmy Garoppolo,2022,3,8.057094,-1.057093620300293
30.3,84.0,1,99.0,1,8,10,0.0,0,0.0,26.0,5.0,143.0,5,RB,2.0,Marlon Mack,2022,4,1.8971232,0.10287678241729736
30.5,0.0,0,325.0,0,16,27,0.0,0,0.0,29.0,8.0,4.0,9,WR,1.85,Sammy Watkins,2022,6,3.8887725,-2.0387724876403808
219.08,102.0,0,0.0,0,0,0,3522.0,24,14.0,31.0,8.0,36.0,15,QB,40.47416,Derek Carr,2022,3,21.129599,19.344561382446287
140.3,291.0,1,512.0,9,56,71,0.0,0,0.0,30.0,8.0,96.0,17,RB,1.1875,Jerick McKinnon,2022,4,9.26766,-8.080160140991211
82.4,0.0,0,724.0,2,46,71,0.0,0,0.0,25.0,3.0,171.0,13,WR,0.965,Darius Slayton,2022,6,2.108247,-1.1432470417022706
44.1,78.0,1,243.0,1,14,25,0.0,0,0.0,25.0,4.0,187.0,14,WR,2.0,Ray-Ray McCloud,2022,6,1.7841872,0.2158128023147583
16.5,30.0,0,135.0,0,12,15,0.0,0,0.0,26.0,5.0,187.0,7,WR,2.0,Ray-Ray McCloud,2023,6,1.9677038,0.032296180725097656
0.4,0.0,0,4.0,0,1,4,0.0,0,0.0,30.0,8.0,98.0,3,TE,1.12,Richard Rodgers,2022,5,1.9284506,-0.808450584411621
118.8,5.0,0,1023.0,3,104,142,0.0,0,0.0,26.0,5.0,84.0,15,WR,20.0,Chris Godwin,2022,6,14.726723,5.273277282714844
35.2,0.0,0,272.0,1,25,39,0.0,0,0.0,29.0,8.0,63.0,9,WR,3.0,Jarvis Landry,2022,6,6.2843127,-3.2843127250671387
235.5,-1.0,0,1516.0,14,100,180,0.0,0,0.0,29.0,8.0,53.0,17,WR,20.145,Davante Adams,2022,6,28.38364,-8.238640289306641
162.4,0.0,0,1144.0,8,103,175,0.0,0,0.0,30.0,9.0,53.0,17,WR,28.0,Davante Adams,2023,6,27.288498,0.7115020751953125
15.000000000000002,93.0,0,57.0,0,11,12,0.0,0,0.0,22.0,0.0,131.0,7,RB,1.088052,Hassan Haskins,2022,4,0.8400882,0.24796381135177614
123.1,80.0,2,611.0,7,41,66,0.0,0,0.0,23.0,0.0,34.0,14,WR,2.310257,Christian Watson,2022,6,2.3120043,-0.0017473277740478466
214.5,994.0,5,591.0,4,76,95,0.0,0,0.0,22.0,1.0,36.0,17,RB,2.253692,Breece Hall,2023,4,1.712639,0.5410530258102417
38.72,64.0,0,0.0,0,0,0,708.0,2,0.0,23.0,0.0,74.0,4,QB,1.340741,Desmond Ridder,2022,3,1.934195,-0.5934540416564942
180.14,193.0,5,-6.0,0,1,1,2836.0,12,12.0,24.0,1.0,74.0,15,QB,1.340741,Desmond Ridder,2023,3,3.6323285,-2.291587510284424
73.30000000000001,11.0,0,422.0,5,28,53,0.0,0,0.0,24.0,1.0,34.0,9,WR,2.310257,Christian Watson,2023,6,2.137196,0.17306093600463868
19.34,123.0,1,0.0,0,0,0,276.0,0,3.0,23.0,0.0,86.0,7,QB,1.290025,Malik Willis,2022,3,1.567476,-0.27745103416442873
3.06,21.0,0,0.0,0,0,0,74.0,0,0.0,24.0,1.0,86.0,2,QB,1.290025,Malik Willis,2023,3,1.5320275,-0.24200248298645022
168.62,243.0,2,0.0,0,0,0,2608.0,12,6.0,29.0,6.0,91.0,14,QB,4.65,Jacoby Brissett,2022,3,6.8714767,-2.2214766502380368
-0.6,-1.0,0,15.0,0,1,4,0.0,0,0.0,23.0,1.0,157.0,3,WR,0.207,Ihmir Smith-Marsette,2022,6,0.54346406,-0.33646406459808353
32.8,36.0,0,0.0,0,0,0,780.0,1,3.0,35.0,12.0,85.0,4,QB,3.25,Colt McCoy,2022,3,3.8414333,-0.5914332866668701
25.5,0.0,0,255.0,0,25,28,0.0,0,0.0,22.0,1.0,112.0,13,TE,1.113278,Daniel Bellinger,2023,5,0.91922265,0.1940553470878601
96.1,463.0,4,218.0,1,19,31,0.0,0,0.0,21.0,0.0,36.0,7,RB,2.253692,Breece Hall,2022,4,2.9152327,-0.6615406583862304
28.6,-1.0,0,227.0,1,23,31,0.0,0,0.0,21.0,0.0,43.0,6,WR,2.046292,Wan'Dale Robinson,2022,6,2.4370868,-0.39079482060241677
73.2,87.0,1,525.0,1,60,78,0.0,0,0.0,22.0,1.0,43.0,15,WR,2.046292,Wan'Dale Robinson,2023,6,1.7666807,0.2796112825317385
2.5,0.0,0,25.0,0,3,4,0.0,0,0.0,23.0,1.0,80.0,2,TE,1.314785,Greg Dulcich,2023,5,1.036316,0.27846896282196054
53.1,0.0,0,411.0,2,33,55,0.0,0,0.0,22.0,0.0,80.0,10,TE,1.314785,Greg Dulcich,2022,5,1.3740456,-0.05926061042785635
5.5,0.0,0,55.0,0,6,9,0.0,0,0.0,29.0,6.0,94.0,5,TE,0.2772,Nick Vannett,2022,5,2.683987,-2.4067869022369384
5.800000000000001,0.0,0,38.0,0,2,10,0.0,0,0.0,28.0,6.0,206.0,4,WR,0.2772,Mike Thomas,2022,6,1.716429,-1.4392289951324462
188.7,1122.0,2,445.0,4,44,54,0.0,0,0.0,23.0,1.0,63.0,17,RB,1.458016,James Cook,2023,4,1.4179825,0.04003354093170164
84.7,507.0,2,180.0,1,21,32,0.0,0,0.0,22.0,0.0,63.0,16,RB,1.458016,James Cook,2022,4,1.2368898,0.2211261608276367
87.10000000000001,482.0,4,89.0,1,17,26,0.0,0,0.0,28.0,6.0,73.0,12,RB,1.035,Kenyan Drake,2022,4,2.9208977,-1.8858977222442628
0.16,0.0,0,0.0,0,0,0,4.0,0,0.0,40.0,18.0,188.0,1,P,1.5,Andy Lee,2022,2,5.0967574,-3.596757411956787
145.8,18.0,0,1140.0,5,63,106,0.0,0,0.0,22.0,1.0,52.0,17,WR,1.688047,George Pickens,2023,6,1.7924873,-0.10444026367950432
114.5,24.0,1,801.0,4,52,84,0.0,0,0.0,21.0,0.0,52.0,17,WR,1.688047,George Pickens,2022,6,1.4414696,0.2465774498672486
51.1,0.0,0,391.0,2,42,65,0.0,0,0.0,23.0,0.0,106.0,14,TE,1.130985,Cade Otton,2022,5,0.72755903,0.40342596994400015
69.5,0.0,0,455.0,4,47,67,0.0,0,0.0,24.0,1.0,106.0,16,TE,1.130985,Cade Otton,2023,5,0.8864077,0.24457732664108267
45.0,2.0,1,268.0,2,30,35,0.0,0,0.0,21.0,0.0,112.0,11,TE,1.113278,Daniel Bellinger,2022,5,0.92709637,0.18618163311767577
39.1,170.0,1,101.0,1,12,19,0.0,0,0.0,26.0,4.0,251.0,12,RB,1.035,Justin Jackson,2022,4,1.6532079,-0.6182078981399537
149.86,237.0,3,0.0,0,0,0,2404.0,7,9.0,24.0,0.0,20.0,13,QB,3.516976,Kenny Pickett,2022,3,3.9696686,-0.4526926267852782
119.6,683.0,4,193.0,1,18,23,0.0,0,0.0,23.0,1.0,151.0,17,RB,0.998472,Tyler Allgeier,2023,4,0.6829653,0.31550672137451174
143.4,1035.0,3,139.0,1,16,17,0.0,0,0.0,22.0,0.0,151.0,16,RB,0.998472,Tyler Allgeier,2022,4,0.75156534,0.24690666281890872
74.1,10.0,0,611.0,2,39,45,0.0,0,0.0,23.0,1.0,148.0,16,WR,1.001788,Khalil Shakir,2023,6,0.7255119,0.27627609146881094
101.7,0.0,0,717.0,5,51,87,0.0,0,0.0,27.0,4.0,66.0,13,WR,18.355,Diontae Johnson,2023,6,14.802557,3.552443008422852
24.1,0.0,0,161.0,1,10,20,0.0,0,0.0,22.0,0.0,148.0,10,WR,1.001788,Khalil Shakir,2022,6,0.8024498,0.19933817757415762
69.7,416.0,2,101.0,0,13,17,0.0,0,0.0,23.0,1.0,107.0,13,RB,1.125108,Dameon Pierce,2023,4,0.61404896,0.511059042175293
0.78,-1.0,0,0.0,0,0,0,22.0,0,0.0,29.0,6.0,201.0,1,QB,1.5,Brandon Allen,2022,3,1.3645023,0.13549768924713135
153.1,668.0,3,523.0,3,73,83,0.0,0,1.0,27.0,5.0,4.0,16,RB,7.0,Leonard Fournette,2022,4,11.438274,-4.438274383544922
16.22,75.0,0,4.0,0,1,1,108.0,1,0.0,29.0,6.0,207.0,7,QB,1.1875,Jeff Driskel,2022,3,1.6075708,-0.4200707674026489
94.7,25.0,0,882.0,0,86,147,0.0,0,0.0,26.0,3.0,66.0,17,WR,18.355,Diontae Johnson,2022,6,18.237572,0.11742828369140668
10.2,42.0,1,0.0,0,0,0,0.0,0,0.0,22.0,0.0,154.0,5,RB,0.996567,Snoop Conner,2022,4,0.6279164,0.3686506043357849
3.2,30.0,0,2.0,0,4,9,0.0,0,0.0,23.0,0.0,162.0,9,WR,0.993547,Montrell Washington,2022,6,0.77955365,0.21399334819030758
32.7,23.0,0,244.0,1,21,38,0.0,0,0.0,22.0,1.0,54.0,13,WR,1.612627,Skyy Moore,2023,6,1.3639826,0.2486444417495728
0.3,0.0,0,3.0,0,1,1,0.0,0,0.0,22.0,0.0,125.0,1,WR,1.096248,Erik Ezukanma,2022,6,0.7157233,0.3805247238616942
146.36,244.0,3,0.0,0,0,0,1799.0,10,5.0,26.0,4.0,1.0,8,QB,46.1,Kyler Murray,2023,3,26.840488,19.25951156616211
200.52,418.0,3,0.0,0,0,0,2368.0,14,7.0,25.0,3.0,1.0,11,QB,46.1,Kyler Murray,2022,3,41.030407,5.0695930480957045
18.1,0.0,0,181.0,0,15,22,0.0,0,0.0,24.0,1.0,163.0,8,WR,0.993332,Kyle Philips,2023,6,0.72851914,0.26481285832595824
7.800000000000001,0.0,0,78.0,0,8,13,0.0,0,0.0,23.0,0.0,163.0,4,WR,0.993332,Kyle Philips,2022,6,0.75788075,0.23545125268173217
169.20000000000002,813.0,4,319.0,5,44,63,0.0,0,0.0,23.0,1.0,156.0,17,RB,0.995537,Jerome Ford,2023,4,0.9285152,0.06702180415344239
37.6,0.0,0,236.0,2,24,47,0.0,0,0.0,34.0,11.0,4.0,13,WR,3.5,A.J. Green,2022,6,4.0773125,-0.5773124694824219
2.8000000000000003,0.0,0,28.0,0,2,7,0.0,0,0.0,24.0,2.0,252.0,3,WR,0.207,Tyrie Cleveland,2022,6,0.62241787,-0.41541786718368534
46.4,45.0,0,299.0,2,24,43,0.0,0,0.0,33.0,11.0,6.0,10,WR,6.0,Julio Jones,2022,6,5.8432164,0.1567835807800293
67.1,3.0,0,548.0,2,48,74,0.0,0,0.0,29.0,6.0,107.0,15,WR,1.1875,Chris Moore,2022,6,6.6840158,-5.49651575088501
120.2,0.0,0,882.0,6,81,123,0.0,0,0.0,27.0,6.0,29.0,16,TE,13.6875,David Njoku,2023,5,11.033678,2.6538219451904297
1.2000000000000002,12.0,0,0.0,0,0,0,0.0,0,0.0,22.0,0.0,156.0,2,RB,0.995537,Jerome Ford,2022,4,0.757747,0.23779000550460816
2.2,22.0,0,0.0,0,0,1,0.0,0,0.0,23.0,1.0,125.0,2,WR,1.096248,Erik Ezukanma,2023,6,0.73151255,0.36473545346069325
4.5,38.0,0,7.0,0,1,1,0.0,0,0.0,28.0,6.0,236.0,3,RB,1.1875,Dwayne Washington,2022,4,0.60704875,0.580451250076294
84.0,-8.0,0,628.0,4,58,80,0.0,0,0.0,26.0,5.0,29.0,14,TE,10.931,David Njoku,2022,5,9.793383,1.1376173553466788
107.3,0.0,0,933.0,3,78,101,0.0,0,0.0,25.0,5.0,62.0,16,WR,3.76,JuJu Smith-Schuster,2022,6,7.1650224,-3.405022373199463
136.4,939.0,4,165.0,1,30,39,0.0,0,0.0,22.0,0.0,107.0,13,RB,1.125108,Dameon Pierce,2022,4,1.0544878,0.07062017555999756
0.4,0.0,0,4.0,0,1,1,0.0,0,0.0,28.0,6.0,208.0,1,LB,1.035,Kamu Grugier-Hill,2022,1,1.9811016,-0.9461016321182252
91.1,481.0,1,290.0,2,50,58,0.0,0,0.0,23.0,0.0,91.0,16,RB,1.2825,Rachaad White,2022,4,1.2746446,0.007855386734008762
34.7,0.0,0,167.0,3,14,23,0.0,0,0.0,22.0,1.0,99.0,9,WR,1.261226,David Bell,2023,6,1.4096018,-0.14837580759429936
21.4,0.0,0,214.0,0,24,35,0.0,0,0.0,21.0,0.0,99.0,14,WR,1.261226,David Bell,2022,6,1.129903,0.13132304113006588
110.2,54.0,1,0.0,0,0,0,2070.0,6,4.0,25.0,1.0,20.0,12,QB,3.516976,Kenny Pickett,2023,3,3.01625,0.5007261049041749
203.9,990.0,6,549.0,3,64,70,0.0,0,0.0,24.0,1.0,91.0,17,RB,1.2825,Rachaad White,2023,4,2.3246534,-1.0421533870697022
44.3,16.0,1,247.0,2,22,45,0.0,0,0.0,22.0,0.0,50.0,12,WR,1.763465,Tyquan Thornton,2022,6,1.5846779,0.17878706535339361
14.2,51.0,0,91.0,0,13,23,0.0,0,0.0,23.0,1.0,50.0,9,WR,1.763465,Tyquan Thornton,2023,6,1.8217725,-0.05830745616912836
38.64,0.0,0,-6.0,0,1,1,781.0,5,3.0,23.0,0.0,137.0,4,QB,1.076768,Bailey Zappe,2022,3,3.3138323,-2.2370642830200196
8.58,61.0,0,0.0,0,0,0,412.0,0,5.0,27.0,3.0,197.0,5,QB,0.207,Trace McSorley,2022,3,0.7405707,-0.5335707240104676
169.9,935.0,7,244.0,2,44,49,0.0,0,0.0,24.0,1.0,251.0,14,RB,0.934777,Isiah Pacheco,2023,4,0.25520584,0.6795711601276397
122.0,830.0,5,130.0,0,13,14,0.0,0,0.0,23.0,0.0,251.0,17,RB,0.934777,Isiah Pacheco,2022,4,0.5435897,0.39118728881072995
48.64,6.0,0,0.0,0,0,0,1051.0,5,3.0,37.0,14.0,18.0,5,QB,3.5,Joe Flacco,2022,3,3.375107,0.1248929500579834
19.200000000000003,152.0,0,40.0,0,7,10,0.0,0,0.0,28.0,6.0,156.0,7,RB,1.055,Jonathan Williams,2022,4,1.238423,-0.18342298984527594
1.5,0.0,0,15.0,0,1,1,0.0,0,0.0,24.0,1.0,187.0,1,WR,0.275666,Frank Darby,2022,6,0.5706057,-0.2949396952476501
23.200000000000003,0.0,0,172.0,1,17,22,0.0,0,0.0,27.0,5.0,120.0,12,TE,8.0,Will Dissly,2023,5,3.4577105,4.54228949546814
52.900000000000006,0.0,0,349.0,3,34,38,0.0,0,0.0,26.0,4.0,120.0,15,TE,8.0,Will Dissly,2022,5,4.5307736,3.469226360321045
15.3,0.0,0,153.0,0,9,17,0.0,0,0.0,35.0,14.0,49.0,7,WR,0.3582,DeSean Jackson,2022,6,2.1849813,-1.826781346130371
257.40000000000003,15.0,0,1799.0,13,119,171,0.0,0,0.0,29.0,7.0,165.0,16,WR,30.0,Tyreek Hill,2023,6,27.505827,2.494173049926758
2.4000000000000004,0.0,0,24.0,0,2,2,0.0,0,0.0,23.0,0.0,233.0,1,WR,0.940275,Dareke Young,2022,6,0.73554283,0.20473216619491574
14.2,0.0,0,82.0,1,5,10,0.0,0,0.0,24.0,0.0,258.0,4,WR,0.934253,Samori Toure,2022,6,0.9395321,-0.0052791011543273925
9.8,0.0,0,78.0,0,8,18,0.0,0,0.0,25.0,1.0,258.0,8,WR,0.934253,Samori Toure,2023,6,0.7357629,0.19849010584640503
18.26,35.0,1,0.0,0,0,0,169.0,1,1.0,21.0,0.0,144.0,1,QB,1.0054,Sam Howell,2022,3,1.041662,-0.036261977767944265
103.9,13.0,0,766.0,4,73,98,0.0,0,0.0,27.0,5.0,23.0,17,TE,9.0,Evan Engram,2022,5,9.168998,-0.16899776458740234
26.5,0.0,0,145.0,2,10,23,0.0,0,0.0,27.0,5.0,19.0,11,TE,1.035,O.J. Howard,2022,5,3.0912802,-2.0562802219390868
256.54,263.0,5,4.0,0,1,1,3946.0,21,21.0,22.0,1.0,144.0,17,QB,1.0054,Sam Howell,2023,3,1.2854197,-0.28001970252990716
222.2,32.0,1,1710.0,7,119,170,0.0,0,0.0,28.0,6.0,165.0,17,WR,30.0,Tyreek Hill,2022,6,29.215185,0.7848148345947266
2.3000000000000003,0.0,0,23.0,0,2,9,0.0,0,0.0,22.0,0.0,149.0,5,TE,0.99972,Cole Turner,2022,5,0.7973981,0.20232190963745122
12.0,0.0,0,120.0,0,11,15,0.0,0,0.0,23.0,1.0,149.0,7,TE,0.99972,Cole Turner,2023,5,0.83402526,0.16569473621368414
8.4,0.0,0,24.0,1,1,1,0.0,0,0.0,23.0,0.0,196.0,1,RB,0.958654,Tyler Badie,2022,4,0.8216377,0.13701630993270875
8.100000000000001,0.0,0,81.0,0,5,9,0.0,0,0.0,23.0,0.0,198.0,5,TE,0.958535,Grant Calcaterra,2022,5,0.7303822,0.2281527959442139
3.9,0.0,0,39.0,0,4,4,0.0,0,0.0,24.0,1.0,198.0,2,TE,0.958535,Grant Calcaterra,2023,5,0.64907044,0.30946455827713015
6.200000000000001,54.0,0,8.0,0,2,8,0.0,0,0.0,23.0,0.0,203.0,7,RB,0.956484,Trestan Ebner,2022,4,0.73724824,0.2192357580986023
-0.5,-5.0,0,0.0,0,0,0,0.0,0,0.0,37.0,14.0,57.0,2,QB,2.0,Chad Henne,2022,3,0.6515111,1.3484889268875122
73.88,38.0,2,0.0,0,0,0,1252.0,4,5.0,28.0,5.0,2.0,7,QB,7.4125,Mitchell Trubisky,2022,3,19.287315,-11.874815368652344
14.1,40.0,0,41.0,1,1,9,0.0,0,0.0,21.0,0.0,12.0,6,WR,4.365448,Jameson Williams,2022,6,4.3989964,-0.03354835314941429
144.3,0.0,0,1123.0,5,87,138,0.0,0,0.0,23.0,1.0,11.0,16,WR,4.817968,Chris Olave,2023,6,5.0961576,-0.278189550811768
126.2,0.0,0,1042.0,4,72,119,0.0,0,0.0,22.0,0.0,11.0,15,WR,4.817968,Chris Olave,2022,6,5.067278,-0.24930990832519573
2.1,15.0,0,6.0,0,2,2,0.0,0,0.0,27.0,6.0,117.0,2,WR,0.2772,Pharoh Cooper,2022,6,1.0655749,-0.7883748844146728
0.1,1.0,0,0.0,0,0,0,0.0,0,0.0,27.0,6.0,150.0,1,RB,0.306,Jordan Howard,2022,4,1.0034472,-0.6974471750259399
0.7000000000000001,0.0,0,7.0,0,1,1,0.0,0,0.0,24.0,1.0,209.0,1,WR,0.825,Jalen Camp,2022,6,0.58290154,0.24209846258163448
55.8,0.0,0,458.0,2,48,75,0.0,0,0.0,27.0,6.0,126.0,16,WR,1.1875,Demarcus Robinson,2022,6,6.506027,-5.3185272216796875
56.3,29.0,1,354.0,2,24,42,0.0,0,0.0,22.0,1.0,12.0,12,WR,4.365448,Jameson Williams,2023,6,4.549713,-0.18426513476562523
105.38,0.0,0,905.0,2,69,110,22.0,0,0.0,22.0,1.0,8.0,16,WR,5.383618,Drake London,2023,6,5.465259,-0.08164107516479469
0.6000000000000001,0.0,0,6.0,0,1,1,0.0,0,0.0,25.0,1.0,141.0,1,WR,0.241333,Jacob Harris,2022,6,0.5587071,-0.3173741180343628
4.2,0.0,0,42.0,0,6,10,0.0,0,0.0,27.0,6.0,23.0,3,WR,0.2772,Laquon Treadwell,2022,6,1.7001694,-1.4229694440841674
0.7000000000000001,3.0,0,0.0,0,0,0,10.0,0,0.0,36.0,14.0,160.0,1,QB,1.22,Josh Johnson,2022,3,1.7368362,-0.5168361949920655
106.6,0.0,0,866.0,4,72,117,0.0,0,0.0,21.0,0.0,8.0,17,WR,5.383618,Drake London,2022,6,5.503051,-0.11943280413818336
-0.4,-4.0,0,0.0,0,0,0,0.0,0,0.0,28.0,6.0,187.0,2,QB,2.0,Nate Sudfeld,2022,3,0.8146162,1.1853837966918945
43.0,0.0,0,330.0,2,36,50,0.0,0,0.0,26.0,3.0,149.0,10,WR,15.85,Hunter Renfrow,2022,6,1.3029222,14.547077751159668
23.500000000000004,0.0,0,255.0,0,25,37,0.0,0,0.0,27.0,4.0,149.0,13,WR,15.85,Hunter Renfrow,2023,6,3.3094718,12.540528154373169
0.72,0.0,0,0.0,0,0,0,18.0,0,0.0,29.0,6.0,228.0,2,P,1.035,Riley Dixon,2022,2,1.8303328,-0.7953327560424805
58.900000000000006,451.0,1,98.0,0,15,19,0.0,0,0.0,23.0,1.0,122.0,13,RB,1.100981,Zamir White,2023,4,0.6256356,0.4753453760681152
23.3,0.0,0,113.0,2,7,14,0.0,0,0.0,22.0,0.0,170.0,7,TE,0.989037,Teagan Quitoriano,2022,5,0.81480336,0.17423363810729986
0.4,4.0,0,0.0,0,0,0,0.0,0,0.0,28.0,7.0,77.0,1,RB,1.2725,Duke Johnson,2022,4,1.493625,-0.2211250448226929
174.24,54.0,0,0.0,0,0,0,2871.0,18,9.0,34.0,11.0,35.0,14,QB,3.0,Andy Dalton,2022,3,21.262642,-18.26264190673828
196.56,438.0,4,0.0,0,0,0,2219.0,15,9.0,28.0,7.0,2.0,13,QB,9.375,Marcus Mariota,2022,3,10.969228,-1.5942277908325195
29.4,0.0,0,174.0,2,19,22,0.0,0,0.0,23.0,0.0,129.0,11,TE,1.09122,Jake Ferguson,2022,5,0.837432,0.25378797313690193
1.9,9.0,0,10.0,0,1,7,0.0,0,0.0,23.0,0.0,105.0,5,WR,1.261226,Danny Gray,2022,6,0.92169416,0.3395318404922485
106.1,0.0,0,761.0,5,71,102,0.0,0,0.0,24.0,1.0,129.0,17,TE,1.09122,Jake Ferguson,2023,5,0.7207426,0.37047741672515877
10.16,8.0,0,0.0,0,0,0,184.0,1,1.0,30.0,7.0,250.0,2,QB,2.0,Trevor Siemian,2022,3,2.2071044,-0.20710444450378418
1.5,0.0,0,15.0,0,3,5,0.0,0,0.0,23.0,2.0,81.0,4,WR,0.207,Bryan Edwards,2022,6,0.78640336,-0.5794033579826355
80.0,461.0,3,159.0,0,21,25,0.0,0,0.0,25.0,1.0,169.0,13,RB,0.989711,Ty Chandler,2023,4,0.8517379,0.13797308353042603
5.4,41.0,0,13.0,0,3,3,0.0,0,0.0,21.0,0.0,123.0,5,RB,1.099238,Isaiah Spiller,2022,4,0.69769865,0.4015393472557067
13.0,96.0,0,34.0,0,6,6,0.0,0,0.0,22.0,1.0,123.0,9,RB,1.099238,Isaiah Spiller,2023,4,0.80148715,0.297750852191925
2.0,20.0,0,0.0,0,0,0,0.0,0,0.0,24.0,0.0,169.0,1,RB,0.989711,Ty Chandler,2022,4,0.58656806,0.40314294246292115
21.4,0.0,0,154.0,1,13,24,0.0,0,0.0,29.0,6.0,40.0,3,WR,3.0,Sterling Shepard,2022,6,4.801274,-1.8012738227844238
9.9,99.0,0,0.0,0,0,2,0.0,0,0.0,21.0,0.0,93.0,5,RB,1.277137,Tyrion Davis-Price,2022,4,0.94637465,0.3307623452301025
11.2,52.0,1,0.0,0,0,0,0.0,0,0.0,21.0,0.0,183.0,5,RB,0.207,Kevin Harris,2022,4,0.5997667,-0.3927666716575623
3.3000000000000003,0.0,0,33.0,0,2,3,0.0,0,0.0,23.0,1.0,170.0,3,TE,0.989037,Teagan Quitoriano,2023,5,0.68681633,0.3022206652755738
5.700000000000001,0.0,0,57.0,0,4,5,0.0,0,0.0,29.0,7.0,85.0,4,TE,1.195,Tyler Kroft,2022,5,1.9745643,-0.7795643138885497
47.7,0.0,0,417.0,1,34,50,0.0,0,0.0,32.0,11.0,64.0,13,WR,3.0,Randall Cobb,2022,6,6.188787,-3.1887869834899902
71.1,0.0,0,411.0,5,30,40,0.0,0,0.0,23.0,1.0,139.0,13,TE,1.041084,Isaiah Likely,2023,5,0.83796006,0.20312393558883657
21.5,139.0,0,76.0,0,9,12,0.0,0,0.0,22.0,0.0,164.0,8,RB,0.992602,Kyren Williams,2022,4,0.76929677,0.22330523467254637
55.3,0.0,0,373.0,3,36,60,0.0,0,0.0,22.0,0.0,139.0,14,TE,1.041084,Isaiah Likely,2022,5,0.9333591,0.10772491348648061
295.6,144.0,2,0.0,0,0,0,4280.0,31,11.0,23.0,1.0,262.0,16,QB,0.934253,Brock Purdy,2023,3,0.810292,0.12396099446105957
223.0,1144.0,12,206.0,3,32,48,0.0,0,0.0,23.0,1.0,164.0,12,RB,0.992602,Kyren Williams,2023,4,0.38726726,0.6053347382564545
44.1,0.0,0,321.0,2,34,64,0.0,0,0.0,28.0,6.0,37.0,9,WR,8.0,Zay Jones,2023,6,11.108321,-3.108321189880371
17.3,0.0,0,113.0,1,11,11,0.0,0,0.0,23.0,0.0,177.0,8,TE,0.975639,James Mitchell,2022,5,0.8228065,0.15283252245330814
7.000000000000001,70.0,0,0.0,0,0,0,0.0,0,0.0,22.0,0.0,122.0,11,RB,1.100981,Zamir White,2022,4,0.72267056,0.3783104448852539
106.26,13.0,1,0.0,0,0,0,1374.0,13,4.0,22.0,0.0,262.0,9,QB,0.934253,Brock Purdy,2022,3,0.5465603,0.38769271252441406
8.8,0.0,0,28.0,1,3,5,0.0,0,0.0,32.0,11.0,43.0,5,TE,2.0,Kyle Rudolph,2022,5,2.6992645,-0.6992645263671875
5.100000000000001,24.0,0,47.0,0,4,4,0.0,0,0.0,30.0,7.0,86.0,4,RB,0.306,David Johnson,2022,4,1.4787312,-1.1727311553955078
6.0,30.0,0,30.0,0,2,3,0.0,0,0.0,24.0,3.0,182.0,4,RB,0.965,Trayveon Williams,2022,4,0.5933381,0.3716619277000427
116.1,18.0,0,823.0,5,82,121,0.0,0,0.0,27.0,5.0,37.0,16,WR,8.0,Zay Jones,2022,6,9.919521,-1.9195213317871094
2.8000000000000003,0.0,0,28.0,0,2,2,0.0,0,0.0,24.0,1.0,177.0,2,TE,0.975639,James Mitchell,2023,5,0.6762542,0.2993847871437073
14.7,0.0,0,87.0,1,7,9,0.0,0,0.0,24.0,1.0,128.0,6,TE,1.09122,Charlie Kolar,2023,5,0.80998117,0.2812388326835633
35.2,0.0,0,232.0,2,21,27,0.0,0,0.0,29.0,7.0,157.0,12,TE,8.0,C.J. Uzomah,2022,5,5.55661,2.443389892578125
27.4,24.0,0,250.0,0,22,33,0.0,0,0.0,21.0,0.0,54.0,14,WR,1.612627,Skyy Moore,2022,6,1.1464835,0.4661434594650269
56.400000000000006,0.0,0,444.0,2,41,60,0.0,0,0.0,27.0,6.0,81.0,17,TE,6.0,Austin Hooper,2022,5,6.672004,-0.672004222869873
62.1,318.0,2,223.0,0,25,32,0.0,0,0.0,29.0,7.0,15.0,10,RB,0.3582,Melvin Gordon,2022,4,2.03899,-1.680790020751953
59.400000000000006,6.0,0,528.0,1,54,77,0.0,0,0.0,23.0,1.0,143.0,17,TE,1.041084,Chigoziem Okonkwo,2023,5,1.1199356,-0.07885163175201426
11.8,0.0,0,58.0,1,12,16,0.0,0,0.0,28.0,7.0,246.0,11,TE,3.5,Geoff Swaim,2022,5,3.4117603,0.08823966979980469
4.9,0.0,0,49.0,0,4,6,0.0,0,0.0,23.0,0.0,128.0,1,TE,1.09122,Charlie Kolar,2022,5,0.8033876,0.2878324176979066
11.8,0.0,0,58.0,1,8,12,0.0,0,0.0,30.0,8.0,157.0,7,TE,8.0,C.J. Uzomah,2023,5,3.881179,4.118820905685425
65.2,2.0,0,450.0,3,32,46,0.0,0,0.0,22.0,0.0,143.0,15,TE,1.041084,Chigoziem Okonkwo,2022,5,0.74570215,0.2953818525161742
15.1,0.0,0,151.0,0,16,22,0.0,0,0.0,23.0,1.0,101.0,10,TE,1.261226,Jeremy Ruckert,2023,5,1.0620962,0.19912976186370845
59.6,11.0,0,425.0,3,42,67,0.0,0,0.0,22.0,0.0,132.0,13,WR,1.085979,Romeo Doubs,2022,6,0.93701994,0.14895905580902102
115.4,0.0,0,674.0,8,59,96,0.0,0,0.0,23.0,1.0,132.0,17,WR,1.085979,Romeo Doubs,2023,6,0.6943082,0.3916707786598206
5.16,0.0,0,0.0,0,0,0,29.0,1,0.0,32.0,11.0,10.0,1,QB,2.25,Blaine Gabbert,2022,3,5.041534,-2.791533946990967
0.8,0.0,0,8.0,0,1,2,0.0,0,0.0,22.0,0.0,101.0,2,TE,1.261226,Jeremy Ruckert,2022,5,0.7943944,0.46683162610626217
35.6,0.0,0,196.0,3,18,25,0.0,0,0.0,30.0,7.0,120.0,5,TE,8.021667,Logan Thomas,2021,5,6.4201293,1.6015377008361824
195.3,1259.0,8,174.0,1,20,25,0.0,0,0.0,25.0,3.0,35.0,14,RB,12.2,Nick Chubb,2021,4,8.862006,3.3379938125610344
71.8,2.0,0,496.0,4,55,78,0.0,0,0.0,32.0,9.0,120.0,16,TE,8.021667,Logan Thomas,2023,5,7.1790705,0.8425965272827156
11.0,0.0,0,110.0,0,7,14,0.0,0,0.0,28.0,6.0,29.0,5,WR,1.1275,Phillip Dorsett,2021,6,2.467024,-1.3395240879058838
38.3,0.0,0,323.0,1,39,61,0.0,0,0.0,31.0,8.0,120.0,13,TE,8.021667,Logan Thomas,2022,5,6.560583,1.4610838853759773
3.6,3.0,0,33.0,0,4,11,0.0,0,0.0,26.0,5.0,117.0,6,WR,0.99,Pharoh Cooper,2021,6,1.652096,-0.6620960330963135
3.8,0.0,0,58.0,0,8,13,0.0,0,0.0,24.0,2.0,187.0,5,WR,0.78,Juwann Winfree,2021,6,0.6970808,0.08291920900344851
12.2,0.0,0,62.0,1,7,8,0.0,0,0.0,27.0,6.0,160.0,4,TE,1.65,Jesse James,2021,5,2.5671394,-0.9171393871307374
131.2,0.0,0,772.0,10,59,90,0.0,0,0.0,27.0,5.0,40.0,16,WR,15.0,Courtland Sutton,2023,6,13.616171,1.383829116821289
19.1,170.0,0,21.0,0,4,4,0.0,0,0.0,27.0,5.0,35.0,2,RB,12.2,Nick Chubb,2023,4,7.021544,5.178456020355224
254.4,1525.0,12,239.0,1,27,37,0.0,0,0.0,26.0,4.0,35.0,17,RB,12.2,Nick Chubb,2022,4,10.679292,1.5207082748413079
-0.3,-3.0,0,0.0,0,0,0,0.0,0,0.0,26.0,4.0,87.0,1,QB,0.9075,Davis Webb,2021,3,1.447426,-0.5399259614944458
8.5,0.0,0,25.0,1,6,12,0.0,0,0.0,26.0,3.0,51.0,3,WR,0.252,Anthony Miller,2021,6,2.2300162,-1.9780162315368652
402.58,763.0,6,0.0,0,0,0,4407.0,36,15.0,25.0,3.0,7.0,17,QB,43.0,Josh Allen,2021,3,44.658268,-1.6582679748535156
5.5,51.0,0,4.0,0,1,2,0.0,0,0.0,23.0,2.0,182.0,2,RB,0.9075,Trayveon Williams,2021,4,0.66830003,0.23919996738433835
49.400000000000006,0.0,0,434.0,1,33,51,0.0,0,0.0,26.0,5.0,23.0,12,WR,0.99,Laquon Treadwell,2021,6,4.7809367,-3.7909367179870603
51.6,0.0,0,396.0,2,29,49,0.0,0,0.0,26.0,4.0,117.0,10,WR,1.75,Josh Reynolds,2021,6,4.8670464,-3.117046356201172
94.2,503.0,3,259.0,1,44,58,0.0,0,0.0,28.0,6.0,126.0,17,RB,2.75,Mike Davis,2021,4,2.8635957,-0.11359572410583496
202.68,106.0,2,0.0,0,0,0,3052.0,18,7.0,28.0,7.0,32.0,14,QB,11.5,Teddy Bridgewater,2021,3,13.652307,-2.15230655670166
109.0,0.0,0,830.0,4,56,76,0.0,0,0.0,26.0,3.0,49.0,15,TE,14.25,Dallas Goedert,2021,5,11.047314,3.202686309814453
0.4,4.0,0,0.0,0,0,0,0.0,0,0.0,27.0,3.0,204.0,2,RB,0.92,Trenton Cannon,2021,4,0.4271802,0.49281979918479923
213.9,1066.0,17,73.0,0,12,16,0.0,0,0.0,27.0,5.0,134.0,17,RB,3.0,Jamaal Williams,2022,4,3.6800792,-0.6800792217254639
86.2,0.0,0,702.0,3,55,69,0.0,0,0.0,27.0,4.0,49.0,12,TE,14.25,Dallas Goedert,2022,5,12.944095,1.3059053421020508
77.3,1.0,0,592.0,3,59,83,0.0,0,0.0,28.0,5.0,49.0,14,TE,14.25,Dallas Goedert,2023,5,8.495087,5.754913330078125
93.8,601.0,3,157.0,0,26,28,0.0,0,0.0,26.0,4.0,134.0,13,RB,3.0,Jamaal Williams,2021,4,2.9070818,0.09291815757751465
12.500000000000002,104.0,0,21.0,0,1,3,0.0,0,0.0,26.0,4.0,140.0,6,RB,0.99,Wayne Gallman,2021,4,1.1066458,-0.11664582252502442
177.0,799.0,4,391.0,6,52,65,0.0,0,0.0,26.0,4.0,182.0,15,RB,12.0,Aaron Jones,2021,4,9.931656,2.0683441162109375
31.7,0.0,0,257.0,1,20,40,0.0,0,0.0,29.0,7.0,29.0,14,WR,0.252,Phillip Dorsett,2022,6,2.6388664,-2.386866424560547
60.5,406.0,3,19.0,0,2,5,0.0,0,0.0,26.0,5.0,150.0,7,RB,0.334,Jordan Howard,2021,4,1.1963443,-0.8623442564010619
2.3000000000000003,9.0,0,14.0,0,3,4,0.0,0,0.0,25.0,3.0,165.0,2,RB,0.252,Jaylen Samuels,2021,4,0.74693745,-0.49493745374679565
10.9,101.0,0,8.0,0,2,5,0.0,0,0.0,25.0,4.0,143.0,5,RB,2.0,Marlon Mack,2021,4,1.1324121,0.8675879240036011
56.2,246.0,1,196.0,1,27,31,0.0,0,0.0,25.0,4.0,114.0,15,RB,1.65,Samaje Perine,2021,4,1.93334,-0.2833399534225465
44.400000000000006,0.0,0,264.0,3,25,41,0.0,0,0.0,26.0,5.0,126.0,14,WR,1.1275,Demarcus Robinson,2021,6,2.7710643,-1.643564281463623
40.5,356.0,0,49.0,0,11,16,0.0,0,0.0,28.0,6.0,73.0,11,RB,1.1,Tevin Coleman,2021,4,2.068481,-0.9684809684753417
23.000000000000004,0.0,0,230.0,0,25,37,0.0,0,0.0,26.0,5.0,140.0,14,WR,0.99,Tajae Sharpe,2021,6,3.195716,-2.2057159042358396
22.9,62.0,0,107.0,1,13,20,0.0,0,0.0,29.0,7.0,96.0,7,RB,0.99,Jerick McKinnon,2021,4,2.8996656,-1.9096655941009522
9.7,10.0,0,87.0,0,9,13,0.0,0,0.0,30.0,6.0,117.0,11,TE,1.1275,Blake Bell,2021,5,2.225217,-1.09771710395813
112.6,576.0,5,190.0,1,34,42,0.0,0,0.0,29.0,7.0,103.0,16,RB,1.075,Devonta Freeman,2021,4,2.962192,-1.8871920585632325
3.1,0.0,0,31.0,0,3,3,0.0,0,0.0,27.0,4.0,154.0,2,TE,1.1275,Jeremy Sprinkle,2021,5,1.6163714,-0.4888713932037354
32.5,33.0,0,132.0,2,11,17,0.0,0,0.0,28.0,5.0,186.0,7,WR,2.3,Jakeem Grant,2021,6,2.3394501,-0.0394501209259035
104.1,394.0,2,287.0,4,38,51,0.0,0,0.0,26.0,5.0,114.0,16,RB,1.65,Samaje Perine,2022,4,2.591803,-0.9418030738830567
43.400000000000006,0.0,0,394.0,1,27,49,0.0,0,0.0,28.0,7.0,4.0,11,WR,5.0,Sammy Watkins,2021,6,5.4205675,-0.42056751251220703
4.7,25.0,0,22.0,0,4,5,0.0,0,0.0,27.0,5.0,153.0,2,RB,0.252,Wendell Smallwood,2021,4,2.057327,-1.8053270320892334
-3.24,0.0,0,0.0,0,0,0,19.0,0,2.0,24.0,3.0,10.0,3,QB,0.85,Josh Rosen,2021,3,1.4675621,-0.6175620794296265
95.4,5.0,0,829.0,2,64,109,0.0,0,0.0,26.0,4.0,40.0,15,WR,15.0,Courtland Sutton,2022,6,10.385382,4.614618301391602
92.24,0.0,0,776.0,2,58,98,16.0,0,0.0,25.0,3.0,40.0,17,WR,15.0,Courtland Sutton,2021,6,11.29189,3.7081098556518555
189.6,1121.0,2,395.0,5,59,72,0.0,0,0.0,27.0,5.0,182.0,17,RB,12.0,Aaron Jones,2022,4,10.996159,1.0038414001464844
0.0,0.0,0,0.0,0,0,2,0.0,0,0.0,26.0,4.0,226.0,1,WR,0.252,David Moore,2021,6,1.2592516,-1.007251594543457
52.1,0.0,0,521.0,0,37,76,0.0,0,0.0,27.0,4.0,96.0,14,WR,18.0,Kenny Golladay,2021,6,13.628971,4.371028900146484
33.800000000000004,253.0,1,65.0,0,12,21,0.0,0,0.0,30.0,7.0,57.0,11,RB,2.25,Carlos Hyde,2021,4,1.9210168,0.3289831876754761
58.0,111.0,1,229.0,1,24,39,0.0,0,0.0,26.0,4.0,165.0,9,WR,4.75,Jamal Agnew,2021,6,2.9969764,1.753023624420166
47.3,86.0,0,187.0,3,23,30,0.0,0,0.0,27.0,5.0,165.0,14,WR,4.75,Jamal Agnew,2022,6,2.6333244,2.116675615310669
26.3,-2.0,0,225.0,1,14,21,0.0,0,0.0,28.0,6.0,165.0,8,WR,4.75,Jamal Agnew,2023,6,3.1651828,1.5848171710968018
0.5,0.0,0,5.0,0,1,1,0.0,0,0.0,24.0,3.0,103.0,1,WR,0.1656,Keke Coutee,2021,6,0.52468103,-0.359081031703949
0.0,0.0,0,0.0,0,0,3,0.0,0,0.0,31.0,7.0,91.0,3,WR,3.75,John Brown,2021,6,1.6754879,2.0745121240615845
14.1,0.0,0,81.0,1,6,17,0.0,0,0.0,28.0,5.0,96.0,6,WR,18.0,Kenny Golladay,2022,6,7.605537,10.394463062286377
194.1,0.0,0,1361.0,9,107,153,0.0,0,0.0,25.0,3.0,86.0,17,TE,14.0,Mark Andrews,2021,5,13.9177885,0.08221149444580078
33.5,0.0,0,275.0,1,24,47,0.0,0,0.0,26.0,5.0,172.0,12,WR,2.3775,Rashard Higgins,2021,6,3.8269799,-1.4494798755645752
342.84000000000003,242.0,2,0.0,0,0,0,4516.0,36,9.0,30.0,7.0,135.0,17,QB,40.0,Dak Prescott,2023,3,39.2969,0.7030982971191406
15.34,0.0,0,87.0,1,10,16,16.0,0,0.0,25.0,3.0,44.0,2,WR,0.92,Dante Pettis,2021,6,2.6153798,-1.695379810333252
6.4,4.0,1,0.0,0,0,0,0.0,0,0.0,25.0,3.0,126.0,1,RB,0.92,Ito Smith,2021,4,0.8026708,0.11732922315597538
271.66,-1.0,1,0.0,0,0,1,4694.0,25,9.0,45.0,22.0,199.0,17,QB,25.0,Tom Brady,2022,3,25.115566,-0.11556625366210938
95.2,39.0,1,613.0,4,62,91,0.0,0,0.0,27.0,6.0,40.0,16,WR,11.5,Curtis Samuel,2023,6,10.420532,1.0794677734375
112.3,187.0,1,656.0,4,64,92,0.0,0,0.0,26.0,5.0,40.0,17,WR,11.5,Curtis Samuel,2022,6,10.616117,0.8838834762573242
3.8,11.0,0,27.0,0,6,9,0.0,0,0.0,25.0,4.0,40.0,5,WR,11.5,Curtis Samuel,2021,6,6.029448,5.47055196762085
198.6,182.0,1,0.0,0,0,0,2860.0,23,15.0,29.0,6.0,135.0,12,QB,40.0,Dak Prescott,2022,3,16.5447,23.455299377441406
320.56,146.0,1,0.0,0,0,0,4449.0,37,10.0,28.0,5.0,135.0,16,QB,40.0,Dak Prescott,2021,3,38.512966,1.4870338439941406
90.16,20.0,1,0.0,0,0,0,1154.0,11,3.0,29.0,6.0,250.0,6,QB,0.99,Trevor Siemian,2021,3,10.426175,-9.436175117492676
42.6,3.0,0,323.0,2,22,37,0.0,0,0.0,28.0,6.0,76.0,14,WR,1.5,Chris Conley,2021,6,4.378308,-2.878307819366455
10.7,0.0,0,47.0,1,8,12,0.0,0,0.0,27.0,4.0,174.0,7,TE,0.99,Eric Saubert,2021,5,2.0619116,-1.0719115829467774
39.0,0.0,0,210.0,3,31,40,0.0,0,0.0,27.0,6.0,246.0,16,TE,2.5,Geoff Swaim,2021,5,3.6988218,-1.198821783065796
4.1000000000000005,0.0,0,41.0,0,2,3,0.0,0,0.0,27.0,4.0,177.0,1,WR,0.252,Trent Taylor,2021,6,1.320165,-1.0681650381088257
104.1,593.0,2,268.0,1,40,45,0.0,0,0.0,29.0,5.0,136.0,16,RB,2.75,Devontae Booker,2021,4,2.8124778,-0.062477827072143555
395.52,762.0,7,0.0,0,0,0,4283.0,35,14.0,26.0,4.0,7.0,16,QB,43.0,Josh Allen,2022,3,43.333202,-0.3332023620605469
18.38,53.0,0,0.0,0,0,0,277.0,1,1.0,26.0,3.0,76.0,2,QB,4.985199,Mason Rudolph,2021,3,2.0331187,2.9520802751770017
49.3,228.0,0,225.0,1,32,42,0.0,0,0.0,29.0,6.0,86.0,13,RB,5.0,David Johnson,2021,4,4.5331173,0.46688270568847656
220.7,752.0,15,375.0,3,37,39,0.0,0,0.0,26.0,4.0,105.0,15,RB,1.75,James Conner,2021,4,3.5546637,-1.8046636581420898
46.3,0.0,0,223.0,4,14,28,0.0,0,0.0,27.0,4.0,118.0,13,WR,1.1275,Mack Hollins,2021,6,1.9166536,-0.7891536331176758
19.200000000000003,38.0,1,94.0,0,12,14,0.0,0,0.0,29.0,7.0,130.0,3,RB,2.4625,James White,2021,4,2.2149966,0.2475034236907958
77.9,0.0,0,419.0,6,42,61,0.0,0,0.0,28.0,7.0,35.0,13,TE,12.5,Hunter Henry,2023,5,6.591031,5.908968925476074
90.4,0.0,0,544.0,6,45,61,0.0,0,0.0,27.0,5.0,86.0,10,TE,14.0,Mark Andrews,2023,5,13.139453,0.8605470657348633
16.7,79.0,1,28.0,0,4,6,0.0,0,0.0,27.0,5.0,156.0,5,RB,0.99,Jonathan Williams,2021,4,1.2012835,-0.21128345489501954
117.5,8.0,0,847.0,5,73,113,0.0,0,0.0,26.0,4.0,86.0,15,TE,14.0,Mark Andrews,2022,5,9.616892,4.383108139038086
51.5,166.0,0,289.0,1,38,53,0.0,0,0.0,28.0,6.0,54.0,15,RB,0.252,Ameer Abdullah,2021,4,3.9350262,-3.6830261688232424
62.900000000000006,0.0,0,509.0,2,41,59,0.0,0,0.0,27.0,6.0,35.0,16,TE,12.5,Hunter Henry,2022,5,9.274178,3.2258224487304688
114.3,0.0,0,603.0,9,50,75,0.0,0,0.0,26.0,5.0,35.0,16,TE,12.5,Hunter Henry,2021,5,10.3786545,2.1213455200195312
1.52,2.0,0,0.0,0,0,0,33.0,0,0.0,27.0,4.0,104.0,2,QB,2.5,C.J. Beathard,2021,3,1.9379185,0.5620814561843872
-3.8,-18.0,0,0.0,0,0,0,0.0,0,0.0,26.0,4.0,149.0,2,P,3.674765,Michael Dickson,2022,2,1.611209,2.063555965080261
394.64,524.0,15,0.0,0,0,0,4306.0,29,18.0,27.0,5.0,7.0,17,QB,43.0,Josh Allen,2023,3,42.780975,0.219024658203125
-1.0000000000000002,-4.0,0,0.0,0,0,0,35.0,0,1.0,28.0,5.0,104.0,4,QB,2.5,C.J. Beathard,2022,3,1.2386703,1.2613296508789062
0.0,0.0,0,0.0,0,0,1,0.0,0,0.0,29.0,6.0,37.0,1,WR,0.92,Devin Smith,2021,6,2.1274364,-1.207436399459839
2.8000000000000003,16.0,0,12.0,0,2,2,0.0,0,0.0,27.0,5.0,236.0,3,RB,1.1275,Dwayne Washington,2021,4,1.149684,-0.022183952331543022
218.1,5.0,1,0.0,0,0,0,3740.0,22,10.0,39.0,17.0,11.0,16,QB,14.0,Ben Roethlisberger,2021,3,15.44029,-1.4402904510498047
14.86,87.0,1,0.0,0,0,0,4.0,0,0.0,27.0,6.0,2.0,7,QB,3.5,Marcus Mariota,2021,3,5.3879013,-1.8879013061523438
55.10000000000001,330.0,3,41.0,0,4,5,0.0,0,0.0,27.0,6.0,77.0,5,RB,0.252,Duke Johnson,2021,4,1.6282331,-1.3762330751419067
26.4,0.0,0,244.0,0,24,34,0.0,0,0.0,29.0,6.0,173.0,7,TE,1.59,James O'Shaughnessy,2021,5,3.143171,-1.5531710720062255
34.5,0.0,0,145.0,3,14,18,0.0,0,0.0,29.0,6.0,143.0,10,TE,0.252,MyCole Pruitt,2021,5,2.895546,-2.6435459594726565
0.2,0.0,0,2.0,0,1,2,0.0,0,0.0,28.0,6.0,171.0,2,TE,6.5,Nick Boyle,2021,5,1.9609933,4.53900671005249
58.7,0.0,0,447.0,2,51,71,0.0,0,0.0,28.0,6.0,105.0,12,WR,5.5,Jamison Crowder,2021,6,8.449375,-2.9493751525878906
4.4,36.0,0,8.0,0,2,7,0.0,0,0.0,25.0,3.0,131.0,8,RB,0.92,Kalen Ballage,2021,4,0.6857656,0.23423437595367436
11.2,14.0,0,98.0,0,9,17,0.0,0,0.0,24.0,3.0,207.0,9,WR,0.351666,Equanimeous St. Brown,2021,6,0.7741126,-0.4224465822067261
34.7,0.0,0,227.0,2,21,22,0.0,0,0.0,28.0,5.0,107.0,8,WR,1.5,Chris Moore,2021,6,4.602521,-3.1025209426879883
19.3,0.0,0,133.0,1,9,15,0.0,0,0.0,28.0,5.0,94.0,7,TE,2.666667,Nick Vannett,2021,5,3.5762045,-0.909537538345337
59.8,411.0,2,87.0,0,9,10,0.0,0,0.0,27.0,5.0,171.0,11,RB,0.99,Alex Collins,2021,4,1.3532827,-0.3632826900482178
13.860000000000005,-1.0,0,0.0,0,0,0,149.0,2,0.0,28.0,5.0,201.0,5,QB,1.5,Brandon Allen,2021,3,1.9078993,-0.40789926052093506
1.3,13.0,0,0.0,0,0,0,0.0,0,0.0,24.0,3.0,176.0,1,RB,0.9075,John Kelly,2021,4,0.45646077,0.45103922605514524
15.7,105.0,1,12.0,0,4,6,0.0,0,0.0,24.0,2.0,152.0,6,RB,0.85,Qadree Ollison,2021,4,0.39754638,0.45245361924171446
23.3,0.0,0,173.0,1,16,25,0.0,0,0.0,28.0,6.0,85.0,9,TE,2.0,Tyler Kroft,2021,5,3.4895394,-1.489539384841919
49.0,0.0,0,410.0,1,38,66,0.0,0,0.0,28.0,7.0,61.0,12,WR,17.98,Allen Robinson,2021,6,11.6128025,6.367197494506836
123.4,0.0,0,894.0,5,79,122,0.0,0,0.0,30.0,8.0,69.0,17,WR,17.3,Tyler Lockett,2023,6,17.39595,-0.09595031738281179
72.5,254.0,2,291.0,1,30,40,0.0,0,0.0,27.0,5.0,73.0,12,RB,5.5,Kenyan Drake,2021,4,5.370792,0.12920808792114258
155.3,0.0,0,1033.0,9,84,117,0.0,0,0.0,29.0,7.0,69.0,16,WR,17.3,Tyler Lockett,2022,6,16.34299,0.9570091247558601
34.5,47.0,1,178.0,1,20,26,0.0,0,0.0,26.0,4.0,172.0,11,WR,1.1275,Isaiah McKenzie,2021,6,2.5737157,-1.4462156867980958
117.4,166.0,1,0.0,0,0,0,1170.0,14,3.0,27.0,6.0,1.0,7,QB,5.5,Jameis Winston,2021,3,8.376583,-2.8765830993652344
45.6,156.0,0,240.0,1,28,38,0.0,0,0.0,25.0,4.0,162.0,13,RB,0.1656,Jeremy McNichols,2021,4,2.4979534,-2.332353414916992
0.0,0.0,0,0.0,0,0,0,0.0,0,0.0,39.0,17.0,188.0,1,P,1.5,Andy Lee,2021,2,2.0777721,-0.5777721405029297
7.76,0.0,0,0.0,0,0,0,194.0,0,0.0,30.0,7.0,214.0,1,QB,0.252,Garrett Gilbert,2021,3,1.3037931,-1.0517930727005005
1.1,0.0,0,11.0,0,2,2,0.0,0,0.0,29.0,7.0,98.0,1,TE,0.252,Richard Rodgers,2021,5,1.3453864,-1.0933863859176636
168.4,9.0,0,1175.0,8,73,107,0.0,0,0.0,28.0,6.0,69.0,16,WR,17.3,Tyler Lockett,2021,6,15.373523,1.926477241516114
28.1,0.0,0,161.0,2,12,17,0.0,0,0.0,25.0,4.0,237.0,10,WR,0.92,Isaiah Ford,2021,6,2.0679607,-1.1479607391357423
22.4,-3.0,0,167.0,1,11,18,0.0,0,0.0,27.0,6.0,26.0,5,WR,2.5,Breshad Perriman,2021,6,2.759864,-0.25986409187316895
5.2,0.0,0,52.0,0,5,11,0.0,0,0.0,27.0,5.0,206.0,7,WR,1.015,Mike Thomas,2021,6,1.8428819,-0.8278819179534913
12.96,14.0,0,0.0,0,0,0,189.0,1,0.0,29.0,6.0,89.0,1,QB,0.252,Sean Mannion,2021,3,2.3589885,-2.1069885234832766
0.2,2.0,0,0.0,0,0,0,0.0,0,0.0,27.0,4.0,171.0,1,QB,1.025,Nathan Peterman,2021,3,1.6369151,-0.6119150876998902
44.2,0.0,0,362.0,2,31,53,0.0,0,0.0,29.0,7.0,20.0,14,WR,11.0,Nelson Agholor,2022,6,6.7503724,4.249627590179443
66.4,11.0,0,473.0,3,37,64,0.0,0,0.0,28.0,6.0,20.0,14,WR,11.0,Nelson Agholor,2021,6,7.7678137,3.2321863174438477
0.0,0.0,0,0.0,0,0,1,0.0,0,0.0,26.0,4.0,170.0,1,WR,0.1656,Rodney Adams,2021,6,1.1599809,-0.9943808931350708
4.6,0.0,0,26.0,0,4,8,0.0,0,0.0,27.0,5.0,21.0,2,WR,10.625011,Will Fuller,2021,6,6.0999637,4.525047334991456
3.8,0.0,0,38.0,0,1,5,0.0,0,0.0,29.0,6.0,7.0,3,WR,0.293,Kevin White,2021,6,1.2399899,-0.9469898767471314
9.6,80.0,0,16.0,0,3,4,0.0,0,0.0,24.0,2.0,140.0,2,RB,0.9075,Ryquell Armstead,2021,4,0.8501988,0.057301194667816135
30.0,16.0,0,224.0,1,11,20,0.0,0,0.0,25.0,4.0,9.0,9,WR,2.25,John Ross,2021,6,2.8369782,-0.5869781970977783
72.32000000000001,70.0,1,0.0,0,0,0,1283.0,5,4.0,28.0,5.0,91.0,10,QB,5.0,Jacoby Brissett,2021,3,7.8046703,-2.8046703338623047
2.4000000000000004,0.0,0,24.0,0,3,4,0.0,0,0.0,24.0,1.0,179.0,2,WR,0.930038,Simi Fehoko,2022,6,0.67856294,0.2514750608329773
42.6,1.0,0,305.0,2,28,41,0.0,0,0.0,24.0,2.0,162.0,16,TE,0.948445,Noah Gray,2023,5,0.7269326,0.22151241476058958
42.0,1.0,1,299.0,1,28,34,0.0,0,0.0,23.0,1.0,162.0,17,TE,0.948445,Noah Gray,2022,5,0.8477902,0.10065481836318968
25.0,5.0,0,245.0,0,27,38,0.0,0,0.0,27.0,5.0,100.0,12,TE,12.5,Jonnu Smith,2022,5,5.803075,6.696925163269043
9.6,0.0,0,36.0,1,7,10,0.0,0,0.0,22.0,0.0,162.0,7,TE,0.948445,Noah Gray,2021,5,0.8828179,0.06562707597732542
23.6,0.0,0,116.0,2,5,6,0.0,0,0.0,22.0,0.0,157.0,3,WR,0.94974,Ihmir Smith-Marsette,2021,6,0.89232785,0.057412154903411894
7.1,0.0,0,11.0,0,1,2,0.0,0,0.0,24.0,2.0,131.0,2,WR,1.041339,Tylan Wallace,2023,6,0.603536,0.43780299021148683
3.3000000000000003,0.0,0,33.0,0,4,7,0.0,0,0.0,23.0,1.0,131.0,5,WR,1.041339,Tylan Wallace,2022,6,0.7698024,0.27153660847091676
2.3,0.0,0,23.0,0,2,6,0.0,0,0.0,22.0,0.0,131.0,4,WR,1.041339,Tylan Wallace,2021,6,0.7490526,0.29228641582870485
39.400000000000006,40.0,0,294.0,1,28,45,0.0,0,0.0,26.0,4.0,100.0,15,TE,12.5,Jonnu Smith,2021,5,4.223577,8.27642297744751
15.1,0.0,0,151.0,0,19,28,0.0,0,0.0,25.0,2.0,124.0,14,TE,1.050604,John Bates,2023,5,0.800926,0.24967797031784067
50.6,0.0,0,446.0,1,33,60,0.0,0,0.0,22.0,0.0,89.0,14,WR,1.217879,Nico Collins,2021,6,1.1780596,0.0398194220581054
3.4000000000000004,0.0,0,34.0,0,1,1,0.0,0,0.0,21.0,0.0,219.0,1,WR,0.1656,Seth Williams,2021,6,0.6664922,-0.500892223739624
84.4,0.0,0,564.0,4,48,83,0.0,0,0.0,34.0,12.0,89.0,16,TE,4.5,Jared Cook,2021,5,5.361665,-0.8616647720336914
21.700000000000003,74.0,2,23.0,0,4,5,0.0,0,0.0,21.0,0.0,257.0,4,RB,0.889581,Jermar Jefferson,2021,4,0.870083,0.01949802556610103
0.7000000000000001,7.0,0,0.0,0,0,0,0.0,0,0.0,24.0,1.0,256.0,1,RB,0.889766,Kylin Hill,2022,4,0.587907,0.3018589837226867
2.9000000000000004,24.0,0,5.0,0,1,2,0.0,0,0.0,23.0,0.0,256.0,4,RB,0.889766,Kylin Hill,2021,4,0.5903512,0.29941477605438227
0.4,-4.0,0,8.0,0,2,4,0.0,0,0.0,24.0,1.0,211.0,4,RB,0.910286,Demetric Felton,2022,4,0.6494847,0.2608013059959412
12.5,0.0,0,65.0,1,9,11,0.0,0,0.0,33.0,10.0,159.0,6,TE,1.8,Lee Smith,2021,5,2.9725668,-1.1725668430328369
32.5,24.0,0,181.0,2,18,21,0.0,0,0.0,23.0,0.0,211.0,11,RB,0.910286,Demetric Felton,2021,4,0.804699,0.10558699630355839
4.4,4.0,0,40.0,0,2,8,0.0,0,0.0,23.0,1.0,205.0,4,WR,0.912839,Racey McMath,2022,6,0.683344,0.22949499346160884
-1.2000000000000002,0.0,0,8.0,0,2,6,0.0,0,0.0,22.0,0.0,205.0,5,WR,0.912839,Racey McMath,2021,6,0.91469663,-0.0018576338157654249
0.0,0.0,0,0.0,0,0,0,0.0,0,0.0,25.0,2.0,185.0,1,LB,0.923502,Nick Niemann,2023,1,0.6145685,0.3089335280914307
16.8,0.0,0,108.0,1,14,22,0.0,0,0.0,24.0,1.0,124.0,9,TE,1.050604,John Bates,2022,5,0.8795881,0.17101587286376962
41.5,281.0,2,14.0,0,6,8,0.0,0,0.0,25.0,2.0,194.0,11,RB,0.915893,Elijah Mitchell,2023,4,0.5491788,0.36671422087478633
39.6,0.0,0,296.0,2,22,41,0.0,0,0.0,23.0,1.0,204.0,15,WR,0.913104,Shi Smith,2022,6,0.7669274,0.14617657890701297
10.1,-3.0,0,104.0,0,6,11,0.0,0,0.0,22.0,0.0,204.0,5,WR,0.913104,Shi Smith,2021,6,1.0762517,-0.163147745223999
6.6000000000000005,19.0,0,47.0,0,5,7,0.0,0,0.0,25.0,2.0,196.0,3,RB,0.914718,Gary Brightwell,2023,4,0.76131827,0.15339973360824588
24.0,141.0,1,39.0,0,5,8,0.0,0,0.0,24.0,1.0,196.0,8,RB,0.914718,Gary Brightwell,2022,4,0.73274094,0.18197706133651737
1.0,4.0,0,6.0,0,1,1,0.0,0,0.0,23.0,0.0,196.0,2,RB,0.914718,Gary Brightwell,2021,4,0.77907914,0.13563886076736453
40.6,279.0,2,7.0,0,3,4,0.0,0,0.0,24.0,1.0,194.0,5,RB,0.915893,Elijah Mitchell,2022,4,0.52647746,0.3894155439071655
146.0,963.0,5,137.0,1,19,20,0.0,0,0.0,23.0,0.0,194.0,11,RB,0.915893,Elijah Mitchell,2021,4,1.3439838,-0.4280907694168091
33.9,0.0,0,219.0,2,17,21,0.0,0,0.0,23.0,2.0,147.0,9,TE,0.958046,Brevin Jordan,2023,5,0.9100068,0.04803917884445186
12.8,0.0,0,128.0,0,14,28,0.0,0,0.0,22.0,1.0,147.0,9,TE,0.958046,Brevin Jordan,2022,5,1.0747379,-0.1166919064559937
35.800000000000004,0.0,0,178.0,3,20,28,0.0,0,0.0,21.0,0.0,147.0,8,TE,0.958046,Brevin Jordan,2021,5,1.3410993,-0.3830532622375489
89.7,31.0,0,626.0,4,42,72,0.0,0,0.0,34.0,11.0,82.0,14,WR,6.0,Emmanuel Sanders,2021,6,5.761146,0.23885393142700195
143.5,902.0,5,233.0,0,39,44,0.0,0,0.0,24.0,2.0,126.0,17,RB,1.04829,Chuba Hubbard,2023,4,0.66183877,0.3864512300872802
75.7,466.0,2,171.0,0,14,17,0.0,0,0.0,23.0,1.0,126.0,12,RB,1.04829,Chuba Hubbard,2022,4,0.7044478,0.3438421941184997
112.6,612.0,5,174.0,1,25,37,0.0,0,0.0,22.0,0.0,126.0,16,RB,1.04829,Chuba Hubbard,2021,4,0.75025773,0.29803226951599116
180.4,7.0,0,1297.0,8,80,109,0.0,0,0.0,24.0,2.0,89.0,15,WR,1.217879,Nico Collins,2023,6,0.8961539,0.3217250731506347
30.9,0.0,0,249.0,1,20,25,0.0,0,0.0,23.0,0.0,124.0,11,TE,1.050604,John Bates,2021,5,0.8517667,0.1988372944869996
10.9,0.0,0,49.0,1,5,8,0.0,0,0.0,23.0,0.0,109.0,3,WR,0.1656,Dez Fitzpatrick,2021,6,1.0236598,-0.8580598253250122
22.96,0.0,0,168.0,1,12,23,4.0,0,0.0,23.0,2.0,82.0,13,WR,1.236,Dyami Brown,2023,6,0.94100016,0.2949998364448547
116.2,0.0,0,802.0,6,55,89,0.0,0,0.0,32.0,11.0,42.0,12,TE,8.0,Rob Gronkowski,2021,5,9.936445,-1.9364452362060547
27.8,15.0,0,143.0,2,5,14,0.0,0,0.0,22.0,1.0,82.0,7,WR,1.236,Dyami Brown,2022,6,1.6951007,-0.4591006650924683
16.1,-4.0,0,165.0,0,12,25,0.0,0,0.0,21.0,0.0,82.0,9,WR,1.236,Dyami Brown,2021,6,0.9716111,0.26438891744613646
0.5,5.0,0,0.0,0,0,1,0.0,0,0.0,26.0,2.0,56.0,3,WR,1.488378,D'Wayne Eskridge,2023,6,0.76126504,0.7271129605560303
6.800000000000001,10.0,0,58.0,0,7,13,0.0,0,0.0,25.0,1.0,56.0,8,WR,1.488378,D'Wayne Eskridge,2022,6,1.1746867,0.31369132969665525
18.3,59.0,0,64.0,1,10,20,0.0,0,0.0,24.0,0.0,56.0,8,WR,1.488378,D'Wayne Eskridge,2021,6,1.1140951,0.3742829081802368
126.6,12.0,0,1014.0,4,72,104,0.0,0,0.0,24.0,2.0,6.0,14,WR,6.771499,Jaylen Waddle,2023,6,6.7849283,-0.013429321838378527
184.2,26.0,0,1356.0,8,75,117,0.0,0,0.0,23.0,1.0,6.0,17,WR,6.771499,Jaylen Waddle,2022,6,6.628112,0.14338716070556679
143.8,3.0,1,1015.0,6,104,140,0.0,0,0.0,22.0,0.0,6.0,16,WR,6.771499,Jaylen Waddle,2021,6,6.7344007,0.03709825079345741
6.4,1.0,0,83.0,0,9,14,0.0,0,0.0,22.0,0.0,258.0,9,WR,0.889316,Dax Milne,2021,6,0.7267757,0.16254029418563842
9.7,0.0,0,37.0,1,6,7,0.0,0,0.0,23.0,1.0,258.0,7,WR,0.889316,Dax Milne,2022,6,0.69272995,0.19658605004882812
6.0,0.0,0,0.0,0,0,0,0.0,0,0.0,24.0,2.0,259.0,1,LB,0.889062,Grant Stuard,2023,1,0.6372307,0.2518313057060242
0.0,0.0,0,0.0,0,0,1,0.0,0,0.0,22.0,1.0,171.0,1,WR,0.233866,Isaiah Coulter,2021,6,0.53977305,-0.3059070469703674
8.120000000000001,24.0,1,0.0,0,0,0,43.0,0,1.0,27.0,4.0,2.0,5,QB,2.5,Mitchell Trubisky,2021,3,5.2273593,-2.7273592948913574
81.74,151.0,3,0.0,0,0,0,966.0,5,5.0,32.0,10.0,180.0,6,QB,5.5,Tyrod Taylor,2021,3,6.392179,-0.892179012298584
69.8,20.0,0,478.0,4,48,63,0.0,0,0.0,27.0,4.0,44.0,15,TE,6.0,Gerald Everett,2021,5,6.2367425,-0.23674249649047852
0.0,0.0,0,0.0,0,0,5,0.0,0,0.0,31.0,9.0,100.0,3,WR,1.075,Travis Benjamin,2021,6,1.8199692,-0.7449691772460938
29.200000000000003,15.0,0,277.0,0,39,66,0.0,0,0.0,24.0,3.0,187.0,14,WR,1.0,Ray-Ray McCloud,2021,6,1.1765647,-0.17656469345092773
34.4,80.0,0,204.0,1,37,51,0.0,0,0.0,32.0,9.0,190.0,15,RB,1.5,Rex Burkhead,2022,4,2.8468838,-1.346883773803711
79.3,427.0,3,186.0,0,25,32,0.0,0,0.0,31.0,8.0,190.0,14,RB,1.5,Rex Burkhead,2021,4,1.4305897,0.06941032409667969
70.9,0.0,0,529.0,3,46,81,0.0,0,0.0,32.0,10.0,166.0,16,WR,6.25,Marvin Jones,2022,6,6.201657,0.04834318161010742
107.2,0.0,0,832.0,4,73,120,0.0,0,0.0,31.0,9.0,166.0,17,WR,6.25,Marvin Jones,2021,6,8.6072035,-2.357203483581543
22.6,98.0,2,8.0,0,4,4,0.0,0,0.0,36.0,14.0,7.0,4,RB,0.252,Adrian Peterson,2021,4,0.67255795,-0.4205579500198364
60.10000000000001,0.0,0,481.0,2,37,66,0.0,0,0.0,23.0,1.0,89.0,10,WR,1.217879,Nico Collins,2022,6,1.6731087,-0.4552296969375611
44.5,18.0,0,367.0,1,32,56,0.0,0,0.0,23.0,2.0,27.0,15,WR,3.149854,Rashod Bateman,2023,6,2.846444,0.3034101084747314
0.0,0.0,0,0.0,0,0,1,0.0,0,0.0,23.0,1.0,252.0,1,WR,0.1656,Tyrie Cleveland,2021,6,0.51355565,-0.347955645942688
1.98,-7.0,0,0.0,0,0,0,67.0,0,0.0,31.0,10.0,10.0,6,QB,2.0,Blaine Gabbert,2021,3,2.99228,-0.9922800064086914
85.6,373.0,7,83.0,0,13,16,0.0,0,0.0,26.0,3.0,201.0,9,RB,0.92,Boston Scott,2021,4,1.7737266,-0.8537265825271606
1.2000000000000002,0.0,0,12.0,0,2,2,0.0,0,0.0,33.0,10.0,104.0,2,TE,1.14375,Luke Stocker,2021,5,1.5103358,-0.36658580303192134
102.8,0.0,0,848.0,3,54,92,0.0,0,0.0,33.0,10.0,4.0,16,WR,6.0,A.J. Green,2021,6,8.212795,-2.2127952575683594
186.6,812.0,8,454.0,2,69,84,0.0,0,0.0,26.0,4.0,4.0,14,RB,3.25,Leonard Fournette,2021,4,7.6279044,-4.377904415130615
20.6,0.0,0,66.0,2,6,7,0.0,0,0.0,38.0,16.0,28.0,6,TE,4.0,Marcedes Lewis,2022,5,4.3965883,-0.3965883255004883
34.1,233.0,1,68.0,0,16,18,0.0,0,0.0,32.0,11.0,28.0,10,RB,2.5,Mark Ingram,2022,4,2.6142573,-0.1142573356628418
0.0,0.0,0,0.0,0,0,1,0.0,0,0.0,24.0,1.0,251.0,1,TE,0.1656,Stephen Sullivan,2021,5,0.5142767,-0.3486766833305359
17.700000000000003,0.0,0,177.0,0,15,24,0.0,0,0.0,32.0,9.0,83.0,8,WR,1.14,Mohamed Sanu,2021,6,2.7263057,-1.5863057231903077
84.2,76.0,0,0.0,0,0,0,1515.0,8,9.0,33.0,10.0,35.0,8,QB,10.0,Andy Dalton,2021,3,10.900847,-0.9008474349975586
33.7,0.0,0,257.0,1,26,39,0.0,0,0.0,31.0,10.0,43.0,15,TE,6.0,Kyle Rudolph,2021,5,4.9931326,1.0068674087524414
4.6,0.0,0,46.0,0,2,6,0.0,0,0.0,25.0,2.0,251.0,4,TE,0.7425,Stephen Sullivan,2022,5,0.59816515,0.14433484554290776
81.60000000000001,554.0,2,162.0,0,27,35,0.0,0,0.0,31.0,10.0,28.0,14,RB,1.8125,Mark Ingram,2021,4,2.3567312,-0.5442311763763428
51.1,0.0,0,331.0,3,23,37,0.0,0,0.0,31.0,9.0,92.0,10,WR,8.0,T.Y. Hilton,2021,6,6.269196,1.7308039665222168
58.900000000000006,3.0,0,546.0,1,47,70,0.0,0,0.0,26.0,4.0,37.0,15,WR,2.5,Zay Jones,2021,6,5.911431,-3.411430835723877
11.4,19.0,0,35.0,0,1,2,0.0,0,0.0,33.0,11.0,88.0,5,WR,2.75,Andre Roberts,2021,6,2.2935095,0.45649051666259766
19.8,9.0,1,129.0,0,15,28,0.0,0,0.0,24.0,4.0,62.0,5,WR,8.0,JuJu Smith-Schuster,2021,6,4.9929967,3.0070033073425293
38.5,0.0,0,285.0,2,15,28,0.0,0,0.0,22.0,1.0,27.0,6,WR,3.149854,Rashod Bateman,2022,6,2.788553,0.36130100050353997
57.5,0.0,0,515.0,1,46,68,0.0,0,0.0,21.0,0.0,27.0,12,WR,3.149854,Rashod Bateman,2021,6,3.2229362,-0.0730821534118653
41.3,37.0,0,0.0,0,0,0,740.0,3,1.0,34.0,11.0,85.0,7,QB,1.2125,Colt McCoy,2021,3,4.1561084,-2.9436083793640138
144.4,21.0,1,1103.0,5,98,127,0.0,0,0.0,25.0,4.0,84.0,14,WR,15.983,Chris Godwin,2021,6,15.385373,0.5976268844604498
21.4,0.0,0,214.0,0,23,28,0.0,0,0.0,37.0,15.0,28.0,13,TE,4.0,Marcedes Lewis,2021,5,4.1216784,-0.12167835235595703
5.9,0.0,0,59.0,0,3,9,0.0,0,0.0,25.0,1.0,229.0,5,WR,0.898708,Mike Strachan,2022,6,0.5836156,0.3150923989372253
2.6,0.0,0,26.0,0,2,3,0.0,0,0.0,24.0,0.0,229.0,2,WR,0.898708,Mike Strachan,2021,6,0.69359934,0.20510865670013423
3.0,0.0,0,30.0,0,3,3,0.0,0,0.0,23.0,1.0,220.0,1,WR,0.1656,K.J. Hill,2021,6,0.69729286,-0.5316928643226624
86.36,230.0,5,0.0,0,0,0,684.0,4,5.0,32.0,10.0,1.0,7,QB,8.25,Cam Newton,2021,3,8.522547,-0.27254676818847656
37.2,-1.0,0,313.0,1,20,40,0.0,0,0.0,30.0,8.0,78.0,14,WR,1.2125,Marquise Goodwin,2021,6,3.5074358,-2.2949357986450196
12.9,1.0,0,68.0,1,6,23,0.0,0,0.0,29.0,8.0,144.0,7,WR,0.252,Kenny Stills,2021,6,3.2022793,-2.950279329299927
79.10000000000001,6.0,0,545.0,4,42,62,0.0,0,0.0,33.0,11.0,195.0,7,WR,3.1,Antonio Brown,2021,6,4.5833225,-1.483322525024414
19.0,61.0,0,9.0,0,4,5,0.0,0,0.0,23.0,0.0,119.0,6,RB,1.058199,Kene Nwangwu,2021,4,1.018745,0.03945405447387684
137.3,61.0,1,912.0,5,90,119,0.0,0,0.0,21.0,0.0,112.0,16,WR,1.066315,Amon-Ra St. Brown,2021,6,1.2583078,-0.1919928145980836
47.6,0.0,0,356.0,2,28,59,0.0,0,0.0,21.0,1.0,4.0,10,TE,8.227624,Kyle Pitts,2022,5,7.309074,0.91855007498169
108.6,0.0,0,1026.0,1,68,110,0.0,0,0.0,20.0,0.0,4.0,17,TE,8.227624,Kyle Pitts,2021,5,7.6914306,0.5361934313049321
211.9,24.0,0,1515.0,10,119,164,0.0,0,0.0,23.0,2.0,112.0,16,WR,1.066315,Amon-Ra St. Brown,2023,6,4.7410336,-3.6747185540771485
161.6,95.0,0,1161.0,6,106,146,0.0,0,0.0,22.0,1.0,112.0,16,WR,1.066315,Amon-Ra St. Brown,2022,6,0.9053533,0.16096169227600088
23.0,109.0,1,61.0,0,13,14,0.0,0,0.0,24.0,1.0,183.0,14,RB,0.930038,Avery Williams,2022,4,0.49685445,0.4331835457210541
0.72,2.0,0,0.0,0,0,0,13.0,0,0.0,38.0,16.0,250.0,1,QB,10.0,Ryan Fitzpatrick,2021,3,7.8511333,2.148866653442383
30.9,33.0,1,0.0,0,0,0,790.0,4,10.0,31.0,8.0,73.0,6,QB,1.375,Mike Glennon,2021,3,1.7400825,-0.3650825023651123
1.4,0.0,0,14.0,0,1,4,0.0,0,0.0,23.0,0.0,187.0,2,WR,0.921123,Frank Darby,2021,6,0.7003761,0.22074690661239627
84.30000000000001,-4.0,0,667.0,3,53,90,0.0,0,0.0,22.0,2.0,4.0,17,TE,8.227624,Kyle Pitts,2023,5,7.5736666,0.6539574274291997
170.08,102.0,1,0.0,0,0,0,2997.0,14,11.0,23.0,1.0,15.0,14,QB,3.896585,Mac Jones,2022,3,4.0093613,-0.11277626708984378
224.94,129.0,0,0.0,0,0,0,3801.0,22,13.0,22.0,0.0,15.0,17,QB,3.896585,Mac Jones,2021,3,3.8907387,0.00584627433776852
44.02,-1.0,0,0.0,0,0,0,953.0,5,8.0,26.0,3.0,171.0,4,QB,0.85,Mike White,2021,3,-0.15518963,1.005189633369446
55.8,4.0,0,454.0,2,20,34,0.0,0,0.0,34.0,13.0,49.0,14,WR,4.5,DeSean Jackson,2021,6,4.0777783,0.42222166061401367
262.54,339.0,4,0.0,0,0,0,4016.0,21,14.0,23.0,2.0,1.0,16,QB,9.198372,Trevor Lawrence,2023,3,8.753477,0.4448949034423837
295.62,291.0,5,0.0,0,0,0,4113.0,25,8.0,22.0,1.0,1.0,17,QB,9.198372,Trevor Lawrence,2022,3,9.07677,0.12160217120361416
9.5,14.0,0,21.0,0,2,2,0.0,0,0.0,24.0,1.0,119.0,3,RB,1.058199,Kene Nwangwu,2022,4,0.72942215,0.328776847957611
199.04,334.0,2,0.0,0,0,0,3641.0,12,17.0,21.0,0.0,1.0,17,QB,9.198372,Trevor Lawrence,2021,3,9.247611,-0.04923904583740146
0.2,0.0,0,0.0,0,0,0,5.0,0,0.0,22.0,0.0,66.0,1,QB,1.305853,Kellen Mond,2021,3,1.1216569,0.18419610531616204
46.32,28.0,0,0.0,0,0,0,638.0,5,2.0,35.0,13.0,160.0,4,QB,0.252,Josh Johnson,2021,3,0.84684765,-0.594847653388977
93.6,501.0,6,75.0,0,10,13,0.0,0,0.0,31.0,8.0,181.0,14,RB,1.075,Latavius Murray,2021,4,0.9136817,0.16131831407546993
90.4,291.0,5,253.0,1,33,50,0.0,0,0.0,22.0,0.0,150.0,16,RB,0.953881,Kenneth Gainwell,2021,4,0.7077771,0.24610391707992552
65.60000000000001,0.0,0,536.0,2,32,64,0.0,0,0.0,27.0,5.0,5.0,13,WR,12.5,Corey Davis,2022,6,13.164385,-0.6643848419189453
26.0,31.0,0,169.0,1,27,38,0.0,0,0.0,24.0,2.0,20.0,13,WR,3.429877,Kadarius Toney,2023,6,2.5627267,0.8671502639312743
43.3,82.0,1,171.0,2,16,20,0.0,0,0.0,23.0,1.0,20.0,9,WR,3.429877,Kadarius Toney,2022,6,3.0133505,0.41652651324462875
230.18,657.0,4,0.0,0,0,0,2562.0,16,9.0,24.0,2.0,11.0,13,QB,4.717988,Justin Fields,2023,3,2.8808608,1.8371271944885255
43.36,6.0,0,420.0,0,39,57,19.0,0,0.0,22.0,0.0,20.0,9,WR,3.429877,Kadarius Toney,2021,6,3.4864,-0.05652288899230973
146.6,0.0,0,1066.0,7,81,112,0.0,0,0.0,24.0,2.0,10.0,16,WR,5.035348,DeVonta Smith,2023,6,4.59088,0.44446808285522454
295.98,1143.0,8,0.0,0,0,0,2242.0,17,11.0,23.0,1.0,11.0,15,QB,4.717988,Justin Fields,2022,3,3.9730816,0.7449064112548829
126.8,420.0,2,0.0,0,0,0,1870.0,7,10.0,22.0,0.0,11.0,12,QB,4.717988,Justin Fields,2021,3,5.2623434,-0.544355406677246
65.0,178.0,1,352.0,1,40,62,0.0,0,0.0,23.0,2.0,49.0,17,WR,1.731064,Rondale Moore,2023,6,1.6189264,0.11213759409332269
46.9,-5.0,0,414.0,1,41,56,0.0,0,0.0,22.0,1.0,49.0,8,WR,1.731064,Rondale Moore,2022,6,2.3584688,-0.627404770980835
57.1,76.0,0,435.0,1,54,64,0.0,0,0.0,21.0,0.0,49.0,14,WR,1.731064,Rondale Moore,2021,6,1.5349777,0.196086325515747
2.0000000000000004,6.0,0,0.0,0,0,0,135.0,0,2.0,23.0,0.0,133.0,1,QB,1.038395,Ian Book,2021,3,0.7548919,0.2835031275939941
-0.1,-1.0,0,0.0,0,0,0,0.0,0,0.0,25.0,2.0,64.0,2,QB,1.383834,Kyle Trask,2023,3,1.0602335,0.323600526222229
0.92,0.0,0,0.0,0,0,0,23.0,0,0.0,24.0,1.0,64.0,1,QB,1.383834,Kyle Trask,2022,3,1.295851,0.08798300779724122
34.8,187.0,0,101.0,1,24,31,0.0,0,0.0,24.0,2.0,107.0,15,RB,1.07184,Michael Carter,2023,4,0.84241456,0.22942544206619253
85.0,402.0,3,288.0,0,41,54,0.0,0,0.0,23.0,1.0,107.0,16,RB,1.07184,Michael Carter,2022,4,0.6393954,0.43244458421707144
118.4,639.0,4,325.0,0,36,55,0.0,0,0.0,22.0,0.0,107.0,14,RB,1.07184,Michael Carter,2021,4,0.7349485,0.3368914841079711
67.38000000000001,364.0,2,183.0,0,30,37,17.0,0,0.0,24.0,2.0,150.0,16,RB,0.953881,Kenneth Gainwell,2023,4,1.9403781,-0.9864970698776245
64.9,240.0,4,169.0,0,23,29,0.0,0,0.0,23.0,1.0,150.0,17,RB,0.953881,Kenneth Gainwell,2022,4,0.74432516,0.20955583901977537
159.60000000000002,0.0,0,1196.0,7,95,136,0.0,0,0.0,23.0,1.0,10.0,17,WR,5.035348,DeVonta Smith,2022,6,4.9263573,0.10899073071289056
84.9,566.0,3,123.0,0,9,11,0.0,0,0.0,25.0,4.0,89.0,9,RB,0.252,D'Onta Foreman,2021,4,2.576838,-2.32483801651001
151.86,185.0,4,0.0,0,0,1,2334.0,9,11.0,22.0,0.0,2.0,13,QB,8.787695,Zach Wilson,2021,3,8.330774,0.4569206927490228
12.46,67.0,0,0.0,0,0,0,194.0,0,1.0,22.0,1.0,3.0,2,QB,8.526315,Trey Lance,2022,3,8.033073,0.49324157470703156
42.1,232.0,3,29.0,0,6,6,0.0,0,0.0,26.0,4.0,249.0,4,RB,5.2125,Chris Carson,2021,4,1.680503,3.5319969892501835
64.92,168.0,1,0.0,0,0,0,603.0,5,2.0,21.0,0.0,3.0,6,QB,8.526315,Trey Lance,2021,3,5.9973545,2.5289604925537112
10.900000000000002,65.0,0,0.0,0,0,0,210.0,1,3.0,23.0,1.0,167.0,3,QB,0.1656,Jake Fromm,2021,3,0.7965859,-0.6309859174728394
7.2,0.0,0,72.0,0,10,18,0.0,0,0.0,23.0,1.0,97.0,8,TE,1.180808,Tre' McKitty,2022,5,0.8399165,0.34089147272872933
4.5,0.0,0,45.0,0,6,8,0.0,0,0.0,22.0,0.0,97.0,6,TE,1.180808,Tre' McKitty,2021,5,1.1382992,0.04250877323913582
37.4,0.0,0,194.0,3,23,32,0.0,0,0.0,23.0,2.0,83.0,13,TE,1.231609,Tommy Tremble,2023,5,1.2389234,-0.007314430442810105
35.4,0.0,0,174.0,3,19,32,0.0,0,0.0,22.0,1.0,83.0,14,TE,1.231609,Tommy Tremble,2022,5,1.2917813,-0.060172306266784714
33.1,11.0,1,180.0,1,20,35,0.0,0,0.0,21.0,0.0,83.0,14,TE,1.231609,Tommy Tremble,2021,5,1.3182505,-0.08664153691864018
0.8,0.0,0,8.0,0,1,3,0.0,0,0.0,23.0,0.0,81.0,3,TE,1.242174,Hunter Long,2021,5,0.8836228,0.35855117485427845
14.8,57.0,1,51.0,0,4,10,0.0,0,0.0,21.0,1.0,91.0,6,WR,1.215757,Anthony Schwartz,2022,6,1.2387604,-0.023003352134704613
23.4,39.0,0,135.0,1,10,23,0.0,0,0.0,20.0,0.0,91.0,12,WR,1.215757,Anthony Schwartz,2021,6,1.2723547,-0.05659772202301028
132.20000000000002,774.0,3,228.0,2,47,58,0.0,0,0.0,23.0,2.0,35.0,16,RB,2.216439,Javonte Williams,2023,4,2.0357232,0.1807157906188963
97.92,102.0,1,2.0,1,1,1,1688.0,6,7.0,23.0,1.0,2.0,9,QB,8.787695,Zach Wilson,2022,3,9.633603,-0.8459080960083014
119.94,211.0,0,0.0,0,0,0,2271.0,8,7.0,24.0,2.0,2.0,12,QB,8.787695,Zach Wilson,2023,3,9.185612,-0.39791672485351626
374.74,81.0,2,0.0,0,0,0,5316.0,43,12.0,44.0,21.0,199.0,17,QB,25.0,Tom Brady,2021,3,25.882702,-0.8827018737792969
18.4,0.0,0,184.0,0,16,25,0.0,0,0.0,25.0,4.0,239.0,9,WR,1.1275,Noah Brown,2021,6,2.268585,-1.141084966659546
3.5,0.0,0,35.0,0,4,5,0.0,0,0.0,24.0,1.0,206.0,4,TE,0.8375,Tyler Davis,2021,5,0.71197164,0.125528359413147
51.1,5.0,0,446.0,1,37,65,0.0,0,0.0,22.0,1.0,34.0,14,WR,2.235106,Elijah Moore,2022,6,2.0832999,0.15180612474060062
6.800000000000001,0.0,0,68.0,0,10,15,0.0,0,0.0,27.0,4.0,110.0,8,WR,1.1275,Dede Westbrook,2021,6,1.6154042,-0.4879042482376099
68.7,6.0,0,581.0,2,38,61,0.0,0,0.0,23.0,2.0,77.0,10,WR,1.258014,Josh Palmer,2023,6,1.6540594,-0.3960454100952149
97.3,4.0,0,769.0,3,72,107,0.0,0,0.0,22.0,1.0,77.0,16,WR,1.258014,Josh Palmer,2022,6,0.9701381,0.28787592703247067
59.900000000000006,6.0,0,353.0,4,33,49,0.0,0,0.0,21.0,0.0,77.0,15,WR,1.258014,Josh Palmer,2021,6,0.98082024,0.2771937614097595
1.9,19.0,0,0.0,0,0,0,0.0,0,0.0,23.0,1.0,88.0,1,RB,1.218234,Trey Sermon,2022,4,1.1434689,0.0747651431884766
25.3,167.0,1,26.0,0,3,4,0.0,0,0.0,22.0,0.0,88.0,5,RB,1.218234,Trey Sermon,2021,4,0.7798483,0.4383857224311829
73.10000000000001,11.0,0,640.0,2,59,104,0.0,0,0.0,23.0,2.0,34.0,16,WR,2.235106,Elijah Moore,2023,6,1.9401733,0.29493273168182377
26.0,204.0,0,76.0,0,16,22,0.0,0,0.0,22.0,1.0,35.0,4,RB,2.216439,Javonte Williams,2022,4,3.0879948,-0.8715558139190676
58.2,0.0,0,282.0,5,24,38,0.0,0,0.0,24.0,1.0,217.0,13,WR,0.66,Jauan Jennings,2021,6,0.72898865,-0.06898864746093747
95.2,54.0,1,538.0,5,43,77,0.0,0,0.0,21.0,0.0,34.0,11,WR,2.235106,Elijah Moore,2021,6,1.876206,0.3588999596176148
224.4,1008.0,11,476.0,1,58,73,0.0,0,0.0,24.0,2.0,25.0,17,RB,3.224528,Travis Etienne,2023,4,2.7607386,0.46378938877868636
168.1,1125.0,5,316.0,0,35,45,0.0,0,0.0,23.0,1.0,25.0,17,RB,3.224528,Travis Etienne,2022,4,2.8271894,0.39733855450439437
106.4,96.0,0,0.0,0,0,0,2120.0,10,12.0,24.0,2.0,15.0,11,QB,3.896585,Mac Jones,2023,3,3.3981795,0.49840546890258786
5.6000000000000005,11.0,0,45.0,0,4,8,0.0,0,0.0,21.0,0.0,85.0,4,WR,1.224976,Amari Rodgers,2021,6,1.1942748,0.030701216865539616
27.1,7.0,0,204.0,1,16,25,0.0,0,0.0,22.0,1.0,85.0,9,WR,1.224976,Amari Rodgers,2022,6,1.1774403,0.04753571431732184
2.6,0.0,0,26.0,0,4,7,0.0,0,0.0,25.0,2.0,206.0,5,TE,0.1656,Tyler Davis,2022,5,0.7374463,-0.5718463081359864
0.52,0.0,0,0.0,0,0,0,13.0,0,0.0,28.0,5.0,247.0,1,P,3.0,Logan Cooke,2023,2,2.2786412,0.7213587760925293
23.82,3.0,0,0.0,0,0,0,338.0,3,0.0,36.0,13.0,18.0,2,QB,3.5,Joe Flacco,2021,3,4.957913,-1.4579129219055176
54.28,42.0,1,0.0,0,0,0,702.0,5,1.0,30.0,8.0,39.0,4,QB,1.2125,Geno Smith,2021,3,2.2679632,-1.0554631710052491
161.9,903.0,4,316.0,3,43,53,0.0,0,0.0,21.0,0.0,35.0,17,RB,2.216439,Javonte Williams,2021,4,2.3708994,-0.1544604388580324
29.4,21.0,0,213.0,1,24,37,0.0,0,0.0,31.0,8.0,8.0,11,WR,1.075,Tavon Austin,2021,6,2.1839724,-1.1089723587036133
30.200000000000003,0.0,0,302.0,0,31,40,0.0,0,0.0,24.0,1.0,127.0,13,TE,1.046591,Kylen Granson,2022,5,0.8715479,0.17504312221145635
9.8,0.0,0,38.0,1,3,4,0.0,0,0.0,24.0,1.0,202.0,4,RB,0.913222,Chris Evans,2022,4,0.68041295,0.2328090518684387
43.0,2.0,0,368.0,1,30,50,0.0,0,0.0,25.0,2.0,127.0,15,TE,1.046591,Kylen Granson,2023,5,0.79924226,0.24734874192810063
34.8,77.0,0,151.0,2,15,17,0.0,0,0.0,23.0,0.0,202.0,9,RB,0.913222,Chris Evans,2021,4,0.8373505,0.07587151229095457
73.4,31.0,0,483.0,3,39,67,0.0,0,0.0,23.0,2.0,57.0,14,WR,1.477175,Tutu Atwell,2023,6,1.1513395,0.3258354690551757
5.4,11.0,0,43.0,0,6,12,0.0,0,0.0,22.0,0.0,129.0,7,WR,1.044475,Jaelon Darden,2021,6,0.92222947,0.1222455311775208
180.10000000000002,1040.0,5,421.0,1,69,88,0.0,0,0.0,24.0,1.0,120.0,17,RB,1.057265,Rhamondre Stevenson,2022,4,0.9176733,0.1395917102241515
17.82,9.0,0,0.0,0,0,0,173.0,2,0.0,24.0,2.0,67.0,5,QB,1.305525,Davis Mills,2023,3,1.1936463,0.11187868824005132
166.5,1035.0,8,170.0,0,29,38,0.0,0,0.0,25.0,2.0,24.0,17,RB,3.261861,Najee Harris,2023,4,3.0329838,0.22887722009277356
223.6,21.0,0,1455.0,13,81,128,0.0,0,0.0,21.0,0.0,5.0,17,WR,7.704911,Ja'Marr Chase,2021,6,7.1745887,0.5303223197326661
155.4,8.0,0,1046.0,9,87,134,0.0,0,0.0,22.0,1.0,5.0,12,WR,7.704911,Ja'Marr Chase,2022,6,6.6265697,1.0783412520751954
45.2,34.0,1,298.0,1,18,35,0.0,0,0.0,22.0,1.0,57.0,12,WR,1.477175,Tutu Atwell,2022,6,1.2572894,0.21988559036254873
100.9,606.0,5,123.0,0,14,18,0.0,0,0.0,23.0,0.0,120.0,12,RB,1.057265,Rhamondre Stevenson,2021,4,0.8294206,0.22784437383651723
162.72,-6.0,0,1216.0,7,100,145,-7.0,0,0.0,23.0,2.0,5.0,16,WR,7.704911,Ja'Marr Chase,2023,6,6.366401,1.338509804473877
2.8000000000000003,2.0,0,26.0,0,2,2,0.0,0,0.0,23.0,1.0,129.0,3,WR,1.044475,Jaelon Darden,2022,6,0.68880135,0.35567365179061894
1.3,13.0,0,0.0,0,0,0,0.0,0,0.0,25.0,2.0,119.0,3,RB,1.058199,Kene Nwangwu,2023,4,0.6435099,0.4146890755882262
44.8,0.0,0,308.0,2,32,47,0.0,0,0.0,24.0,2.0,55.0,11,TE,1.507045,Pat Freiermuth,2023,5,1.300403,0.2066420010757446
5.1000000000000005,51.0,0,0.0,0,0,1,0.0,0,0.0,23.0,1.0,172.0,1,RB,0.1656,Jason Huntley,2021,4,0.6451378,-0.4795377868652344
15.5,0.0,0,155.0,0,13,15,0.0,0,0.0,25.0,2.0,145.0,9,TE,0.959505,Luke Farrell,2023,5,0.7855344,0.17397061813354497
226.7,1200.0,7,467.0,3,74,94,0.0,0,0.0,23.0,0.0,24.0,17,RB,3.261861,Najee Harris,2021,4,3.2192347,0.042626295028686645
156.95999999999998,44.0,0,0.0,0,0,0,2664.0,16,10.0,22.0,0.0,67.0,13,QB,1.305525,Davis Mills,2021,3,1.5732591,-0.26773411521911616
182.46,1034.0,7,229.0,3,41,53,4.0,0,0.0,24.0,1.0,24.0,17,RB,3.261861,Najee Harris,2022,4,2.7684524,0.4934085940704347
181.52,108.0,2,0.0,0,0,0,3118.0,17,15.0,23.0,1.0,67.0,15,QB,1.305525,Davis Mills,2022,3,1.243453,0.06207197418212895
107.7,619.0,4,238.0,0,38,51,0.0,0,0.0,25.0,2.0,120.0,12,RB,1.057265,Rhamondre Stevenson,2023,4,0.6490217,0.4082433148765563
10.6,0.0,0,106.0,0,11,15,0.0,0,0.0,23.0,0.0,127.0,10,TE,1.046591,Kylen Granson,2021,5,0.9321138,0.11447717372512822
4.0,0.0,0,40.0,0,4,4,0.0,0,0.0,24.0,1.0,145.0,4,TE,0.959505,Luke Farrell,2022,5,0.74270415,0.21680084693908697
36.1,58.0,0,123.0,3,23,29,0.0,0,0.0,29.0,8.0,37.0,10,RB,1.2125,Giovani Bernard,2021,4,2.4201193,-1.2076192855834962
1.1,12.0,0,-1.0,0,1,1,0.0,0,0.0,25.0,2.0,202.0,1,RB,0.913222,Chris Evans,2023,4,1.3912388,-0.478016808631897
64.9,433.0,2,96.0,0,14,16,0.0,0,0.0,23.0,0.0,217.0,14,RB,0.902676,Khalil Herbert,2021,4,0.5364577,0.3662182825813294
33.1,101.0,2,30.0,1,5,7,0.0,0,0.0,29.0,8.0,48.0,8,RB,0.343444,Le'Veon Bell,2021,4,1.9504111,-1.6069670813140868
108.8,731.0,4,57.0,1,9,12,0.0,0,0.0,24.0,1.0,217.0,13,RB,0.902676,Khalil Herbert,2022,4,0.8415972,0.06107880055999759
0.0,0.0,0,0.0,0,0,0,0.0,0,0.0,32.0,8.0,182.0,1,RB,0.252,Kenjon Barner,2021,4,1.0605245,-0.8085244636535645
91.7,0.0,0,497.0,7,60,79,0.0,0,0.0,22.0,0.0,55.0,16,TE,1.507045,Pat Freiermuth,2021,5,1.3817025,0.1253424576950073
85.2,0.0,0,732.0,2,63,98,0.0,0,0.0,23.0,1.0,55.0,15,TE,1.507045,Pat Freiermuth,2022,5,1.8631517,-0.35610666950225833
0.5000000000000001,5.0,0,0.0,0,0,0,0.0,0,0.0,23.0,0.0,233.0,2,RB,0.897057,Jake Funk,2021,4,0.8951064,0.0019506247825622491
2.3,0.0,0,23.0,0,2,5,0.0,0,0.0,22.0,0.0,221.0,3,WR,0.7425,Dazz Newsome,2021,6,0.74759436,-0.0050943565368651855
5.6000000000000005,0.0,0,56.0,0,7,11,0.0,0,0.0,23.0,0.0,145.0,8,TE,0.959505,Luke Farrell,2021,5,0.832745,0.12675998437881475
71.2,0.0,0,492.0,4,34,59,0.0,0,0.0,26.0,4.0,5.0,9,WR,12.5,Corey Davis,2021,6,12.295246,0.20475387573242188
92.5,611.0,2,134.0,1,20,31,0.0,0,0.0,25.0,2.0,217.0,12,RB,0.902676,Khalil Herbert,2023,4,0.7353706,0.16730542361831668
121.6,0.0,0,916.0,5,64,104,0.0,0,0.0,22.0,0.0,10.0,17,WR,5.035348,DeVonta Smith,2021,6,4.894059,0.14128881878662103
0.9,9.0,0,0.0,0,0,0,0.0,0,0.0,22.0,0.0,218.0,3,QB,0.902676,Sam Ehlinger,2021,3,0.7895378,0.11313821256256107
35.620000000000005,87.0,0,0.0,0,0,0,573.0,3,3.0,23.0,1.0,218.0,4,QB,0.902676,Sam Ehlinger,2022,3,0.97967166,-0.07699565708541867
47.0,3.0,0,467.0,0,38,56,0.0,0,0.0,22.0,1.0,15.0,10,WR,3.79824,Jerry Jeudy,2021,6,2.9451308,0.8531091749572752
14.1,54.0,0,27.0,1,2,4,0.0,0,0.0,22.0,0.0,93.0,4,RB,1.10943,Darrynton Evans,2020,4,0.9535419,0.15588812511444083
77.10000000000001,17.0,0,634.0,2,48,63,0.0,0,0.0,26.0,3.0,146.0,8,TE,15.0,George Kittle,2020,5,9.549129,5.450871467590332
44.2,0.0,0,322.0,2,25,34,0.0,0,0.0,23.0,2.0,133.0,14,TE,0.99136,Colby Parkinson,2022,5,0.8402802,0.1510798247909546
3.3000000000000007,0.0,0,33.0,0,5,8,0.0,0,0.0,22.0,1.0,133.0,5,TE,0.99136,Colby Parkinson,2021,5,0.99669725,-0.005337247028350811
1.6,0.0,0,16.0,0,2,2,0.0,0,0.0,21.0,0.0,133.0,1,TE,0.99136,Colby Parkinson,2020,5,0.7445305,0.2468295010185242
127.6,28.0,0,908.0,6,67,108,0.0,0,0.0,21.0,0.0,33.0,15,WR,2.171697,Tee Higgins,2020,6,2.3459134,-0.1742164101867676
137.20000000000002,40.0,0,972.0,6,67,100,0.0,0,0.0,23.0,2.0,15.0,15,WR,3.79824,Jerry Jeudy,2022,6,3.353562,0.44467788337707503
87.80000000000001,0.0,0,758.0,2,54,87,0.0,0,0.0,24.0,3.0,15.0,16,WR,3.79824,Jerry Jeudy,2023,6,3.1292007,0.6690393030548094
1.8,7.0,0,11.0,0,2,2,0.0,0,0.0,23.0,1.0,93.0,1,RB,1.10943,Darrynton Evans,2021,4,0.80349094,0.3059390632438659
36.7,0.0,0,247.0,2,25,34,0.0,0,0.0,24.0,3.0,133.0,14,TE,0.99136,Colby Parkinson,2023,5,0.96050084,0.03085916362762453
27.9,0.0,0,159.0,2,13,21,0.0,0,0.0,22.0,0.0,214.0,12,WR,0.856103,Freddie Swain,2020,6,0.7181794,0.13792359526443476
61.2,0.0,0,612.0,0,60,93,0.0,0,0.0,22.0,1.0,43.0,17,TE,1.894447,Cole Kmet,2021,5,2.909395,-1.0149479794769287
378.04,760.0,13,0.0,0,0,0,3701.0,22,6.0,24.0,2.0,53.0,15,QB,1.506294,Jalen Hurts,2022,3,2.0998573,-0.5935633303222656
28.26,13.0,1,0.0,0,0,0,624.0,2,6.0,24.0,0.0,189.0,3,QB,0.869189,Jake Luton,2020,3,0.61201113,0.2571778653755188
97.3,9.0,0,544.0,7,50,69,0.0,0,0.0,23.0,2.0,43.0,17,TE,1.894447,Cole Kmet,2022,5,2.177114,-0.28266700985717774
12.8,101.0,0,27.0,0,3,6,0.0,0,0.0,27.0,5.0,94.0,4,RB,1.0475,Ty Montgomery,2020,4,2.1999135,-1.1524135017395019
337.92,6.0,3,0.0,0,0,0,4633.0,40,12.0,43.0,20.0,199.0,16,QB,25.0,Tom Brady,2020,3,24.592037,0.4079627990722656
312.16,784.0,10,0.0,0,0,1,3144.0,16,9.0,23.0,1.0,53.0,15,QB,1.506294,Jalen Hurts,2021,3,1.0679394,0.4383545993270874
61.5,32.0,0,343.0,4,25,40,0.0,0,0.0,23.0,1.0,214.0,16,WR,0.856103,Freddie Swain,2021,6,0.5722351,0.28386789257812495
0.4,4.0,0,0.0,0,0,0,0.0,0,0.0,23.0,1.0,191.0,1,P,0.868025,Braden Mann,2021,2,0.7050699,0.16295510044097905
108.14,354.0,3,3.0,0,1,1,1061.0,6,4.0,22.0,0.0,53.0,14,QB,1.506294,Jalen Hurts,2020,3,1.4652369,0.041057097763061545
0.68,0.0,0,0.0,0,0,0,17.0,0,0.0,24.0,2.0,191.0,2,P,0.868025,Braden Mann,2022,2,0.71323115,0.15479385366439824
172.3,1159.0,6,224.0,0,34,49,0.0,0,0.0,26.0,4.0,41.0,13,RB,12.6,Dalvin Cook,2021,4,11.367023,1.2329765319824215
47.900000000000006,5.0,0,414.0,1,31,61,0.0,0,0.0,25.0,3.0,173.0,14,WR,0.894262,Darnell Mooney,2023,6,0.81859034,0.07567165700149536
105.6,0.0,0,856.0,3,52,113,0.0,0,0.0,21.0,0.0,15.0,16,WR,3.79824,Jerry Jeudy,2020,6,2.8408701,0.9573698580169676
6.300000000000001,0.0,0,63.0,0,7,11,0.0,0,0.0,32.0,9.0,104.0,9,TE,1.05,Luke Stocker,2020,5,2.1085324,-1.058532428741455
0.0,0.0,0,0.0,0,0,2,0.0,0,0.0,23.0,0.0,206.0,1,TE,0.863637,Tyler Davis,2020,5,0.68467325,0.1789637502784729
18.8,1.0,0,167.0,0,10,29,0.0,0,0.0,24.0,0.0,168.0,10,WR,0.898763,John Hightower,2020,6,0.8584462,0.04031681917953489
293.8,1557.0,16,361.0,1,44,54,0.0,0,0.0,25.0,3.0,41.0,14,RB,12.6,Dalvin Cook,2020,4,11.172058,1.4279418945312496
145.1,0.0,0,1091.0,6,74,110,0.0,0,0.0,22.0,1.0,33.0,14,WR,2.171697,Tee Higgins,2021,6,1.9578443,0.21385274264526366
91.1,20.0,0,631.0,4,61,98,0.0,0,0.0,22.0,0.0,173.0,16,WR,0.894262,Darnell Mooney,2020,6,0.44692937,0.44733263460350037
138.70000000000002,32.0,1,1055.0,4,81,140,0.0,0,0.0,23.0,1.0,173.0,17,WR,0.894262,Darnell Mooney,2021,6,1.279115,-0.3848529616241455
61.5,2.0,0,493.0,2,40,61,0.0,0,0.0,24.0,2.0,173.0,11,WR,0.894262,Darnell Mooney,2022,6,0.4231952,0.4710667869205475
15.500000000000002,0.0,0,155.0,0,13,25,0.0,0,0.0,24.0,3.0,187.0,12,WR,0.870402,Donovan Peoples-Jones,2023,6,0.6765974,0.19380458359909059
146.9,0.0,0,1029.0,7,74,109,0.0,0,0.0,23.0,2.0,33.0,14,WR,2.171697,Tee Higgins,2022,6,1.9161917,0.2555053028793335
138.20000000000002,678.0,9,164.0,0,25,35,0.0,0,0.0,26.0,5.0,10.0,15,RB,5.5,Todd Gurley,2020,4,5.830522,-0.3305220603942871
10.9,0.0,0,109.0,0,7,11,0.0,0,0.0,25.0,2.0,136.0,7,TE,0.987033,Brycen Hopkins,2022,5,0.79522747,0.19180553198623662
0.9,0.0,0,9.0,0,1,1,0.0,0,0.0,24.0,1.0,136.0,1,TE,0.987033,Brycen Hopkins,2021,5,0.6313151,0.3557178878860474
0.0,0.0,0,0.0,0,0,1,0.0,0,0.0,25.0,3.0,118.0,1,TE,1.011011,Albert Okwuegbunam,2023,5,0.47869626,0.5323147431240083
15.5,0.0,0,95.0,1,10,18,0.0,0,0.0,24.0,2.0,118.0,6,TE,1.011011,Albert Okwuegbunam,2022,5,0.84240365,0.16860734971618663
8.100000000000001,0.0,0,21.0,1,2,4,0.0,0,0.0,23.0,1.0,212.0,4,WR,0.856103,Dezmon Patmon,2021,6,0.6057393,0.25036370451736445
43.0,0.0,0,330.0,2,33,40,0.0,0,0.0,23.0,1.0,118.0,13,TE,1.011011,Albert Okwuegbunam,2021,5,0.72230107,0.28870993407821666
18.1,0.0,0,121.0,1,11,15,0.0,0,0.0,22.0,0.0,118.0,4,TE,1.011011,Albert Okwuegbunam,2020,5,0.99022335,0.02078765185928355
37.8,0.0,0,238.0,3,24,38,0.0,0,0.0,22.0,0.0,115.0,12,TE,1.016008,Harrison Bryant,2020,5,1.1061991,-0.09019114531707761
29.6,0.0,0,236.0,1,17,24,0.0,0,0.0,25.0,3.0,141.0,5,WR,0.1428,Chad Hansen,2020,6,0.79725,-0.6544499728202819
29.9,0.0,0,119.0,3,12,16,0.0,0,0.0,27.0,5.0,85.0,6,TE,4.0,Tyler Kroft,2020,5,3.6851966,0.3148033618927002
69.10000000000001,6.0,0,505.0,3,30,60,0.0,0,0.0,26.0,5.0,26.0,12,WR,6.5,Breshad Perriman,2020,6,7.009917,-0.5099167823791504
7.800000000000001,0.0,0,78.0,0,5,7,0.0,0,0.0,26.0,3.0,136.0,4,TE,0.987033,Brycen Hopkins,2023,5,0.76752496,0.2195080423431397
39.900000000000006,108.0,2,111.0,1,17,20,0.0,0,0.0,21.0,0.0,144.0,8,RB,0.94735,DeeJay Dallas,2020,4,0.77744734,0.1699026571273804
-1.0,0.0,0,0.0,0,0,0,25.0,0,1.0,23.0,1.0,122.0,1,QB,1.006816,Jacob Eason,2021,3,1.084622,-0.0778060254898072
1.6,0.0,0,16.0,0,3,5,0.0,0,0.0,21.0,0.0,101.0,3,TE,1.078703,Dalton Keene,2020,5,0.82798207,0.25072093193817135
36.0,0.0,0,360.0,0,36,55,0.0,0,0.0,23.0,1.0,161.0,15,WR,0.902355,Tyler Johnson,2021,6,0.9240221,-0.021667078514099103
28.9,0.0,0,169.0,2,12,17,0.0,0,0.0,22.0,0.0,161.0,10,WR,0.902355,Tyler Johnson,2020,6,0.9077277,-0.005372718353271466
6.2,36.0,0,26.0,0,6,9,0.0,0,0.0,24.0,3.0,144.0,10,RB,0.94735,DeeJay Dallas,2023,4,0.7025837,0.24476632938385012
29.200000000000003,186.0,0,126.0,0,17,19,0.0,0,1.0,23.0,2.0,144.0,11,RB,0.94735,DeeJay Dallas,2022,4,0.7597333,0.1876166807174683
39.1,138.0,2,133.0,0,21,23,0.0,0,0.0,22.0,1.0,144.0,11,RB,0.94735,DeeJay Dallas,2021,4,0.8440123,0.10333767995834353
26.700000000000003,0.0,0,207.0,1,18,22,0.0,0,0.0,25.0,2.0,105.0,12,TE,1.077803,Adam Trautman,2022,5,0.84230953,0.23549346545028693
62.1,0.0,0,441.0,3,38,48,0.0,0,0.0,30.0,9.0,64.0,10,WR,9.0,Randall Cobb,2020,6,9.548863,-0.548863410949707
95.6,0.0,0,656.0,5,42,76,0.0,0,0.0,24.0,3.0,33.0,12,WR,2.171697,Tee Higgins,2023,6,3.0259986,-0.854301592376709
90.8,625.0,2,123.0,1,11,14,0.0,0,0.0,21.0,0.0,52.0,11,RB,1.543261,Cam Akers,2020,4,1.1706495,0.372611471496582
35.7,167.0,2,70.0,0,11,12,0.0,0,0.0,24.0,3.0,52.0,7,RB,1.543261,Cam Akers,2023,4,1.5094485,0.03381247171020507
41.3,0.0,0,233.0,3,21,28,0.0,0,0.0,23.0,1.0,115.0,13,TE,1.016008,Harrison Bryant,2021,5,1.039788,-0.023780007736206032
128.3,786.0,7,117.0,0,13,18,0.0,0,0.0,23.0,2.0,52.0,15,RB,1.543261,Cam Akers,2022,4,1.2966216,0.24663943894958495
1.3,3.0,0,10.0,0,3,3,0.0,0,0.0,22.0,1.0,52.0,1,RB,1.543261,Cam Akers,2021,4,1.024779,0.518482037864685
30.700000000000003,8.0,0,239.0,1,31,42,0.0,0,0.0,24.0,2.0,115.0,14,TE,1.016008,Harrison Bryant,2022,5,0.953244,0.06276402912902834
18.8,23.0,0,165.0,0,7,14,0.0,0,0.0,23.0,2.0,46.0,6,WR,1.784284,K.J. Hamler,2022,6,2.1708803,-0.3865963176879883
324.3,1459.0,14,564.0,7,67,83,0.0,0,0.0,27.0,6.0,8.0,16,RB,16.015853,Christian McCaffrey,2023,4,16.002562,0.013291430786132707
44.400000000000006,0.0,0,304.0,2,14,20,0.0,0,0.0,21.0,0.0,187.0,7,WR,0.870402,Donovan Peoples-Jones,2020,6,0.76814216,0.10225983624649049
75.7,0.0,0,597.0,3,34,58,0.0,0,0.0,22.0,1.0,187.0,13,WR,0.870402,Donovan Peoples-Jones,2021,6,0.76875097,0.10165103440475465
7.4,0.0,0,74.0,0,5,10,0.0,0,0.0,22.0,1.0,46.0,3,WR,1.784284,K.J. Hamler,2021,6,1.727647,0.056637053092956524
60.1,40.0,0,381.0,3,30,56,0.0,0,0.0,21.0,0.0,46.0,12,WR,1.784284,K.J. Hamler,2020,6,1.9602399,-0.17595588723754885
106.1,2.0,0,839.0,3,61,96,0.0,0,0.0,23.0,2.0,187.0,17,WR,0.870402,Donovan Peoples-Jones,2022,6,0.6421146,0.22828742032241822
27.9,-1.0,0,220.0,1,19,31,0.0,0,0.0,24.0,0.0,57.0,13,WR,1.402785,Van Jefferson,2020,6,1.1786035,0.2241814700698852
127.0,20.0,0,910.0,6,71,94,0.0,0,0.0,27.0,4.0,146.0,14,TE,15.0,George Kittle,2021,5,12.866781,2.133218765258789
140.5,0.0,0,765.0,11,60,86,0.0,0,0.0,28.0,5.0,146.0,15,TE,15.0,George Kittle,2022,5,13.155437,1.8445625305175781
1.28,10.0,0,0.0,0,0,0,7.0,0,0.0,25.0,2.0,249.0,5,QB,0.555,Logan Woodside,2020,3,0.6563047,-0.10130471706390376
36.3,0.0,0,263.0,2,27,43,0.0,0,0.0,24.0,1.0,105.0,11,TE,1.077803,Adam Trautman,2021,5,0.94399846,0.13380454399871833
23.1,0.0,0,171.0,1,15,16,0.0,0,0.0,23.0,0.0,105.0,10,TE,1.077803,Adam Trautman,2020,5,0.9479104,0.1298925719528199
67.6,1.0,0,375.0,5,28,39,0.0,0,0.0,31.0,10.0,64.0,11,WR,9.0,Randall Cobb,2021,6,7.4465637,1.553436279296875
118.2,20.0,0,802.0,6,50,89,0.0,0,0.0,25.0,1.0,57.0,17,WR,1.402785,Van Jefferson,2021,6,2.2906048,-0.8878198297882081
21.3,4.0,0,209.0,0,20,43,0.0,0,0.0,27.0,3.0,57.0,14,WR,1.402785,Van Jefferson,2023,6,1.3248227,0.07796233573913569
54.9,0.0,0,369.0,3,24,44,0.0,0,0.0,26.0,2.0,57.0,10,WR,1.402785,Van Jefferson,2022,6,1.816633,-0.41384798606872564
0.0,0.0,0,0.0,0,0,2,0.0,0,0.0,32.0,9.0,125.0,2,RB,1.75,Taiwan Jones,2020,4,1.2663336,0.48366641998291016
13.7,0.0,0,77.0,1,8,21,0.0,0,0.0,25.0,3.0,49.0,7,WR,1.654159,Chase Claypool,2023,6,2.311956,-0.6577969288024903
14.3,0.0,0,83.0,1,9,12,0.0,0,0.0,26.0,5.0,246.0,6,TE,0.91,Geoff Swaim,2020,5,2.0792494,-1.1692493820190428
166.2,795.0,11,247.0,0,36,44,0.0,0,0.0,22.0,0.0,66.0,14,RB,1.23316,Antonio Gibson,2020,4,0.9525273,0.28063271537780765
3.5,3.0,0,32.0,0,3,6,0.0,0,0.0,23.0,1.0,237.0,2,WR,0.695,Terry Godwin,2020,6,0.6673157,0.02768427848815913
58.1,49.0,0,452.0,2,26,43,0.0,0,0.0,21.0,0.0,12.0,13,WR,4.167907,Henry Ruggs,2020,6,4.7121243,-0.544217347686768
187.1,1037.0,7,294.0,3,42,52,0.0,0,0.0,23.0,1.0,66.0,16,RB,1.23316,Antonio Gibson,2021,4,1.0849609,0.14819906250000003
33.1,70.0,0,201.0,0,20,26,0.0,0,0.0,22.0,0.0,92.0,14,WR,1.116927,Devin Duvernay,2020,6,1.1142768,0.002650233222961429
119.9,546.0,3,353.0,2,46,58,0.0,0,0.0,24.0,2.0,66.0,15,RB,1.23316,Antonio Gibson,2022,4,1.0362719,0.19688807025909427
79.4,265.0,1,389.0,2,48,59,0.0,0,0.0,25.0,3.0,66.0,16,RB,1.23316,Antonio Gibson,2023,4,2.0523038,-0.8191437910461425
0.0,0.0,0,0.0,0,0,0,0.0,0,0.0,39.0,15.0,203.0,1,P,2.475,Sam Koch,2021,2,3.4267073,-0.9517072677612304
194.6,47.0,0,1359.0,9,107,156,0.0,0,0.0,23.0,2.0,17.0,17,WR,3.502504,CeeDee Lamb,2022,6,3.058118,0.4443858950653077
51.5,1.0,0,354.0,3,33,51,0.0,0,0.0,24.0,2.0,200.0,16,WR,0.866165,Quez Watkins,2022,6,0.6439978,0.2221672115707397
153.8,76.0,0,1102.0,6,79,120,0.0,0,0.0,22.0,1.0,17.0,16,WR,3.502504,CeeDee Lamb,2021,6,3.3168778,0.18562615805053717
143.70000000000002,82.0,1,935.0,5,74,111,0.0,0,0.0,21.0,0.0,17.0,16,WR,3.502504,CeeDee Lamb,2020,6,3.393107,0.1093970625915528
60.5,16.0,0,469.0,2,24,36,0.0,0,0.0,22.0,1.0,12.0,7,WR,4.167907,Henry Ruggs,2021,6,4.8377743,-0.6698672767333989
107.6,96.0,0,860.0,2,59,105,0.0,0,0.0,23.0,1.0,49.0,15,WR,1.654159,Chase Claypool,2021,6,1.6822718,-0.028112838188171452
73.0,3.0,0,647.0,1,43,62,0.0,0,0.0,23.0,1.0,200.0,17,WR,0.866165,Quez Watkins,2021,6,1.0988039,-0.2326388778305054
16.6,0.0,0,106.0,1,7,13,0.0,0,0.0,22.0,0.0,200.0,4,WR,0.866165,Quez Watkins,2020,6,0.7936836,0.0724814114952087
59.04,59.0,0,451.0,1,46,79,1.0,1,0.0,24.0,2.0,49.0,15,WR,1.654159,Chase Claypool,2022,6,1.2020003,0.45215873964691156
279.26,147.0,0,-10.0,0,2,2,4739.0,25,10.0,24.0,2.0,6.0,17,QB,6.644689,Justin Herbert,2022,3,6.888599,-0.2439099189147953
0.6,0.0,0,0.0,0,0,0,15.0,0,0.0,38.0,14.0,203.0,1,P,2.475,Sam Koch,2020,2,2.4644687,0.010531282424926847
271.36,1139.0,8,741.0,5,85,108,34.0,1,0.0,26.0,5.0,8.0,17,RB,16.015853,Christian McCaffrey,2022,4,16.115093,-0.09924023120117198
2.5,22.0,0,3.0,0,1,7,0.0,0,0.0,22.0,0.0,142.0,4,WR,0.94735,Antonio Gandy-Golden,2020,6,0.807862,0.1394880162239075
151.6,803.0,5,313.0,2,34,37,0.0,0,0.0,23.0,1.0,62.0,17,RB,1.321458,A.J. Dillon,2021,4,1.173459,0.14799894696044924
38.3,242.0,2,21.0,0,2,2,0.0,0,0.0,22.0,0.0,62.0,9,RB,1.321458,A.J. Dillon,2020,4,1.0810583,0.2403997362213135
11.400000000000002,0.0,0,114.0,0,13,15,0.0,0,0.0,25.0,2.0,94.0,9,TE,1.104921,Josiah Deguara,2022,5,1.0467337,0.05818726300811772
6.500000000000001,0.0,0,65.0,0,8,8,0.0,0,0.0,26.0,3.0,94.0,4,TE,1.104921,Josiah Deguara,2023,5,1.0229192,0.08200182199096684
11.7,-1.0,0,0.0,0,0,0,195.0,1,0.0,23.0,2.0,26.0,4,QB,3.095868,Jordan Love,2022,3,2.7041926,0.39167536160278305
149.8,23.0,0,1015.0,8,78,114,0.0,0,0.0,24.0,2.0,25.0,17,WR,3.132838,Brandon Aiyuk,2022,6,2.4596436,0.6731943976287842
332.84000000000003,234.0,5,0.0,0,0,0,4336.0,31,10.0,22.0,0.0,6.0,15,QB,6.644689,Justin Herbert,2020,3,6.3789854,0.2657035950317379
108.5,10.0,0,655.0,7,50,82,0.0,0,0.0,24.0,1.0,176.0,17,WR,0.890693,K.J. Osborn,2021,6,0.80375844,0.08693455759811397
72.0,0.0,0,540.0,3,48,75,0.0,0,0.0,26.0,3.0,176.0,15,WR,0.890693,K.J. Osborn,2023,6,2.3305292,-1.4398362129516602
21.14,27.0,0,0.0,0,0,0,411.0,2,3.0,22.0,1.0,26.0,6,QB,3.095868,Jordan Love,2021,3,3.0875185,0.008349546401977381
174.2,0.0,0,1342.0,7,75,105,0.0,0,0.0,25.0,3.0,25.0,16,WR,3.132838,Brandon Aiyuk,2023,6,3.9710906,-0.83825255519104
114.3,17.0,0,826.0,5,56,84,0.0,0,0.0,23.0,1.0,25.0,16,WR,3.132838,Brandon Aiyuk,2021,6,2.969453,0.1633849036102295
124.5,77.0,2,748.0,5,60,96,0.0,0,0.0,22.0,0.0,25.0,12,WR,3.132838,Brandon Aiyuk,2020,6,3.7145154,-0.5816774476165771
36.5,0.0,0,245.0,2,25,33,0.0,0,0.0,24.0,1.0,94.0,12,TE,1.104921,Josiah Deguara,2021,5,1.1818976,-0.07697664022827144
139.6,770.0,7,206.0,0,28,43,0.0,0,0.0,24.0,2.0,62.0,17,RB,1.321458,A.J. Dillon,2022,4,1.3099056,0.011552351768493674
44.2,50.0,0,272.0,2,33,47,0.0,0,0.0,23.0,1.0,92.0,15,WR,1.116927,Devin Duvernay,2021,6,1.0165972,0.10032984824371338
3.1000000000000005,31.0,0,0.0,0,0,0,0.0,0,0.0,23.0,1.0,120.0,2,RB,1.010086,La'Mical Perine,2021,4,0.7755065,0.23457950357055668
41.50000000000001,232.0,2,63.0,0,11,15,0.0,0,0.0,22.0,0.0,120.0,9,RB,1.010086,La'Mical Perine,2020,4,0.7816527,0.2284333110198975
382.76,302.0,3,0.0,0,0,0,5014.0,38,15.0,23.0,1.0,6.0,17,QB,6.644689,Justin Herbert,2021,3,6.923986,-0.2792969580993656
11.5,55.0,0,60.0,0,10,10,0.0,0,0.0,24.0,3.0,42.0,8,WR,1.924017,Laviska Shenault,2023,6,2.324769,-0.4007520200805663
79.1,84.0,1,407.0,3,37,49,0.0,0,0.0,24.0,2.0,92.0,14,WR,1.116927,Devin Duvernay,2022,6,1.096632,0.020294996215820316
45.7,65.0,1,272.0,1,27,32,0.0,0,0.0,23.0,2.0,42.0,13,WR,1.924017,Laviska Shenault,2022,6,1.8674519,0.056565093795776455
64.0,41.0,0,619.0,0,63,100,0.0,0,0.0,22.0,1.0,42.0,16,WR,1.924017,Laviska Shenault,2021,6,1.719878,0.2041390417022706
99.1,91.0,0,600.0,5,58,79,0.0,0,0.0,21.0,0.0,42.0,14,WR,1.924017,Laviska Shenault,2020,6,1.4893278,0.4346892116470338
3.3,15.0,0,18.0,0,4,9,0.0,0,0.0,25.0,3.0,92.0,6,WR,1.116927,Devin Duvernay,2023,6,0.92161727,0.1953097304840088
1.2000000000000002,0.0,0,12.0,0,1,2,0.0,0,0.0,23.0,0.0,94.0,1,TE,1.104921,Josiah Deguara,2020,5,0.8598401,0.24508090495681767
20.200000000000003,0.0,0,142.0,1,15,21,0.0,0,0.0,25.0,3.0,200.0,5,WR,0.866165,Quez Watkins,2023,6,0.7734316,0.09273340085983273
166.4,986.0,9,158.0,1,32,44,0.0,0,0.0,27.0,5.0,15.0,15,RB,8.0,Melvin Gordon,2020,4,8.594117,-0.5941171646118164
7.300000000000001,8.0,0,5.0,1,1,2,0.0,0,0.0,31.0,9.0,136.0,4,RB,1.1875,Anthony Sherman,2020,4,1.6816717,-0.49417173862457275
10.5,0.0,0,105.0,0,11,21,0.0,0,0.0,23.0,1.0,165.0,7,WR,0.900538,Collin Johnson,2021,6,0.78629696,0.11424103630828852
7.300000000000001,0.0,0,73.0,0,7,11,0.0,0,0.0,22.0,0.0,220.0,5,WR,0.849956,K.J. Hill,2020,6,0.7321906,0.11776539102172856
8.9,29.0,1,0.0,0,0,1,0.0,0,0.0,22.0,0.0,151.0,3,WR,0.908828,Joe Reed,2020,6,0.94088775,-0.03205974919509891
34.0,-3.0,0,243.0,2,28,44,0.0,0,0.0,21.0,0.0,43.0,13,TE,1.894447,Cole Kmet,2020,5,2.2918983,-0.397451250579834
270.2,113.0,2,1749.0,12,135,181,0.0,0,0.0,24.0,3.0,17.0,17,WR,3.502504,CeeDee Lamb,2023,6,4.2407675,-0.738263478942871
138.20000000000002,2.0,0,1020.0,6,65,90,0.0,0,0.0,29.0,6.0,146.0,16,TE,15.0,George Kittle,2023,5,11.63759,3.3624095916748047
53.7,405.0,2,32.0,0,8,12,0.0,0,0.0,25.0,3.0,112.0,17,RB,1.018836,Joshua Kelley,2023,4,0.7340953,0.284740724597931
50.8,287.0,2,101.0,0,14,25,0.0,0,0.0,24.0,2.0,112.0,12,RB,1.018836,Joshua Kelley,2022,4,0.709464,0.3093719864234925
198.8,1173.0,8,295.0,2,39,56,0.0,0,0.0,27.0,5.0,41.0,17,RB,12.6,Dalvin Cook,2022,4,11.779216,0.8207841873168942
12.0,102.0,0,38.0,0,5,6,0.0,0,0.0,23.0,1.0,112.0,8,RB,1.018836,Joshua Kelley,2021,4,0.8082195,0.21061650756454475
11.2,2.0,0,110.0,0,11,15,0.0,0,0.0,29.0,5.0,117.0,11,TE,1.7,Blake Bell,2020,5,2.4270015,-0.7270014762878418
37.7,0.0,0,357.0,0,23,44,0.0,0,0.0,22.0,0.0,59.0,9,WR,1.358424,Denzel Mims,2020,6,1.5292774,-0.17085344388580315
95.6,6.0,0,650.0,5,60,90,0.0,0,0.0,25.0,2.0,176.0,17,WR,0.890693,K.J. Osborn,2022,6,0.862697,0.027995994728088336
41.2,0.0,0,272.0,2,18,31,0.0,0,0.0,22.0,0.0,165.0,10,WR,0.900538,Collin Johnson,2020,6,0.9801982,-0.07966020451736455
142.6,794.0,5,192.0,2,27,37,0.0,0,0.0,25.0,3.0,86.0,14,RB,1.13052,Zack Moss,2023,4,1.8556347,-0.7251146893310547
239.96,-8.0,0,0.0,0,0,0,4169.0,24,11.0,38.0,16.0,4.0,16,QB,25.0,Philip Rivers,2020,3,24.72488,0.2751197814941406
18.9,25.0,0,104.0,1,8,13,0.0,0,0.0,23.0,2.0,21.0,10,WR,3.31767,Jalen Reagor,2022,6,2.823041,0.49462903778076184
45.1,32.0,0,299.0,2,33,57,0.0,0,0.0,22.0,1.0,21.0,17,WR,3.31767,Jalen Reagor,2021,6,2.962152,0.35551799575805676
56.2,26.0,0,396.0,1,31,54,0.0,0,0.0,21.0,0.0,21.0,11,WR,3.31767,Jalen Reagor,2020,6,2.5400007,0.7776693228912355
90.5,442.0,1,343.0,1,37,41,0.0,0,0.0,25.0,4.0,8.0,7,RB,16.015853,Christian McCaffrey,2021,4,12.215152,3.8007012131958007
6.960000000000001,22.0,0,0.0,0,0,0,219.0,0,0.0,23.0,0.0,231.0,2,QB,0.847537,Ben DiNucci,2020,3,1.1376164,-0.2900793959503174
64.60000000000001,313.0,2,193.0,0,25,34,0.0,0,0.0,23.0,2.0,222.0,12,RB,0.849429,Eno Benjamin,2022,4,0.7232227,0.12620632706069945
22.0,118.0,1,42.0,0,6,7,0.0,0,0.0,22.0,1.0,222.0,7,RB,0.849429,Eno Benjamin,2021,4,0.5786244,0.270804572681427
73.4,225.0,5,149.0,1,17,19,0.0,0,0.0,24.0,3.0,8.0,3,RB,16.015853,Christian McCaffrey,2020,4,7.086871,8.928981852844238
87.60000000000001,481.0,4,95.0,1,14,18,0.0,0,0.0,22.0,0.0,86.0,13,RB,1.13052,Zack Moss,2020,4,0.9855068,0.14501322700500485
82.2,345.0,4,197.0,1,23,32,0.0,0,0.0,23.0,1.0,86.0,13,RB,1.13052,Zack Moss,2021,4,0.9021923,0.22832770540237424
53.5,456.0,1,39.0,0,11,13,0.0,0,0.0,24.0,2.0,86.0,13,RB,1.13052,Zack Moss,2022,4,0.7979719,0.33254809572219846
13.3,0.0,0,133.0,0,8,23,0.0,0,0.0,23.0,1.0,59.0,10,WR,1.358424,Denzel Mims,2021,6,1.322161,0.03626304075622566
18.6,0.0,0,186.0,0,11,25,0.0,0,0.0,24.0,2.0,59.0,9,WR,1.358424,Denzel Mims,2022,6,1.3188136,0.0396104376068116
240.66,24.0,1,1809.0,8,128,184,34.0,0,0.0,23.0,2.0,22.0,17,WR,3.280702,Justin Jefferson,2022,6,3.134374,0.14632809672546365
112.5,604.0,7,101.0,0,12,18,0.0,0,0.0,35.0,13.0,7.0,16,RB,1.05,Adrian Peterson,2020,4,1.0815662,-0.03156621456146236
143.1,542.0,5,389.0,3,48,70,0.0,0,0.0,23.0,2.0,35.0,14,RB,2.13473,D'Andre Swift,2022,4,1.6268672,0.5078628248977659
146.9,617.0,5,452.0,2,62,78,0.0,0,0.0,22.0,1.0,35.0,13,RB,2.13473,D'Andre Swift,2021,4,2.0336258,0.10110415885925272
40.2,115.0,2,127.0,1,19,30,0.0,0,0.0,29.0,9.0,149.0,16,RB,1.55,Dion Lewis,2020,4,1.9620895,-0.4120895385742187
53.10000000000001,223.0,1,188.0,1,17,22,0.0,0,0.0,24.0,3.0,32.0,15,RB,2.705394,Clyde Edwards-Helaire,2023,4,2.2914588,0.41393515486145027
136.2,-12.0,0,1074.0,5,68,100,0.0,0,0.0,24.0,3.0,22.0,10,WR,3.280702,Justin Jefferson,2023,6,4.783888,-1.50318586315918
143.8,521.0,8,357.0,2,46,57,0.0,0,0.0,21.0,0.0,35.0,13,RB,2.13473,D'Andre Swift,2020,4,2.1625855,-0.027855496902466026
81.3,302.0,3,151.0,3,17,23,0.0,0,0.0,23.0,2.0,32.0,10,RB,2.705394,Clyde Edwards-Helaire,2022,4,2.4579642,0.24742981809997566
98.6,517.0,4,129.0,2,19,23,0.0,0,0.0,22.0,1.0,32.0,10,RB,2.705394,Clyde Edwards-Helaire,2021,4,2.8213236,-0.11592963319396965
152.9,16.0,2,873.0,9,62,109,0.0,0,0.0,22.0,0.0,49.0,16,WR,1.654159,Chase Claypool,2020,6,1.6258833,0.028275659164428646
140.0,803.0,4,297.0,1,36,54,0.0,0,0.0,21.0,0.0,32.0,13,RB,2.705394,Clyde Edwards-Helaire,2020,4,2.5219166,0.18347737211608894
167.1,918.0,8,213.0,2,28,38,0.0,0,0.0,28.0,6.0,15.0,16,RB,8.0,Melvin Gordon,2021,4,6.9526787,1.0473213195800781
160.3,1049.0,5,214.0,1,39,49,0.0,0,0.0,24.0,3.0,35.0,16,RB,2.13473,D'Andre Swift,2023,4,3.4446528,-1.3099227957916262
25.300000000000004,0.0,0,193.0,1,11,15,0.0,0,0.0,21.0,0.0,81.0,9,WR,1.156645,Bryan Edwards,2020,6,0.97532165,0.181323349494934
-0.6000000000000001,-6.0,0,0.0,0,0,0,0.0,0,0.0,26.0,3.0,249.0,4,QB,0.555,Logan Woodside,2021,3,-0.08228184,0.637281842827797
186.2,2.0,0,1400.0,7,88,125,0.0,0,0.0,21.0,0.0,22.0,16,WR,3.280702,Justin Jefferson,2020,6,3.0942178,0.18648422274780252
222.4,14.0,0,1616.0,10,108,167,35.0,0,0.0,22.0,1.0,22.0,17,WR,3.280702,Justin Jefferson,2021,6,3.6066933,-0.32599126782226584
1.9,19.0,0,0.0,0,1,2,0.0,0,0.0,22.0,0.0,172.0,3,RB,0.896328,Jason Huntley,2020,4,0.8726881,0.02363988535690309
22.0,42.0,0,58.0,2,8,9,0.0,0,0.0,27.0,5.0,54.0,6,RB,1.0475,Ameer Abdullah,2020,4,2.151161,-1.103660955429077
58.2,354.0,2,148.0,0,23,23,0.0,0,0.0,22.0,0.0,112.0,13,RB,1.018836,Joshua Kelley,2020,4,0.85785353,0.1609824681625367
1.5,0.0,0,15.0,0,2,3,0.0,0,0.0,24.0,2.0,166.0,1,WR,0.899823,Quintez Cephus,2022,6,0.5617222,0.3381007810096741
34.4,0.0,0,204.0,2,15,22,0.0,0,0.0,23.0,1.0,166.0,5,WR,0.899823,Quintez Cephus,2021,6,0.888177,0.011646022365570108
75.10000000000001,0.0,0,571.0,3,34,59,0.0,0,0.0,22.0,1.0,81.0,16,WR,1.156645,Bryan Edwards,2021,6,1.161831,-0.005186021308899003
46.900000000000006,0.0,0,349.0,2,20,35,0.0,0,0.0,22.0,0.0,166.0,11,WR,0.899823,Quintez Cephus,2020,6,0.6278203,0.2720026870231629
7.300000000000001,0.0,0,73.0,0,5,8,0.0,0,0.0,25.0,4.0,117.0,5,WR,1.21,Pharoh Cooper,2020,6,1.6973065,-0.48730651378631595
0.8,8.0,0,0.0,0,0,0,0.0,0,0.0,23.0,1.0,194.0,1,RB,0.229071,Dexter Williams,2020,4,0.6392397,-0.4101687284507751
16.9,0.0,0,49.0,2,6,7,0.0,0,0.0,25.0,4.0,23.0,4,WR,0.204,Laquon Treadwell,2020,6,1.8284651,-1.6244651041030884
12.1,91.0,0,30.0,0,5,10,0.0,0,0.0,27.0,4.0,143.0,4,RB,0.204,DeAndre Washington,2020,4,1.6585876,-1.4545875749588013
62.60000000000001,0.0,0,466.0,3,45,59,0.0,0,0.0,25.0,4.0,126.0,15,WR,2.2975,Demarcus Robinson,2020,6,3.6355386,-1.3380385780334474
0.0,0.0,0,0.0,0,0,3,0.0,0,0.0,25.0,4.0,140.0,3,WR,0.204,Tajae Sharpe,2020,6,1.3234537,-1.1194536647796631
1.0,0.0,0,10.0,0,1,2,0.0,0,0.0,27.0,4.0,177.0,2,TE,0.835,Temarrick Hemingway,2020,5,1.3500448,-0.515044846534729
218.66000000000005,1167.0,12,214.0,0,28,36,14.0,2,0.0,29.0,7.0,45.0,17,RB,10.278,Derrick Henry,2023,4,8.659425,1.618575218200684
269.76,1538.0,13,398.0,0,33,41,4.0,1,0.0,28.0,6.0,45.0,16,RB,10.278,Derrick Henry,2022,4,10.199696,0.07830441284179734
175.3,937.0,10,154.0,0,18,20,5.0,1,0.0,27.0,5.0,45.0,8,RB,10.278,Derrick Henry,2021,4,10.016965,0.2610350875854497
314.1,2027.0,17,114.0,0,19,31,0.0,0,0.0,26.0,4.0,45.0,16,RB,10.278,Derrick Henry,2020,4,9.968137,0.3098632125854497
29.700000000000003,60.0,4,-3.0,0,1,1,0.0,0,0.0,25.0,4.0,150.0,7,RB,4.875,Jordan Howard,2020,4,6.118632,-1.2436318397521973
-1.5199999999999998,12.0,0,0.0,0,0,0,32.0,0,1.0,26.0,4.0,187.0,1,QB,1.7,Nate Sudfeld,2020,3,1.7930648,-0.09306483268737797
54.760000000000005,22.0,0,0.0,0,0,0,864.0,6,3.0,35.0,12.0,18.0,5,QB,1.5,Joe Flacco,2020,3,2.0426493,-0.5426492691040039
134.64,93.0,3,11.0,1,1,1,1856.0,9,4.0,27.0,4.0,135.0,5,QB,31.409,Dak Prescott,2020,3,28.85866,2.5503402557373036
280.22,389.0,0,0.0,0,0,0,4183.0,27,14.0,27.0,6.0,10.0,16,QB,45.0,Patrick Mahomes,2023,3,42.011513,2.9884872436523438
0.6000000000000001,5.0,0,21.0,0,4,4,0.0,0,0.0,26.0,4.0,156.0,1,RB,0.204,Jonathan Williams,2020,4,2.2464972,-2.0424971542358397
374.4,308.0,2,0.0,0,0,2,4740.0,38,6.0,24.0,3.0,10.0,15,QB,45.0,Patrick Mahomes,2020,3,42.78124,2.218761444091797
23.72,-2.0,1,0.0,0,0,0,248.0,2,0.0,35.0,12.0,57.0,3,QB,1.625,Chad Henne,2020,3,1.984299,-0.3592989444732666
3.28,0.0,0,0.0,0,0,0,82.0,0,0.0,36.0,13.0,57.0,4,QB,1.625,Chad Henne,2021,3,1.8878678,-0.26286780834198
68.7,423.0,3,84.0,0,17,21,0.0,0,0.0,28.0,4.0,136.0,15,RB,1.0475,Devontae Booker,2020,4,1.5590284,-0.511528387069702
361.66,381.0,2,0.0,0,0,0,4839.0,37,13.0,25.0,4.0,10.0,17,QB,45.0,Patrick Mahomes,2021,3,45.56359,-0.5635910034179688
83.9,0.0,0,599.0,4,37,52,0.0,0,0.0,25.0,4.0,172.0,12,WR,0.91,Rashard Higgins,2020,6,4.6882477,-3.7782476806640624
0.0,0.0,0,0.0,0,0,1,0.0,0,0.0,27.0,4.0,138.0,1,TE,1.0475,Seth DeValve,2020,5,1.3565812,-0.3090812110900878
416.4,358.0,4,6.0,0,1,1,5250.0,41,12.0,26.0,5.0,10.0,17,QB,45.0,Patrick Mahomes,2022,3,44.167522,0.8324775695800781
29.9,0.0,0,239.0,1,24,37,0.0,0,0.0,35.0,13.0,31.0,11,TE,7.0,Greg Olsen,2020,5,5.2008142,1.7991857528686523
85.30000000000001,0.0,0,613.0,4,60,93,0.0,0,0.0,25.0,4.0,35.0,14,TE,10.607,Hunter Henry,2020,5,8.441605,2.165395385742187
7.2,53.0,0,19.0,0,3,4,0.0,0,0.0,25.0,2.0,76.0,5,RB,1.17711,Ke'Shawn Vaughn,2022,4,0.756647,0.4204630092239381
32.6,180.0,2,26.0,0,4,8,0.0,0,0.0,24.0,1.0,76.0,6,RB,1.17711,Ke'Shawn Vaughn,2021,4,1.0488272,0.1282828286743165
18.3,109.0,0,34.0,1,5,10,0.0,0,0.0,23.0,0.0,76.0,6,RB,1.17711,Ke'Shawn Vaughn,2020,4,1.0403215,0.1367885306930543
350.7,257.0,5,0.0,0,0,0,4475.0,35,12.0,25.0,2.0,1.0,16,QB,9.047534,Joe Burrow,2022,3,9.398905,-0.35137080041503843
314.24,118.0,2,0.0,0,0,0,4611.0,34,14.0,24.0,1.0,1.0,16,QB,9.047534,Joe Burrow,2021,3,8.494033,0.5535011401977545
173.72,142.0,3,0.0,0,0,0,2688.0,13,5.0,23.0,0.0,1.0,10,QB,9.047534,Joe Burrow,2020,3,10.788717,-1.7411832698974603
96.0,367.0,6,233.0,0,36,47,0.0,0,0.0,25.0,3.0,4.0,12,RB,2.0,Leonard Fournette,2020,4,3.602743,-1.6027429103851318
15.32,16.0,0,0.0,0,0,0,143.0,2,0.0,30.0,9.0,10.0,4,QB,1.1875,Blaine Gabbert,2020,3,3.3958173,-2.208317279815674
15.5,0.0,0,95.0,1,14,21,0.0,0,0.0,27.0,4.0,94.0,11,TE,2.85,Nick Vannett,2020,5,3.4072626,-0.5572625637054442
7.7,19.0,0,18.0,1,5,5,0.0,0,0.0,26.0,4.0,90.0,5,RB,0.1428,C.J. Prosise,2020,4,2.321478,-2.1786778900146486
258.98,592.0,12,35.0,1,2,2,2657.0,8,10.0,31.0,9.0,1.0,15,QB,1.75,Cam Newton,2020,3,2.8446362,-1.0946362018585205
46.9,0.0,0,409.0,1,54,72,0.0,0,0.0,37.0,16.0,3.0,13,WR,11.5,Larry Fitzgerald,2020,6,11.560833,-0.060832977294921875
20.1,77.0,2,4.0,0,1,2,0.0,0,0.0,26.0,4.0,171.0,3,RB,0.204,Alex Collins,2020,4,1.8826239,-1.6786239109039307
64.30000000000001,0.0,0,523.0,2,47,104,0.0,0,0.0,32.0,9.0,4.0,16,WR,17.971,A.J. Green,2020,6,15.511456,2.459544464111328
15.1,67.0,0,84.0,0,11,15,0.0,0,0.0,26.0,4.0,119.0,7,RB,1.0475,Tyler Ervin,2020,4,1.7695582,-0.7220581912994384
135.9,114.0,0,-3.0,0,1,1,2170.0,14,8.0,32.0,9.0,35.0,11,QB,3.0,Andy Dalton,2020,3,4.922482,-1.9224820137023926
2.4000000000000004,24.0,0,0.0,0,0,0,0.0,0,0.0,23.0,0.0,240.0,1,QB,0.1428,Tommy Stevens,2020,3,1.5576895,-1.4148895475387573
25.840000000000003,88.0,1,0.0,0,0,0,226.0,1,1.0,26.0,5.0,2.0,1,QB,8.8,Marcus Mariota,2020,3,8.001294,0.7987058639526374
3.2,0.0,0,32.0,0,3,3,0.0,0,0.0,25.0,3.0,190.0,3,TE,0.869008,Charlie Woerner,2023,5,0.64358443,0.22542356978225708
0.0,0.0,0,0.0,0,0,2,0.0,0,0.0,24.0,2.0,190.0,2,TE,0.869008,Charlie Woerner,2022,5,0.5425977,0.3264102889137268
5.2,0.0,0,52.0,0,5,6,0.0,0,0.0,23.0,1.0,190.0,4,TE,0.869008,Charlie Woerner,2021,5,0.7158532,0.153154785736084
3.6000000000000005,0.0,0,36.0,0,3,4,0.0,0,0.0,22.0,0.0,190.0,3,TE,0.869008,Charlie Woerner,2020,5,0.75454986,0.11445813904571533
6.300000000000001,0.0,0,63.0,0,6,9,0.0,0,0.0,22.0,0.0,252.0,5,WR,0.842623,Tyrie Cleveland,2020,6,0.65366507,0.18895793423461915
54.5,0.0,0,345.0,3,38,61,0.0,0,0.0,26.0,5.0,81.0,15,TE,10.5,Austin Hooper,2021,5,5.9812865,4.518713474273682
67.5,0.0,0,435.0,4,46,70,0.0,0,0.0,25.0,4.0,81.0,13,TE,10.5,Austin Hooper,2020,5,8.525839,1.974161148071289
17.299999999999997,1.0,0,132.0,1,13,21,0.0,0,0.0,26.0,4.0,206.0,10,WR,0.85,Mike Thomas,2020,6,2.217543,-1.3675428867340087
103.8,12.0,0,726.0,5,61,82,0.0,0,0.0,33.0,10.0,82.0,14,WR,8.0,Emmanuel Sanders,2020,6,8.008264,-0.008263587951660156
18.2,12.0,0,0.0,0,0,0,375.0,1,1.0,33.0,10.0,85.0,4,QB,2.25,Colt McCoy,2020,3,5.0222793,-2.7722792625427246
49.7,27.0,0,0.0,0,0,1,925.0,5,4.0,27.0,4.0,201.0,5,QB,0.825,Brandon Allen,2020,3,1.1669705,-0.3419704914093018
2.8000000000000003,12.0,0,16.0,0,4,6,0.0,0,0.0,24.0,3.0,128.0,1,WR,0.1428,Josh Malone,2020,6,0.8214288,-0.6786287757873535
167.2,955.0,10,137.0,0,25,31,0.0,0,0.0,26.0,4.0,73.0,15,RB,8.483,Kenyan Drake,2020,4,7.2636385,1.2193615036010748
13.2,31.0,0,101.0,0,15,19,0.0,0,0.0,32.0,11.0,53.0,8,RB,1.05,LeSean McCoy,2020,4,1.6354114,-0.5854113817214965
18.9,0.0,0,69.0,2,13,17,0.0,0,0.0,38.0,17.0,69.0,10,TE,4.0,Jason Witten,2020,5,3.9560397,0.0439603328704834
4.0,0.0,0,40.0,0,3,6,0.0,0,0.0,35.0,13.0,9.0,3,WR,1.1875,Ted Ginn,2020,6,0.9227157,0.2647842764854431
72.1,-2.0,0,483.0,4,45,62,0.0,0,0.0,32.0,10.0,195.0,8,WR,1.666666,Antonio Brown,2020,6,4.4413905,-2.774724514373779
30.08,28.0,0,0.0,0,0,0,432.0,3,2.0,27.0,4.0,207.0,3,QB,2.5,Jeff Driskel,2020,3,2.202419,0.2975809574127197
16.7,0.0,0,47.0,2,6,11,0.0,0,0.0,31.0,10.0,24.0,4,WR,1.05,Dez Bryant,2020,6,2.9660032,-1.9160031795501709
3.1000000000000005,-3.0,0,34.0,0,4,5,0.0,0,0.0,32.0,10.0,88.0,3,WR,1.3,Andre Roberts,2020,6,1.5525138,-0.252513837814331
1.5,15.0,0,0.0,0,0,0,0.0,0,0.0,26.0,4.0,236.0,2,RB,1.0475,Dwayne Washington,2020,4,1.1670697,-0.11956967353820791
93.6,0.0,0,456.0,8,50,76,0.0,0,0.0,33.0,10.0,95.0,16,TE,8.0,Jimmy Graham,2020,5,8.497516,-0.4975156784057617
36.7,0.0,0,167.0,3,14,23,0.0,0,0.0,34.0,11.0,95.0,11,TE,8.0,Jimmy Graham,2021,5,6.028842,1.9711580276489258
118.4,861.0,4,143.0,0,28,40,0.0,0,0.0,23.0,2.0,41.0,11,RB,1.957289,Jonathan Taylor,2022,4,2.8370302,-0.8797411723480224
126.4,0.0,0,984.0,5,93,121,0.0,0,0.0,33.0,10.0,63.0,15,TE,14.3125,Travis Kelce,2023,5,13.3614855,0.951014518737793
69.58,9.0,0,282.0,5,30,34,12.0,1,0.0,25.0,3.0,172.0,15,WR,0.9625,Isaiah McKenzie,2020,6,0.66879225,0.2937077522277832
206.3,5.0,0,1338.0,12,110,152,0.0,0,0.0,32.0,9.0,63.0,17,TE,14.3125,Travis Kelce,2022,5,13.914622,0.39787769317626953
1.2000000000000002,0.0,0,12.0,0,1,3,0.0,0,0.0,30.0,7.0,158.0,2,TE,1.1875,Luke Willson,2020,5,1.7669599,-0.5794599056243896
31.9,204.0,1,55.0,0,12,17,0.0,0,0.0,24.0,3.0,162.0,15,RB,0.1428,Jeremy McNichols,2020,4,0.66630614,-0.5235061380386352
0.0,0.0,0,0.0,0,0,0,0.0,0,0.0,30.0,7.0,165.0,1,P,2.35,Sam Martin,2020,2,1.8475336,0.5024664163589478
170.8,3.0,1,1125.0,9,92,134,0.0,0,0.0,31.0,8.0,63.0,16,TE,14.3125,Travis Kelce,2021,5,12.999193,1.3133068084716797
2.3999999999999995,-6.0,0,0.0,0,0,0,75.0,0,0.0,26.0,5.0,1.0,3,QB,1.1,Jameis Winston,2020,3,2.3156302,-1.2156301975250243
155.0,0.0,0,1250.0,5,72,128,0.0,0,0.0,29.0,8.0,4.0,15,WR,20.0,Amari Cooper,2023,6,18.914246,1.08575439453125
168.0,0.0,0,1160.0,9,78,132,0.0,0,1.0,28.0,7.0,4.0,17,WR,20.0,Amari Cooper,2022,6,18.440788,1.5592117309570312
134.5,0.0,0,865.0,8,68,104,0.0,0,0.0,27.0,6.0,4.0,15,WR,20.0,Amari Cooper,2021,6,18.677975,1.3220252990722656
144.8,14.0,0,1114.0,5,92,130,0.0,0,0.0,26.0,5.0,4.0,16,WR,20.0,Amari Cooper,2020,6,18.077024,1.9229755401611328
20.4,0.0,0,144.0,1,11,19,0.0,0,0.0,28.0,7.0,144.0,7,WR,0.204,Kenny Stills,2020,6,2.0842183,-1.8802182636260987
207.76,0.0,0,1416.0,11,105,145,4.0,0,0.0,30.0,7.0,63.0,15,TE,14.3125,Travis Kelce,2020,5,15.360807,-1.0483074188232422
27.6,0.0,0,276.0,0,28,44,0.0,0,0.0,24.0,3.0,237.0,9,WR,0.75,Isaiah Ford,2020,6,0.6691418,0.08085817098617554
5.7,14.0,0,43.0,0,5,6,0.0,0,0.0,29.0,7.0,199.0,4,RB,0.91,Theo Riddick,2020,4,1.456914,-0.546913948059082
0.0,0.0,0,0.0,0,0,1,0.0,0,0.0,24.0,1.0,103.0,1,TE,0.695,Hakeem Butler,2020,5,0.64886194,0.046138055324554395
14.52,28.0,0,0.0,0,0,0,243.0,1,1.0,29.0,6.0,214.0,1,QB,0.1428,Garrett Gilbert,2020,3,1.3143015,-1.1715014907836914
84.2,653.0,2,89.0,0,16,19,0.0,0,0.0,37.0,15.0,65.0,15,RB,1.05,Frank Gore,2020,4,2.1964242,-1.1464242458343505
58.6,328.0,2,138.0,0,16,20,0.0,0,0.0,28.0,7.0,48.0,11,RB,1.0,Le'Veon Bell,2020,4,2.6877973,-1.6877973079681396
77.9,0.0,0,539.0,4,38,67,0.0,0,0.0,24.0,1.0,184.0,12,WR,0.1428,Travis Fulgham,2020,6,0.6604254,-0.5176254245758056
0.0,0.0,0,0.0,0,0,1,0.0,0,0.0,25.0,3.0,72.0,1,WR,0.204,Taywan Taylor,2020,6,0.6071431,-0.40314310407638554
60.58,17.0,0,0.0,0,0,0,1072.0,7,5.0,30.0,7.0,73.0,5,QB,0.204,Mike Glennon,2020,3,5.1631894,-4.95918941116333
16.9,0.0,0,49.0,2,5,8,0.0,0,0.0,28.0,5.0,143.0,5,TE,2.5,MyCole Pruitt,2020,5,2.4987864,0.0012135505676269531
347.36,266.0,7,0.0,0,1,1,3819.0,34,7.0,32.0,8.0,8.0,16,QB,29.5,Ryan Tannehill,2020,3,29.55872,-0.058719635009765625
272.36,270.0,7,0.0,0,0,0,3734.0,22,14.0,33.0,9.0,8.0,17,QB,29.5,Ryan Tannehill,2021,3,28.565826,0.934173583984375
165.24,98.0,2,0.0,0,0,0,2536.0,14,6.0,34.0,10.0,8.0,12,QB,29.5,Ryan Tannehill,2022,3,28.210133,1.2898674011230469
180.5,841.0,6,304.0,5,38,51,0.0,0,0.0,25.0,3.0,86.0,16,RB,3.259,Kareem Hunt,2020,4,2.133965,1.125034984588623
80.03999999999999,74.0,1,0.0,0,0,1,1616.0,4,7.0,35.0,11.0,8.0,9,QB,29.5,Ryan Tannehill,2023,3,28.918043,0.5819568634033203
28.7,0.0,0,107.0,3,10,17,0.0,0,0.0,36.0,14.0,28.0,10,TE,2.3,Marcedes Lewis,2020,5,2.57488,-0.2748798847198488
1.9,9.0,0,0.0,0,0,0,25.0,0,0.0,26.0,3.0,171.0,1,QB,1.0,Nathan Peterman,2020,3,0.84659374,0.1534062623977661
137.6,0.0,0,896.0,8,48,82,0.0,0,0.0,27.0,5.0,20.0,16,WR,1.0475,Nelson Agholor,2020,6,8.902899,-7.855398788452148
92.2,46.0,1,556.0,4,45,69,0.0,0,0.0,29.0,8.0,41.0,9,WR,16.25,Robert Woods,2021,6,16.599411,-0.3494110107421875
64.7,0.0,0,527.0,2,53,91,0.0,0,0.0,30.0,9.0,41.0,17,WR,16.25,Robert Woods,2022,6,13.936463,2.3135366439819336
29.000000000000004,172.0,1,58.0,0,7,10,0.0,0,0.0,28.0,6.0,103.0,5,RB,1.35,Devonta Freeman,2020,4,1.7549862,-0.40498616695404044
155.1,155.0,2,936.0,6,90,129,0.0,0,0.0,28.0,7.0,41.0,16,WR,16.25,Robert Woods,2020,6,14.507923,1.7420768737792969
1.9,4.0,0,15.0,0,1,2,0.0,0,0.0,27.0,6.0,90.0,2,WR,0.204,Donte Moncrief,2020,6,1.8279172,-1.623917218208313
369.32,444.0,3,0.0,0,0,0,4823.0,33,7.0,24.0,3.0,12.0,16,QB,39.0,Deshaun Watson,2020,3,39.245132,-0.2451324462890625
2.0,0.0,0,20.0,0,2,4,0.0,0,0.0,23.0,2.0,105.0,3,WR,0.835,Antonio Callaway,2020,6,0.66842616,0.16657384395599362
50.4,3.0,0,421.0,2,37,55,0.0,0,1.0,27.0,6.0,4.0,10,WR,9.0,Sammy Watkins,2020,6,11.25694,-2.2569398880004883
0.0,0.0,0,0.0,0,0,1,0.0,0,0.0,31.0,7.0,182.0,1,RB,0.204,Kenjon Barner,2020,4,1.0959674,-0.8919674119949341
14.2,65.0,0,77.0,0,20,22,0.0,0,0.0,23.0,2.0,187.0,11,WR,0.70775,Ray-Ray McCloud,2020,6,1.0073919,-0.29964192962646485
104.62,5.0,0,670.0,6,72,110,28.0,0,0.0,29.0,6.0,120.0,16,TE,3.0725,Logan Thomas,2020,5,4.388694,-1.3161938095092776
4.6,0.0,0,46.0,0,5,6,0.0,0,0.0,29.0,7.0,133.0,5,TE,3.1,Levine Toilolo,2020,5,1.9972994,1.1027005672454835
9.9,0.0,0,99.0,0,15,20,0.0,0,0.0,30.0,7.0,55.0,9,TE,5.15,Vance McDonald,2020,5,3.1684008,1.9815992355346683
46.5,0.0,0,345.0,2,24,31,0.0,0,0.0,28.0,6.0,98.0,8,TE,0.91,Richard Rodgers,2020,5,3.8503575,-2.9403575325012206
241.22,279.0,5,0.0,0,0,0,3733.0,15,11.0,27.0,6.0,32.0,15,QB,21.0,Teddy Bridgewater,2020,3,20.513233,0.4867668151855469
47.1,0.0,0,231.0,4,26,46,0.0,0,0.0,30.0,7.0,85.0,10,TE,1.05,Jordan Reed,2020,5,3.8737724,-2.8237723827362062
0.3,0.0,0,3.0,0,1,2,0.0,0,0.0,23.0,1.0,224.0,2,TE,0.7625,Isaac Nauta,2020,5,0.6335421,0.1289578795433044
20.5,1.0,1,84.0,1,12,18,0.0,0,0.0,28.0,7.0,10.0,8,TE,6.0,Eric Ebron,2021,5,2.1749256,3.8250744342803955
85.8,0.0,0,558.0,5,56,91,0.0,0,0.0,27.0,6.0,10.0,15,TE,6.0,Eric Ebron,2020,5,9.175345,-3.1753454208374023
93.2,319.0,5,253.0,1,33,46,0.0,0,0.0,28.0,6.0,96.0,14,RB,1.16,Jerick McKinnon,2020,4,6.7138124,-5.5538123512268065
22.6,20.0,0,146.0,1,20,23,0.0,0,0.0,29.0,7.0,154.0,6,RB,1.4,Chris Thompson,2020,4,2.3090277,-0.9090276718139649
145.1,-1.0,0,992.0,8,100,147,0.0,0,0.0,28.0,7.0,76.0,14,WR,20.025,Keenan Allen,2020,6,18.438137,1.5868629455566392
151.8,0.0,0,1138.0,6,106,157,0.0,0,0.0,29.0,8.0,76.0,16,WR,20.025,Keenan Allen,2021,6,19.211828,0.8131717681884751
98.0,8.0,0,752.0,4,66,89,0.0,0,0.0,30.0,9.0,76.0,10,WR,20.025,Keenan Allen,2022,6,19.948185,0.07681503295898295
64.9,303.0,3,166.0,0,29,37,0.0,0,0.0,24.0,2.0,131.0,11,RB,0.1428,Kalen Ballage,2020,4,0.70352054,-0.5607205364227295
170.86,6.0,0,1243.0,7,108,150,49.0,1,0.0,31.0,10.0,76.0,13,WR,20.025,Keenan Allen,2023,6,13.461985,6.5630153656005845
82.60000000000001,274.0,3,192.0,3,25,33,0.0,0,0.0,30.0,7.0,190.0,10,RB,2.0,Rex Burkhead,2020,4,2.4190495,-0.4190495014190674
6.300000000000001,0.0,0,63.0,0,4,10,0.0,0,0.0,25.0,2.0,175.0,5,WR,0.835,Damion Ratley,2020,6,0.6440605,0.190939507484436
245.9,1205.0,13,314.0,3,42,48,0.0,0,0.0,25.0,4.0,48.0,16,RB,12.0,Joe Mixon,2021,4,8.079933,3.9200668334960938
4.200000000000001,0.0,0,62.0,0,8,17,0.0,0,1.0,25.0,2.0,201.0,7,WR,0.865775,James Proche,2022,6,0.7635649,0.10221011533737179
20.200000000000003,0.0,0,202.0,0,16,20,0.0,0,0.0,24.0,1.0,201.0,7,WR,0.865775,James Proche,2021,6,0.89335173,-0.027576733684539834
6.3,0.0,0,3.0,1,1,2,0.0,0,0.0,24.0,2.0,211.0,2,TE,0.1428,Jordan Thomas,2020,5,0.5882415,-0.4454415175437927
150.5,805.0,9,120.0,0,18,24,0.0,0,0.0,21.0,0.0,55.0,15,RB,1.43236,J.K. Dobbins,2020,4,1.2441841,0.18817586360931404
83.80000000000001,61.0,0,417.0,6,35,47,0.0,0,0.0,25.0,3.0,226.0,16,WR,0.9,David Moore,2020,6,0.74704915,0.15295084714889529
78.60000000000001,428.0,3,138.0,1,21,26,0.0,0,0.0,24.0,3.0,48.0,6,RB,12.0,Joe Mixon,2020,4,7.8836365,4.116363525390625
9.7,22.0,1,15.0,0,2,3,0.0,0,0.0,24.0,3.0,55.0,1,RB,1.43236,J.K. Dobbins,2023,4,1.5821733,-0.14981334747314445
74.2,520.0,2,42.0,1,7,8,0.0,0,0.0,23.0,2.0,55.0,8,RB,1.43236,J.K. Dobbins,2022,4,1.2552292,0.1771307653045655
1.4,0.0,0,14.0,0,1,3,0.0,0,0.0,23.0,0.0,201.0,3,WR,0.865775,James Proche,2020,6,0.68450093,0.18127406730651852
104.18,1.0,1,0.0,0,0,0,1852.0,10,8.0,31.0,8.0,88.0,9,QB,8.0,Nick Foles,2020,3,8.421647,-0.4216470718383789
16.0,95.0,0,5.0,1,1,1,0.0,0,0.0,24.0,3.0,89.0,5,RB,0.204,D'Onta Foreman,2020,4,0.7727663,-0.5687662920951844
179.5,814.0,7,441.0,2,60,75,0.0,0,0.0,26.0,5.0,48.0,14,RB,12.0,Joe Mixon,2022,4,11.364376,0.6356239318847656
16.8,8.0,0,0.0,0,0,0,250.0,1,0.0,32.0,9.0,88.0,1,QB,8.0,Nick Foles,2021,3,5.7442193,2.2557806968688965
2.3000000000000003,0.0,0,23.0,0,2,3,0.0,0,0.0,24.0,2.0,159.0,2,WR,0.1428,Daurice Fountain,2020,6,0.63233054,-0.48953053684234615
14.0,0.0,0,80.0,1,8,15,0.0,0,0.0,25.0,2.0,156.0,7,TE,0.675,Troy Fumagalli,2020,5,0.9212093,-0.24620927572250362
0.0,0.0,0,0.0,0,0,1,0.0,0,0.0,26.0,3.0,251.0,1,TE,0.835,Mason Schreck,2020,5,0.2532926,0.581707409620285
3.1,31.0,0,0.0,0,0,0,0.0,0,0.0,23.0,2.0,236.0,1,RB,0.1428,Bo Scarbrough,2020,4,0.55510676,-0.41230675907135006
9.9,0.0,0,39.0,1,2,7,0.0,0,0.0,23.0,0.0,91.0,4,TE,1.116568,Devin Asiasi,2020,5,0.92483634,0.19173166243362427
333.1,1811.0,18,360.0,2,40,51,0.0,0,0.0,22.0,1.0,41.0,17,RB,1.957289,Jonathan Taylor,2021,4,3.1081734,-1.150884370361328
216.8,1169.0,11,299.0,1,36,39,0.0,0,0.0,21.0,0.0,41.0,15,RB,1.957289,Jonathan Taylor,2020,4,2.6072447,-0.6499557299957275
272.36,74.0,0,0.0,0,0,0,4624.0,29,14.0,25.0,3.0,5.0,17,QB,7.568859,Tua Tagovailoa,2023,3,11.32052,-3.751661401000977
230.92,70.0,0,0.0,0,0,0,3548.0,25,8.0,24.0,2.0,5.0,13,QB,7.568859,Tua Tagovailoa,2022,3,7.512088,0.05677117803955056
180.92,128.0,3,0.0,0,0,0,2653.0,16,10.0,23.0,1.0,5.0,13,QB,7.568859,Tua Tagovailoa,2021,3,6.8275633,0.7412957141723631
135.46,109.0,3,0.0,0,0,0,1814.0,11,5.0,22.0,0.0,5.0,10,QB,7.568859,Tua Tagovailoa,2020,3,8.245081,-0.6762219478759768
90.9,0.0,0,549.0,6,35,63,0.0,0,0.0,22.0,1.0,128.0,15,WR,0.998593,Gabriel Davis,2021,6,1.306133,-0.3075400318450928
101.9,0.0,0,599.0,7,35,62,0.0,0,0.0,21.0,0.0,128.0,16,WR,0.998593,Gabriel Davis,2020,6,0.9391593,0.05943372589874263
0.5,0.0,0,5.0,0,2,4,0.0,0,0.0,25.0,2.0,91.0,3,TE,1.116568,Devin Asiasi,2022,5,0.7842415,0.3323265024833679
33.0,0.0,0,150.0,3,12,22,0.0,0,0.0,25.0,3.0,45.0,13,TE,2.425,Adam Shaheen,2020,5,2.7746236,-0.34962363243103045
11.0,0.0,0,110.0,0,12,16,0.0,0,0.0,26.0,4.0,45.0,7,TE,2.425,Adam Shaheen,2021,5,3.4834044,-1.0584043979644777
1.6,0.0,0,16.0,0,1,1,0.0,0,0.0,25.0,2.0,132.0,1,WR,0.1428,Jaleel Scott,2020,6,0.5781268,-0.4353267881393432
37.7,238.0,1,19.0,1,3,4,0.0,0,0.0,31.0,8.0,173.0,9,RB,0.259294,Alfred Morris,2020,4,1.3541237,-1.0948297115859984
294.8,932.0,16,756.0,5,83,107,0.0,0,0.0,25.0,3.0,67.0,15,RB,15.0,Alvin Kamara,2020,4,14.07757,0.9224300384521484
0.6000000000000001,0.0,0,6.0,0,2,2,0.0,0,0.0,29.0,8.0,97.0,1,RB,1.05,Lamar Miller,2020,4,1.7616812,-0.7116811990737915
46.900000000000006,0.0,0,349.0,2,36,60,0.0,0,0.0,29.0,7.0,21.0,14,TE,4.75,Tyler Eifert,2020,5,5.653148,-0.9031481742858887
91.8,468.0,3,210.0,1,35,44,0.0,0,0.0,27.0,5.0,86.0,17,RB,3.259,Kareem Hunt,2022,4,4.2301774,-0.971177402496338
118.7,33.0,0,974.0,3,92,124,0.0,0,0.0,27.0,3.0,69.0,15,WR,15.75,Cooper Kupp,2020,6,15.674068,0.07593154907226562
68.9,356.0,4,93.0,0,16,20,0.0,0,0.0,29.0,6.0,57.0,10,RB,2.75,Carlos Hyde,2020,4,3.0357268,-0.28572678565979004
187.7,898.0,4,439.0,5,47,67,0.0,0,0.0,26.0,4.0,67.0,13,RB,15.0,Alvin Kamara,2021,4,13.275444,1.7245559692382812
2.0,0.0,0,20.0,0,5,5,0.0,0,0.0,30.0,7.0,8.0,3,WR,1.05,Tavon Austin,2020,6,1.5458648,-0.49586482048034664
27.0,3.0,0,187.0,1,17,24,0.0,0,0.0,31.0,8.0,83.0,7,WR,1.05,Mohamed Sanu,2020,6,2.1743207,-1.1243206977844238
88.0,386.0,5,174.0,0,22,27,0.0,0,0.0,26.0,4.0,86.0,8,RB,3.259,Kareem Hunt,2021,4,4.143578,-0.8845780525207521
154.7,897.0,2,490.0,2,57,77,0.0,0,0.0,27.0,5.0,67.0,15,RB,15.0,Alvin Kamara,2022,4,11.498439,3.501561164855957
158.0,694.0,5,466.0,1,75,86,0.0,0,0.0,28.0,6.0,67.0,13,RB,15.0,Alvin Kamara,2023,4,12.845922,2.1540775299072266
70.4,465.0,1,199.0,0,25,30,0.0,0,0.0,24.0,3.0,156.0,16,RB,2.133,Brian Hill,2020,4,0.88173676,1.2512632446289063
1.6,0.0,0,16.0,0,3,4,0.0,0,0.0,26.0,3.0,174.0,4,TE,0.1428,Eric Saubert,2020,5,0.56949234,-0.4266923400878906
306.2,156.0,1,0.0,0,0,0,4265.0,35,13.0,32.0,8.0,102.0,16,QB,33.0,Kirk Cousins,2020,3,32.908367,0.09163284301757812
1.12,-2.0,0,0.0,0,0,0,33.0,0,0.0,29.0,7.0,39.0,1,QB,1.1875,Geno Smith,2020,3,1.9142488,-0.7267488241195679
294.5,18.0,0,1947.0,16,145,191,0.0,0,0.0,28.0,4.0,69.0,17,WR,15.75,Cooper Kupp,2021,6,17.076574,-1.3265743255615234
11.5,74.0,0,41.0,0,6,9,0.0,0,0.0,25.0,3.0,119.0,3,RB,5.75,Tarik Cohen,2020,4,1.0810494,4.66895055770874
87.7,0.0,0,717.0,3,64,96,0.0,0,0.0,30.0,9.0,27.0,9,WR,27.25,DeAndre Hopkins,2022,6,25.52025,1.7297496795654297
209.48,-2.0,2,0.0,0,0,0,2942.0,24,6.0,41.0,19.0,32.0,12,QB,25.0,Drew Brees,2020,3,25.54707,-0.5470695495605469
300.34000000000003,115.0,1,0.0,0,0,0,4221.0,33,7.0,33.0,9.0,102.0,16,QB,33.0,Kirk Cousins,2021,3,32.80914,0.19086074829101562
105.2,0.0,0,572.0,8,42,64,0.0,0,0.0,29.0,8.0,27.0,10,WR,27.25,DeAndre Hopkins,2021,6,22.020323,5.229677200317383
172.8,1.0,0,1407.0,6,115,160,0.0,0,0.0,28.0,7.0,27.0,16,WR,27.25,DeAndre Hopkins,2020,6,14.770595,12.479405403137207
54.0,0.0,0,420.0,2,33,54,0.0,0,0.0,25.0,3.0,137.0,14,TE,0.752098,Foster Moreau,2022,5,0.9033657,-0.15126767163467403
241.9,123.0,2,1276.0,15,87,135,0.0,0,0.0,26.0,4.0,165.0,15,WR,18.0,Tyreek Hill,2020,6,11.995043,6.00495719909668
86.0,0.0,0,560.0,5,61,85,0.0,0,0.0,28.0,5.0,110.0,15,TE,7.25,Tyler Higbee,2021,5,7.3332,-0.08319997787475586
80.0,0.0,0,620.0,3,72,108,0.0,0,0.0,29.0,6.0,110.0,16,TE,7.25,Tyler Higbee,2022,5,6.1279125,1.1220874786376953
0.0,0.0,0,0.0,0,0,1,0.0,0,0.0,24.0,2.0,98.0,1,WR,0.136,Chad Williams,2019,6,0.5061093,-0.3701092972755432
130.3,23.0,0,860.0,7,58,89,0.0,0,0.0,25.0,3.0,165.0,12,WR,18.0,Tyreek Hill,2019,6,14.342052,3.657947540283203
9.6,0.0,0,116.0,0,5,10,0.0,0,0.0,24.0,1.0,228.0,4,WR,0.136,Marcell Ateman,2019,6,0.7979053,-0.6619053258895874
1.1,11.0,0,0.0,0,0,0,0.0,0,0.0,22.0,0.0,194.0,2,RB,0.671514,Dexter Williams,2019,4,0.75858456,-0.08707055896377558
3.3000000000000003,0.0,0,33.0,0,3,3,0.0,0,0.0,24.0,2.0,176.0,2,TE,0.680002,Kaden Smith,2021,5,0.6051365,0.07486548628997802
11.2,0.0,0,112.0,0,18,21,0.0,0,0.0,23.0,1.0,176.0,13,TE,0.680002,Kaden Smith,2020,5,0.90603936,-0.22603735718536377
2.1,0.0,0,21.0,0,2,3,0.0,0,0.0,25.0,2.0,174.0,2,TE,0.136,Eric Saubert,2019,5,0.59552157,-0.45952156925201415
20.9,0.0,0,189.0,0,14,19,0.0,0,0.0,23.0,1.0,247.0,8,WR,0.648644,Olabisi Johnson,2020,6,0.6014598,0.047184198802947996
42.6,25.0,0,301.0,2,17,34,0.0,0,0.0,24.0,2.0,226.0,13,WR,0.645,David Moore,2019,6,0.7323689,-0.08736888647079466
84.5,0.0,0,605.0,4,49,71,0.0,0,0.0,23.0,0.0,149.0,13,WR,0.708987,Hunter Renfrow,2019,6,0.7045727,0.004414322387695346
194.5,87.0,0,0.0,0,0,0,3245.0,19,8.0,26.0,5.0,1.0,14,QB,33.5,Jared Goff,2021,3,33.29947,0.200531005859375
283.32,73.0,0,5.0,0,1,1,4438.0,29,7.0,27.0,6.0,1.0,17,QB,33.5,Jared Goff,2022,3,32.994812,0.50518798828125
289.1,21.0,2,0.0,0,0,0,4575.0,30,12.0,28.0,7.0,1.0,17,QB,33.5,Jared Goff,2023,3,23.489212,10.010787963867188
156.10000000000002,3.0,0,1038.0,9,103,128,0.0,0,0.0,25.0,2.0,149.0,17,WR,0.708987,Hunter Renfrow,2021,6,1.402433,-0.6934460377578735
75.60000000000001,0.0,0,656.0,2,56,77,0.0,0,0.0,24.0,1.0,149.0,16,WR,0.708987,Hunter Renfrow,2020,6,0.942577,-0.2335900044326782
91.4,0.0,0,734.0,3,69,89,0.0,0,0.0,26.0,3.0,110.0,14,TE,7.25,Tyler Higbee,2019,5,6.5281696,0.7218303680419922
84.2,1.0,0,521.0,5,44,60,0.0,0,0.0,27.0,4.0,110.0,15,TE,7.25,Tyler Higbee,2020,5,7.003343,0.2466568946838379
27.000000000000004,201.0,0,89.0,0,15,21,0.0,0,0.0,22.0,1.0,112.0,7,RB,0.57,Mark Walton,2019,4,0.8003589,-0.23035889148712163
185.5,96.0,0,1239.0,9,111,159,0.0,0,0.0,27.0,5.0,165.0,17,WR,18.0,Tyreek Hill,2021,6,18.673426,-0.6734256744384766
239.98,99.0,4,0.0,0,0,0,3952.0,20,13.0,25.0,4.0,1.0,15,QB,33.5,Jared Goff,2020,3,31.661646,1.8383541107177734
44.8,0.0,0,268.0,3,31,42,0.0,0,0.0,22.0,0.0,176.0,7,TE,0.680002,Kaden Smith,2019,5,0.9874838,-0.30748179945755005
12.0,0.0,0,0.0,0,0,0,0.0,0,0.0,26.0,2.0,164.0,2,LB,0.702349,E.J. Speed,2021,1,1.0909097,-0.3885607194671631
247.52,40.0,2,0.0,0,0,0,4638.0,22,16.0,24.0,3.0,1.0,16,QB,33.5,Jared Goff,2019,3,17.231682,16.26831817626953
168.8,876.0,12,92.0,0,17,23,0.0,0,0.0,27.0,6.0,4.0,15,RB,15.0,Ezekiel Elliott,2022,4,11.20828,3.791720390319824
64.4,179.0,2,285.0,1,37,44,0.0,0,0.0,24.0,2.0,86.0,8,RB,1.1,Kareem Hunt,2019,4,0.89042723,0.20957276821136483
205.06,1002.0,10,287.0,2,47,65,4.0,0,0.0,26.0,5.0,4.0,17,RB,15.0,Ezekiel Elliott,2021,4,13.268183,1.7318172454833984
171.70000000000002,979.0,6,338.0,2,52,71,0.0,0,0.0,25.0,4.0,4.0,15,RB,15.0,Ezekiel Elliott,2020,4,8.888386,6.111614227294922
257.7,1357.0,12,420.0,2,54,71,0.0,0,0.0,24.0,3.0,4.0,16,RB,15.0,Ezekiel Elliott,2019,4,8.115238,6.884761810302734
55.3,0.0,0,373.0,3,30,44,0.0,0,0.0,24.0,2.0,137.0,12,TE,0.752098,Foster Moreau,2021,5,0.7713584,-0.01926037078094478
0.76,-2.0,0,0.0,0,0,0,24.0,0,0.0,40.0,17.0,81.0,2,QB,2.0,Josh McCown,2019,3,1.3201815,0.6798185110092163
26.0,0.0,0,140.0,2,7,9,0.0,0,0.0,23.0,1.0,137.0,7,TE,0.752098,Foster Moreau,2020,5,0.80235225,-0.050254249622344926
-2.0,0.0,0,0.0,0,0,0,0.0,0,1.0,24.0,2.0,153.0,1,K,0.645,Jake Elliott,2019,0,0.8222164,-0.1772163915634155
20.58,19.0,3,0.0,0,0,0,17.0,0,0.0,27.0,4.0,91.0,11,QB,27.975,Jacoby Brissett,2020,3,15.657517,12.317482566833498
76.9,0.0,0,529.0,4,63,83,0.0,0,0.0,37.0,16.0,69.0,16,TE,4.25,Jason Witten,2019,5,5.539881,-1.2898812294006348
216.68,228.0,4,2.0,0,1,1,2942.0,18,6.0,26.0,3.0,91.0,15,QB,27.975,Jacoby Brissett,2019,3,25.33193,2.6430698394775405
0.9,9.0,0,0.0,0,0,0,0.0,0,0.0,22.0,1.0,176.0,1,RB,0.136,John Kelly,2019,4,0.6659394,-0.5299393906593323
25.5,11.0,0,244.0,0,23,35,0.0,0,0.0,23.0,2.0,237.0,8,WR,0.57,Isaiah Ford,2019,6,0.8871005,-0.3171005177497864
30.0,262.0,0,58.0,0,12,12,0.0,0,0.0,24.0,3.0,113.0,13,RB,0.815414,Justice Hill,2022,4,0.8159931,-0.00057907060241702
8.0,60.0,0,20.0,0,5,5,0.0,0,0.0,22.0,1.0,113.0,6,RB,0.815414,Justice Hill,2020,4,0.7237888,0.09162520214462277
1.7000000000000002,0.0,0,17.0,0,2,5,0.0,0,0.0,24.0,2.0,209.0,3,WR,0.615,Robert Davis,2019,6,0.61575973,-0.0007597303390503019
30.500000000000004,2.0,0,243.0,1,25,33,0.0,0,0.0,24.0,3.0,117.0,11,WR,0.72,Pharoh Cooper,2019,6,0.7358657,-0.015865712165832546
47.4,0.0,0,174.0,5,21,25,0.0,0,0.0,22.0,0.0,137.0,11,TE,0.752098,Foster Moreau,2019,5,0.7867142,-0.034616196205139116
58.400000000000006,462.0,1,82.0,0,10,12,0.0,0,0.0,21.0,0.0,102.0,13,RB,0.867795,Alexander Mattison,2019,4,0.79158294,0.07621205799102782
1.6,16.0,0,0.0,0,0,0,0.0,0,0.0,23.0,2.0,114.0,1,RB,0.69,Samaje Perine,2019,4,0.65492606,0.03507393836975092
73.9,434.0,2,125.0,1,13,15,0.0,0,0.0,22.0,1.0,102.0,13,RB,0.867795,Alexander Mattison,2020,4,0.7627532,0.10504181138992308
54.7,301.0,3,66.0,0,11,12,0.0,0,0.0,24.0,3.0,114.0,11,RB,0.69,Samaje Perine,2020,4,0.7795423,-0.08954232692718511
93.9,491.0,3,228.0,1,32,39,0.0,0,0.0,23.0,2.0,102.0,16,RB,0.867795,Alexander Mattison,2021,4,1.0457118,-0.1779167557525635
73.4,283.0,5,91.0,1,15,18,0.0,0,0.0,24.0,3.0,102.0,17,RB,0.867795,Alexander Mattison,2022,4,1.0775002,-0.20970522411346437
41.5,225.0,2,70.0,0,8,15,0.0,0,0.0,21.0,0.0,113.0,15,RB,0.815414,Justice Hill,2019,4,0.7286226,0.08679138466262815
263.68,34.0,3,0.0,0,0,0,4057.0,24,8.0,42.0,19.0,199.0,16,QB,23.0,Tom Brady,2019,3,28.552147,-5.552146911621094
174.2,0.0,0,1202.0,9,72,128,0.0,0,0.0,26.0,4.0,14.0,16,WR,5.0,DeVante Parker,2019,6,9.558661,-4.558661460876465
103.3,0.0,0,793.0,4,63,103,0.0,0,0.0,27.0,5.0,14.0,14,WR,10.166667,DeVante Parker,2020,6,10.865191,-0.6985244596557614
63.5,0.0,0,515.0,2,40,73,0.0,0,0.0,28.0,6.0,14.0,9,WR,10.166667,DeVante Parker,2021,6,14.6886425,-4.521975501831054
71.9,0.0,0,539.0,3,31,47,0.0,0,0.0,29.0,7.0,14.0,12,WR,10.166667,DeVante Parker,2022,6,9.334534,0.8321333085937503
26.200000000000003,0.0,0,202.0,1,15,19,0.0,0,0.0,25.0,4.0,55.0,13,TE,2.333333,Maxx Williams,2019,5,3.0548797,-0.7215466653747558
16.200000000000003,0.0,0,102.0,1,8,10,0.0,0,0.0,26.0,5.0,55.0,6,TE,2.333333,Maxx Williams,2020,5,3.5768456,-1.243512645904541
25.3,0.0,0,193.0,1,16,17,0.0,0,0.0,27.0,6.0,55.0,5,TE,2.333333,Maxx Williams,2021,5,3.6629243,-1.329591289703369
3.0,0.0,0,30.0,0,6,16,0.0,0,0.0,29.0,7.0,100.0,5,WR,4.0,Travis Benjamin,2019,6,2.8974612,1.102538824081421
242.82,183.0,2,0.0,0,0,0,3113.0,25,6.0,32.0,9.0,75.0,14,QB,35.0,Russell Wilson,2021,3,34.89893,0.10107040405273438
359.78000000000003,513.0,2,0.0,0,0,0,4212.0,40,13.0,31.0,8.0,75.0,16,QB,35.0,Russell Wilson,2020,3,33.953243,1.0467567443847656
328.6,342.0,3,0.0,0,0,0,4110.0,31,5.0,30.0,7.0,75.0,16,QB,35.0,Russell Wilson,2019,3,35.697784,-0.697784423828125
6.0600000000000005,41.0,0,0.0,0,0,0,49.0,0,0.0,26.0,4.0,147.0,3,QB,1.875,Brett Hundley,2019,3,1.4668337,0.4081662893295288
3.0,30.0,0,0.0,0,0,1,0.0,0,0.0,26.0,4.0,149.0,3,RB,0.805,Jay Ajayi,2019,4,1.0454468,-0.24044675350189204
81.9,599.0,2,100.0,0,13,16,0.0,0,0.0,36.0,14.0,65.0,15,RB,2.0,Frank Gore,2019,4,1.1548167,0.845183253288269
19.5,0.0,0,195.0,0,19,26,0.0,0,0.0,27.0,4.0,107.0,11,WR,0.895,Justin Hardy,2019,6,2.6675189,-1.7725188541412353
37.74,23.0,0,0.0,0,0,0,736.0,3,2.0,30.0,7.0,88.0,4,QB,22.0,Nick Foles,2019,3,12.534878,9.46512222290039
23.3,0.0,0,113.0,2,14,17,0.0,0,0.0,27.0,5.0,171.0,9,TE,6.0,Nick Boyle,2020,5,2.8992536,3.1007463932037354
15.1,61.0,0,0.0,0,0,0,225.0,1,2.0,29.0,7.0,2.0,6,QB,2.0,Robert Griffin III,2019,3,4.25816,-2.25816011428833
1.3,0.0,0,13.0,0,2,3,0.0,0,0.0,22.0,0.0,224.0,2,TE,0.204,Isaac Nauta,2019,5,0.72120476,-0.5172047576904297
-0.3,-3.0,0,0.0,0,0,0,0.0,0,0.0,28.0,5.0,214.0,5,QB,0.69,Garrett Gilbert,2019,3,1.1587878,-0.46878784656524664
224.18,185.0,4,0.0,0,0,0,2742.0,22,6.0,31.0,7.0,8.0,12,QB,7.0,Ryan Tannehill,2019,3,9.066478,-2.0664777755737305
-0.5,-5.0,0,0.0,0,0,0,0.0,0,0.0,30.0,7.0,70.0,1,P,0.93,Bryan Anger,2019,2,1.3137683,-0.3837682676315307
30.8,160.0,1,88.0,0,12,24,0.0,0,0.0,24.0,3.0,186.0,10,RB,0.673139,Ty Johnson,2022,4,0.67244613,0.0006928682937622499
91.0,-1.0,0,751.0,3,50,96,0.0,0,0.0,23.0,1.0,171.0,16,WR,0.688719,Darius Slayton,2020,6,0.48381734,0.20490166105651852
83.0,238.0,2,372.0,2,34,55,0.0,0,0.0,23.0,2.0,186.0,15,RB,0.673139,Ty Johnson,2021,4,0.6160924,0.057046616138458295
47.3,254.0,1,99.0,1,16,21,0.0,0,0.0,22.0,1.0,186.0,10,RB,0.673139,Ty Johnson,2020,4,0.7464531,-0.07331410640335079
36.2,273.0,0,109.0,0,24,31,0.0,0,0.0,21.0,0.0,186.0,15,RB,0.673139,Ty Johnson,2019,4,0.893007,-0.2198679804191589
42.6,-13.0,0,339.0,2,26,58,0.0,0,0.0,24.0,2.0,171.0,13,WR,0.688719,Darius Slayton,2021,6,0.7558961,-0.06717709146118167
122.0,0.0,0,740.0,8,48,84,0.0,0,0.0,22.0,0.0,171.0,14,WR,0.688719,Darius Slayton,2019,6,0.38075355,0.3079654530467987
1.3,0.0,0,13.0,0,1,1,0.0,0,0.0,24.0,2.0,62.0,1,WR,1.157468,Andy Isabella,2021,6,1.0270513,0.130416670387268
33.800000000000004,-6.0,0,224.0,2,21,35,0.0,0,0.0,23.0,1.0,62.0,11,WR,1.157468,Andy Isabella,2020,6,1.3083562,-0.15088816588592535
26.4,15.0,0,189.0,1,9,13,0.0,0,0.0,22.0,0.0,62.0,9,WR,1.157468,Andy Isabella,2019,6,1.2777088,-0.12024076884460455
-0.78,-9.0,0,0.0,0,0,0,3.0,0,0.0,27.0,5.0,3.0,2,QB,1.0,Blake Bortles,2019,3,1.2509593,-0.25095927715301514
44.1,0.0,0,321.0,2,31,43,0.0,0,0.0,26.0,4.0,171.0,15,TE,6.0,Nick Boyle,2019,5,4.334333,1.6656670570373535
42.2,377.0,1,5.0,0,1,4,0.0,0,0.0,22.0,1.0,236.0,6,RB,0.136,Bo Scarbrough,2019,4,0.5061386,-0.3701386227607727
0.4,4.0,0,0.0,0,0,0,0.0,0,0.0,30.0,7.0,173.0,1,RB,0.93,Alfred Morris,2019,4,1.3134052,-0.38340515613555903
131.0,5.0,0,1145.0,3,90,117,0.0,0,0.0,26.0,4.0,204.0,16,TE,7.575001,Darren Waller,2019,5,8.275795,-0.7007939829101559
171.60000000000002,0.0,0,1196.0,9,107,145,0.0,0,0.0,27.0,5.0,204.0,16,TE,7.575001,Darren Waller,2020,5,7.562721,0.01228022439575227
78.5,0.0,0,665.0,2,55,93,0.0,0,0.0,28.0,6.0,204.0,11,TE,7.575001,Darren Waller,2021,5,9.169971,-1.5949704660644528
192.1,929.0,15,132.0,0,18,21,0.0,0,0.0,24.0,2.0,87.0,15,RB,0.907784,Damien Harris,2021,4,0.6294065,0.2783774882164002
12.4,0.0,0,124.0,0,9,20,0.0,0,0.0,23.0,1.0,185.0,11,WR,0.136,Deon Cain,2019,6,0.72717905,-0.5911790504455566
241.46,243.0,4,0.0,0,0,0,3529.0,20,13.0,36.0,14.0,250.0,15,QB,5.5,Ryan Fitzpatrick,2019,3,24.140432,-18.640432357788086
1.2000000000000002,12.0,0,0.0,0,0,0,0.0,0,0.0,22.0,0.0,87.0,1,RB,0.907784,Damien Harris,2019,4,1.0376892,-0.12990520898437496
19.16,66.0,1,0.0,0,0,0,164.0,1,2.0,25.0,1.0,104.0,4,QB,0.827414,Ryan Finley,2020,3,1.0836117,-0.2561977267608643
24.66,77.0,0,0.0,0,0,0,474.0,2,2.0,24.0,0.0,104.0,3,QB,0.827414,Ryan Finley,2019,3,0.8070026,0.020411395992279036
111.1,416.0,3,355.0,3,47,59,0.0,0,0.0,28.0,7.0,37.0,16,RB,5.15,Giovani Bernard,2020,4,4.51299,0.6370100021362308
38.400000000000006,170.0,0,234.0,0,30,43,0.0,0,0.0,27.0,6.0,37.0,16,RB,5.15,Giovani Bernard,2019,4,4.6280656,0.5219344139099125
86.30000000000001,691.0,2,52.0,0,5,7,0.0,0,0.0,23.0,1.0,87.0,10,RB,0.907784,Damien Harris,2020,4,1.0057607,-0.09797666970825192
73.9,462.0,3,97.0,0,17,23,0.0,0,0.0,25.0,3.0,87.0,11,RB,0.907784,Damien Harris,2022,4,1.1033858,-0.19560180608367916
134.4,688.0,5,176.0,3,29,40,0.0,0,0.0,24.0,2.0,70.0,12,RB,1.053001,Darrell Henderson,2021,4,1.2139792,-0.16097824423217766
113.9,624.0,5,155.0,1,16,24,0.0,0,0.0,23.0,1.0,70.0,15,RB,1.053001,Darrell Henderson,2020,4,0.9950086,0.05799241216278084
18.4,147.0,0,37.0,0,4,6,0.0,0,0.0,22.0,0.0,70.0,7,RB,1.053001,Darrell Henderson,2019,4,0.8936011,0.15939988048172005
83.7,23.0,0,574.0,4,51,101,0.0,0,0.0,26.0,4.0,25.0,13,WR,2.946835,Marquise Brown,2023,6,5.7376585,-2.7908235006713866
89.0,1.0,0,709.0,3,67,107,0.0,0,0.0,25.0,3.0,25.0,12,WR,2.946835,Marquise Brown,2022,6,3.6297357,-0.6829007082366942
135.3,5.0,0,1008.0,6,91,146,0.0,0,0.0,24.0,2.0,25.0,16,WR,2.946835,Marquise Brown,2021,6,2.8297904,0.11704464622497568
125.0,1.0,0,769.0,8,58,100,0.0,0,0.0,23.0,1.0,25.0,16,WR,2.946835,Marquise Brown,2020,6,2.4792075,0.46762748428344736
100.4,0.0,0,584.0,7,46,71,0.0,0,0.0,22.0,0.0,25.0,14,WR,2.946835,Marquise Brown,2019,6,2.5341713,0.41266365715026865
3.5,0.0,0,35.0,0,3,7,0.0,0,0.0,23.0,1.0,86.0,4,TE,0.910114,Kahale Warring,2020,5,0.904134,0.005980024494171121
136.5,12.0,0,1053.0,5,77,130,0.0,0,0.0,25.0,2.0,76.0,17,WR,0.961918,Terry McLaurin,2021,6,2.1867673,-1.2248493397064208
136.8,30.0,0,1118.0,4,87,134,0.0,0,0.0,24.0,1.0,76.0,15,WR,0.961918,Terry McLaurin,2020,6,1.2259717,-0.2640536987609863
133.9,0.0,0,919.0,7,58,93,0.0,0,0.0,23.0,0.0,76.0,14,WR,0.961918,Terry McLaurin,2019,6,1.7814271,-0.8195091450042724
1.0,0.0,0,10.0,0,2,2,0.0,0,0.0,28.0,6.0,133.0,2,TE,0.895,Levine Toilolo,2019,5,1.3427995,-0.4477995443344116
3.0,0.0,0,30.0,0,5,6,0.0,0,0.0,23.0,0.0,52.0,4,TE,1.376574,Drew Sample,2019,5,1.1869386,0.1896353565444946
17.6,0.0,0,116.0,1,7,9,0.0,0,0.0,24.0,3.0,32.0,6,WR,2.524587,N'Keal Harry,2022,6,1.9477462,0.5768408423538207
18.4,0.0,0,184.0,0,12,22,0.0,0,0.0,23.0,2.0,32.0,9,WR,2.524587,N'Keal Harry,2021,6,2.207965,0.3166221028442382
42.900000000000006,0.0,0,309.0,2,33,57,0.0,0,0.0,22.0,1.0,32.0,13,WR,2.524587,N'Keal Harry,2020,6,2.4225757,0.10201128779602042
38.9,0.0,0,349.0,1,40,53,0.0,0,0.0,24.0,1.0,52.0,16,TE,1.376574,Drew Sample,2020,5,1.1354847,0.24108930456542965
8.1,0.0,0,81.0,0,11,15,0.0,0,0.0,25.0,2.0,52.0,8,TE,1.376574,Drew Sample,2021,5,1.0525023,0.32407172548675534
129.1,11.0,0,900.0,7,58,100,0.0,0,0.0,21.0,0.0,64.0,16,WR,1.146513,D.K. Metcalf,2019,6,1.3211465,-0.17463348818969737
41.400000000000006,0.0,0,414.0,0,32,43,0.0,0,0.0,25.0,4.0,20.0,14,TE,3.147681,Noah Fant,2023,5,5.182202,-2.034520862335205
72.60000000000001,0.0,0,486.0,4,50,63,0.0,0,0.0,24.0,3.0,20.0,17,TE,3.147681,Noah Fant,2022,5,2.5008738,0.6468071959075927
91.0,0.0,0,670.0,4,68,90,0.0,0,0.0,23.0,2.0,20.0,16,TE,3.147681,Noah Fant,2021,5,2.7964494,0.35123157716369624
7.300000000000001,51.0,0,22.0,0,5,7,0.0,0,0.0,27.0,6.0,194.0,3,RB,0.805,Spencer Ware,2019,4,0.83813834,-0.033138341903686475
87.3,0.0,0,673.0,3,62,93,0.0,0,0.0,22.0,1.0,20.0,14,TE,3.147681,Noah Fant,2020,5,3.136576,0.011105062728881787
71.0,-12.0,0,562.0,3,40,66,0.0,0,0.0,21.0,0.0,20.0,16,TE,3.147681,Noah Fant,2019,5,3.2691188,-0.12143778585815435
-0.2,0.0,0,-2.0,0,2,2,0.0,0,0.0,26.0,3.0,52.0,2,TE,1.376574,Drew Sample,2022,5,1.4115196,-0.03494564664459232
86.10000000000001,58.0,0,623.0,3,63,91,0.0,0,0.0,25.0,3.0,59.0,17,WR,1.193984,Parris Campbell,2022,6,3.7838657,-2.5898816902313233
22.200000000000003,0.0,0,162.0,1,10,20,0.0,0,0.0,24.0,2.0,59.0,6,WR,1.193984,Parris Campbell,2021,6,1.2066243,-0.012640269485473699
8.7,16.0,0,71.0,0,6,9,0.0,0,0.0,23.0,1.0,59.0,2,WR,1.193984,Parris Campbell,2020,6,1.7621868,-0.5682027656707764
20.1,34.0,0,127.0,1,18,24,0.0,0,0.0,22.0,0.0,59.0,7,WR,1.193984,Parris Campbell,2019,6,1.2954477,-0.10146370717620856
11.12,28.0,0,22.0,0,6,8,3.0,0,0.0,30.0,6.0,182.0,8,RB,0.895,Kenjon Barner,2019,4,1.1266398,-0.23163984298706053
56.5,283.0,3,102.0,0,17,22,0.0,0,0.0,25.0,3.0,70.0,10,RB,1.053001,Darrell Henderson,2022,4,1.015784,0.037216974807739334
289.0,708.0,7,0.0,0,0,0,3205.0,15,5.0,25.0,3.0,6.0,16,QB,6.416014,Daniel Jones,2022,3,30.249336,-23.83332224267578
166.52,298.0,2,16.0,0,1,1,2428.0,10,7.0,24.0,2.0,6.0,11,QB,6.416014,Daniel Jones,2021,3,7.904158,-1.4881441153869632
180.02,423.0,1,0.0,0,0,0,2943.0,11,10.0,23.0,1.0,6.0,14,QB,6.416014,Daniel Jones,2020,3,6.262198,0.15381602865600552
216.98,279.0,2,0.0,0,0,0,3027.0,24,12.0,22.0,0.0,6.0,13,QB,6.416014,Daniel Jones,2019,3,5.9013906,0.5146234474792477
50.88,53.0,2,1.0,0,1,1,787.0,2,2.0,24.0,2.0,42.0,6,QB,1.752705,Drew Lock,2021,3,2.298618,-0.5459130782318116
181.32,160.0,3,0.0,0,0,0,2933.0,16,15.0,23.0,1.0,42.0,13,QB,1.752705,Drew Lock,2020,3,1.5386242,0.21408083255767818
68.0,72.0,0,0.0,0,0,0,1020.0,7,3.0,22.0,0.0,42.0,5,QB,1.752705,Drew Lock,2019,3,1.6814663,0.0712386589813232
152.74,151.0,2,0.0,0,1,1,2091.0,13,8.0,37.0,15.0,250.0,9,QB,5.5,Ryan Fitzpatrick,2020,3,4.7821507,0.7178492546081543
1.1,0.0,0,11.0,0,2,3,0.0,0,0.0,25.0,3.0,93.0,3,WR,0.893732,Miles Boykin,2022,6,0.6372963,0.25643568099212644
0.6000000000000001,0.0,0,6.0,0,1,1,0.0,0,0.0,24.0,2.0,93.0,1,WR,0.893732,Miles Boykin,2021,6,0.7176012,0.17613081992340085
261.96000000000004,365.0,8,1405.0,6,77,121,24.0,1,0.0,25.0,2.0,36.0,16,WR,1.924339,Deebo Samuel,2021,6,1.817204,0.1071350014343262
113.2,656.0,4,176.0,1,23,26,0.0,0,0.0,30.0,7.0,181.0,15,RB,3.6,Latavius Murray,2020,4,3.2702212,0.32977876663208017
47.7,26.0,0,391.0,1,33,44,0.0,0,0.0,24.0,1.0,36.0,7,WR,1.924339,Deebo Samuel,2020,6,2.124014,-0.19967490075683592
132.1,159.0,3,802.0,3,57,81,0.0,0,0.0,23.0,0.0,36.0,15,WR,1.924339,Deebo Samuel,2019,6,1.962314,-0.03797500966644285
4.239999999999999,0.0,0,0.0,0,0,0,56.0,1,0.0,29.0,6.0,73.0,2,QB,1.95,Mike Glennon,2019,3,2.4251938,-0.4751937866210938
123.2,637.0,5,235.0,1,34,43,0.0,0,0.0,29.0,6.0,181.0,16,RB,3.6,Latavius Murray,2019,4,3.7782385,-0.17823853492736808
34.4,47.0,1,177.0,1,13,24,0.0,0,0.0,29.0,6.0,8.0,13,WR,1.75,Tavon Austin,2019,6,3.527429,-1.7774291038513184
149.0,789.0,3,461.0,1,66,78,0.0,0,0.0,27.0,6.0,48.0,15,RB,13.125,Le'Veon Bell,2019,4,12.04642,1.0785799026489258
50.6,0.0,0,266.0,4,19,33,0.0,0,0.0,23.0,1.0,93.0,13,WR,0.893732,Miles Boykin,2020,6,0.96298385,-0.06925184666442874
63.6,0.0,0,436.0,3,43,63,0.0,0,0.0,28.0,6.0,21.0,16,TE,4.0,Tyler Eifert,2019,5,5.126612,-1.1266121864318848
37.8,0.0,0,198.0,3,13,22,0.0,0,0.0,22.0,0.0,93.0,12,WR,0.893732,Miles Boykin,2019,6,1.2541137,-0.3603816741638184
117.9,10.0,0,869.0,5,63,105,0.0,0,0.0,24.0,2.0,51.0,13,WR,1.413092,A.J. Brown,2021,6,1.4901872,-0.07709516812133788
177.5,0.0,0,1075.0,11,70,106,0.0,0,0.0,23.0,1.0,51.0,14,WR,1.413092,A.J. Brown,2020,6,1.1005398,0.31255219649505617
165.1,60.0,1,1051.0,8,52,84,0.0,0,0.0,22.0,0.0,51.0,16,WR,1.413092,A.J. Brown,2019,6,1.3960972,0.016994816772460952
17.4,0.0,0,114.0,1,12,15,0.0,0,0.0,24.0,1.0,75.0,8,TE,0.966382,Jace Sternberger,2020,5,1.1051229,-0.13874092385101322
24.6,103.0,0,83.0,0,11,17,0.0,0,0.0,28.0,6.0,29.0,12,WR,5.0,Cordarrelle Patterson,2019,6,1.9094293,3.0905706882476807
0.0,0.0,0,0.0,0,0,1,0.0,0,0.0,23.0,0.0,75.0,1,TE,0.966382,Jace Sternberger,2019,5,0.91256183,0.05382016614150997
48.400000000000006,232.0,1,132.0,0,21,25,0.0,0,0.0,29.0,7.0,29.0,15,WR,5.0,Cordarrelle Patterson,2020,6,3.257759,1.7422409057617188
145.4,889.0,6,185.0,1,25,35,0.0,0,0.0,22.0,0.0,73.0,16,RB,1.003845,David Montgomery,2019,4,0.9572744,0.04657062265396128
275.3,1653.0,12,400.0,0,53,64,0.0,0,0.0,24.0,3.0,24.0,17,RB,2.98335,Josh Jacobs,2022,4,3.7780404,-0.7946904090881346
172.0,872.0,9,348.0,0,54,64,0.0,0,0.0,23.0,2.0,24.0,15,RB,2.98335,Josh Jacobs,2021,4,2.6861708,0.2971791835784914
198.3,1065.0,12,238.0,0,33,45,0.0,0,0.0,22.0,1.0,24.0,15,RB,2.98335,Josh Jacobs,2020,4,3.0484943,-0.06514433898925764
171.6,1150.0,7,166.0,0,20,27,0.0,0,0.0,21.0,0.0,24.0,13,RB,2.98335,Josh Jacobs,2019,4,4.002331,-1.0189807800292967
114.7,0.0,0,587.0,9,49,71,0.0,0,0.0,24.0,2.0,96.0,15,TE,0.8804,Dawson Knox,2021,5,1.3219749,-0.4415748735427857
42.8,0.0,0,288.0,3,24,44,0.0,0,0.0,23.0,1.0,96.0,11,TE,0.8804,Dawson Knox,2020,5,1.6312014,-0.7508013864517212
51.7,9.0,0,388.0,2,28,50,0.0,0,0.0,22.0,0.0,96.0,15,TE,0.8804,Dawson Knox,2019,5,1.7509487,-0.8705486675262452
143.70000000000002,801.0,5,316.0,1,34,40,0.0,0,0.0,25.0,3.0,73.0,16,RB,1.003845,David Montgomery,2022,4,1.5748087,-0.5709637167739867
153.0,849.0,7,301.0,0,42,51,0.0,0,1.0,24.0,2.0,73.0,13,RB,1.003845,David Montgomery,2021,4,1.1665735,-0.16272852447509756
210.8,1070.0,8,438.0,2,54,68,0.0,0,0.0,23.0,1.0,73.0,15,RB,1.003845,David Montgomery,2020,4,1.4615512,-0.4577061894226073
27.4,49.0,0,105.0,2,12,24,0.0,0,0.0,21.0,0.0,32.0,7,WR,2.524587,N'Keal Harry,2019,6,2.356584,0.1680029278869628
0.0,0.0,0,0.0,0,0,3,0.0,0,0.0,23.0,0.0,184.0,2,WR,0.54,Travis Fulgham,2019,6,0.634582,-0.09458198308944699
3.9,0.0,0,39.0,0,4,4,0.0,0,0.0,24.0,1.0,126.0,2,WR,0.800649,Riley Ridley,2020,6,0.6877513,0.11289770681762701
8.64,0.0,0,0.0,0,0,0,416.0,0,3.0,24.0,1.0,199.0,3,QB,0.57,Luke Falk,2019,3,0.2718812,0.2981188070774078
6.9,0.0,0,69.0,0,6,7,0.0,0,0.0,23.0,0.0,126.0,3,WR,0.800649,Riley Ridley,2019,6,0.797199,0.0034499891510010317
23.3,0.0,0,173.0,1,16,28,0.0,0,0.0,28.0,5.0,120.0,13,TE,0.895,Logan Thomas,2019,5,2.8055658,-1.9105658340454101
74.9,245.0,5,204.0,0,24,26,0.0,0,0.0,24.0,1.0,201.0,8,RB,0.615,Boston Scott,2019,4,0.6227652,-0.007765183448791513
1.8000000000000005,0.0,0,18.0,0,4,15,0.0,0,0.0,26.0,5.0,90.0,4,WR,4.5,Donte Moncrief,2019,6,2.4350858,2.0649142265319824
42.0,0.0,0,300.0,2,24,42,0.0,0,0.0,26.0,5.0,56.0,13,WR,1.5,Cody Latimer,2019,6,4.2716284,-2.7716283798217773
3.3000000000000003,0.0,0,33.0,0,4,12,0.0,0,0.0,27.0,5.0,42.0,2,WR,2.0,Jordan Matthews,2019,6,4.401335,-2.401334762573242
70.60000000000001,374.0,1,212.0,1,25,36,0.0,0,0.0,25.0,2.0,201.0,16,RB,0.615,Boston Scott,2020,4,0.6046663,0.010333707332611075
21.6,0.0,0,156.0,1,15,19,0.0,0,0.0,35.0,13.0,28.0,12,TE,2.1,Marcedes Lewis,2019,5,2.2260394,-0.12603940963745108
1.1,5.0,0,6.0,0,1,2,0.0,0,0.0,26.0,5.0,124.0,3,WR,0.805,De'Anthony Thomas,2019,6,1.3399923,-0.5349922847747802
8.600000000000001,0.0,0,86.0,0,9,12,0.0,0,0.0,30.0,7.0,201.0,5,TE,1.125,Ryan Griffin,2020,5,2.1349342,-1.0099341869354248
1.4,0.0,0,14.0,0,4,9,0.0,0,0.0,28.0,5.0,142.0,2,WR,1.0,Ryan Grant,2019,6,2.4824002,-1.4824001789093018
0.0,0.0,0,0.0,0,0,0,0.0,0,0.0,28.0,5.0,183.0,1,QB,0.805,David Fales,2019,3,1.7625396,-0.9575396251678466
143.2,1070.0,6,42.0,0,10,16,0.0,0,0.0,28.0,5.0,57.0,16,RB,2.8,Carlos Hyde,2019,4,3.514222,-0.7142219066619875
147.82000000000002,7.0,0,1060.0,6,72,115,28.0,1,0.0,29.0,5.0,91.0,15,WR,9.0,John Brown,2019,6,12.548294,-3.5482940673828125
63.8,0.0,0,458.0,3,33,52,0.0,0,0.0,30.0,6.0,91.0,9,WR,9.0,John Brown,2020,6,8.61789,0.3821096420288086
90.46,31.0,0,0.0,0,0,0,1384.0,9,2.0,26.0,5.0,32.0,9,QB,7.25,Teddy Bridgewater,2019,3,7.40688,-0.15687990188598633
11.0,66.0,0,24.0,0,6,10,0.0,0,0.0,36.0,14.0,130.0,6,RB,1.33,Darren Sproles,2019,4,0.77346843,0.5565315651893616
7.9,0.0,0,79.0,0,8,10,0.0,0,0.0,29.0,6.0,158.0,6,TE,0.805,Luke Willson,2019,5,1.9117391,-1.1067391109466551
9.8,0.0,0,38.0,1,3,4,0.0,0,0.0,27.0,5.0,189.0,1,WR,0.805,T.J. Jones,2019,6,1.9128599,-1.1078599166870116
23.8,88.0,0,90.0,1,9,10,0.0,0,0.0,22.0,1.0,204.0,9,RB,0.66584,Travis Homer,2020,4,0.6708999,-0.005059927616119397
1.1,0.0,0,11.0,0,1,1,0.0,0,0.0,25.0,0.0,236.0,1,WR,0.650668,John Ursua,2019,6,0.5760008,0.0746671903305054
13.1,122.0,0,9.0,0,1,1,0.0,0,0.0,22.0,0.0,222.0,6,RB,0.54,Kerrith Whyte,2019,4,0.63713306,-0.0971330618858337
27.1,74.0,0,157.0,1,16,18,0.0,0,0.0,24.0,3.0,204.0,8,RB,0.66584,Travis Homer,2022,4,0.71324766,-0.0474076568222046
45.8,177.0,1,161.0,0,16,20,0.0,0,0.0,23.0,2.0,204.0,12,RB,0.66584,Travis Homer,2021,4,0.65441376,0.011426240291595446
17.0,114.0,0,56.0,0,11,13,0.0,0,0.0,21.0,0.0,204.0,4,RB,0.66584,Travis Homer,2019,4,0.7096653,-0.043825298461914075
35.220000000000006,22.0,0,315.0,0,21,39,38.0,0,0.0,34.0,11.0,232.0,6,WR,7.75,Julian Edelman,2020,6,5.311686,2.4383139610290527
156.28,27.0,0,1117.0,6,100,153,47.0,1,0.0,33.0,10.0,232.0,16,WR,7.75,Julian Edelman,2019,6,8.474199,-0.7241992950439453
105.5,0.0,0,835.0,4,73,107,0.0,0,0.0,36.0,15.0,3.0,16,WR,11.0,Larry Fitzgerald,2019,6,10.52661,0.4733896255493164
90.4,0.0,0,504.0,7,37,60,0.0,0,0.0,33.0,11.0,89.0,15,TE,7.5,Jared Cook,2020,5,6.9606857,0.5393142700195312
124.5,0.0,0,705.0,9,43,65,0.0,0,0.0,32.0,10.0,89.0,14,TE,7.5,Jared Cook,2019,5,8.037234,-0.5372343063354492
9.4,34.0,1,0.0,0,0,0,0.0,0,0.0,33.0,12.0,12.0,1,RB,1.03,Marshawn Lynch,2019,4,3.0509956,-2.020995588302612
90.6,465.0,4,181.0,1,28,34,0.0,0,0.0,31.0,10.0,53.0,13,RB,3.0,LeSean McCoy,2019,4,3.4380283,-0.43802833557128906
2.2,0.0,0,22.0,0,4,5,0.0,0,0.0,31.0,10.0,10.0,2,WR,3.25,Michael Crabtree,2019,6,3.5841537,-0.3341536521911621
267.22,11.0,0,0.0,0,0,0,3803.0,33,10.0,38.0,16.0,11.0,15,QB,34.0,Ben Roethlisberger,2020,3,33.185055,0.8149452209472656
196.7,1269.0,11,78.0,0,20,26,0.0,0,0.0,25.0,3.0,53.0,17,RB,1.340058,Miles Sanders,2022,4,5.996471,-4.656412928192139
91.2,754.0,0,158.0,0,26,34,0.0,0,0.0,24.0,2.0,53.0,12,RB,1.340058,Miles Sanders,2021,4,1.4532686,-0.11321064719390872
142.4,867.0,6,197.0,0,28,52,0.0,0,0.0,23.0,1.0,53.0,12,RB,1.340058,Miles Sanders,2020,4,1.4343388,-0.09428080805969241
168.70000000000002,818.0,3,509.0,3,50,63,0.0,0,0.0,22.0,0.0,53.0,16,RB,1.340058,Miles Sanders,2019,4,1.3521327,-0.012074678031921415
76.7,101.0,0,0.0,0,0,0,1365.0,7,7.0,22.0,0.0,15.0,9,QB,3.604154,Dwayne Haskins,2019,3,3.5183542,0.08579982252502427
129.4,0.0,0,914.0,6,86,129,0.0,0,0.0,25.0,3.0,8.0,17,TE,4.955307,T.J. Hockenson,2022,5,5.548897,-0.5935897895507809
84.30000000000001,0.0,0,583.0,4,61,84,0.0,0,0.0,24.0,2.0,8.0,12,TE,4.955307,T.J. Hockenson,2021,5,5.1280727,-0.1727657386474606
108.3,0.0,0,723.0,6,67,101,0.0,0,0.0,23.0,1.0,8.0,16,TE,4.955307,T.J. Hockenson,2020,5,4.651874,0.30343293460083043
48.7,0.0,0,367.0,2,32,59,0.0,0,0.0,22.0,0.0,8.0,12,TE,4.955307,T.J. Hockenson,2019,5,5.247315,-0.29200792996215785
12.74,7.0,0,0.0,0,0,0,351.0,0,1.0,37.0,15.0,11.0,2,QB,34.0,Ben Roethlisberger,2019,3,30.782787,3.217212677001953
299.78000000000003,423.0,5,0.0,0,0,0,3787.0,24,10.0,24.0,2.0,1.0,14,QB,8.789661,Kyler Murray,2021,3,8.950423,-0.16076224066162048
22.9,0.0,0,169.0,1,10,22,0.0,0,0.0,22.0,0.0,57.0,8,WR,1.237806,J.J. Arcega-Whiteside,2019,6,1.3265481,-0.0887420995178223
10.5,0.0,0,85.0,0,4,8,0.0,0,0.0,23.0,1.0,57.0,5,WR,1.237806,J.J. Arcega-Whiteside,2020,6,1.3563548,-0.118548832649231
285.98,539.0,4,0.0,0,0,0,3752.0,20,12.0,22.0,0.0,1.0,16,QB,8.789661,Kyler Murray,2019,3,9.24518,-0.4555191300048822
139.9,819.0,5,280.0,1,38,52,0.0,0,0.0,24.0,3.0,74.0,16,RB,0.9745,Devin Singletary,2022,4,1.781193,-0.8066930179595947
157.8,870.0,7,228.0,1,40,50,0.0,0,0.0,23.0,2.0,74.0,17,RB,0.9745,Devin Singletary,2021,4,0.90863335,0.06586664867401126
105.6,687.0,2,269.0,0,38,50,0.0,0,0.0,22.0,1.0,74.0,16,RB,0.9745,Devin Singletary,2020,4,0.96795475,0.006545245170593295
118.9,775.0,2,194.0,2,29,41,0.0,0,0.0,21.0,0.0,74.0,12,RB,0.9745,Devin Singletary,2019,4,1.0427936,-0.06829363155364987
26.9,0.0,0,149.0,2,14,25,0.0,0,0.0,25.0,3.0,69.0,12,TE,1.062711,Josh Oliver,2022,5,1.3338457,-0.2711347345962525
84.80000000000001,72.0,0,576.0,3,57,83,0.0,0,0.0,26.0,3.0,40.0,10,WR,10.25,Sterling Shepard,2019,6,10.528592,-0.2785921096801758
6.6000000000000005,0.0,0,66.0,0,9,15,0.0,0,0.0,24.0,2.0,69.0,10,TE,1.062711,Josh Oliver,2021,5,0.9905472,0.07216381982421871
96.5,49.0,1,656.0,3,66,90,0.0,0,0.0,27.0,4.0,40.0,12,WR,10.25,Sterling Shepard,2020,6,11.235708,-0.9857082366943359
1.5,0.0,0,15.0,0,3,6,0.0,0,0.0,22.0,0.0,69.0,3,TE,1.062711,Josh Oliver,2019,5,1.0011728,0.061538219009399375
41.7,-9.0,0,366.0,1,36,53,0.0,0,0.0,28.0,5.0,40.0,7,WR,10.25,Sterling Shepard,2021,6,9.982651,0.2673492431640625
3.6000000000000005,0.0,0,36.0,0,2,5,0.0,0,0.0,24.0,2.0,57.0,3,WR,1.237806,J.J. Arcega-Whiteside,2021,6,1.0900296,0.1477764027175903
378.74,819.0,11,0.0,0,0,0,3971.0,26,12.0,23.0,1.0,1.0,16,QB,8.789661,Kyler Murray,2020,3,8.580738,0.2089229323730475
13.2,0.0,0,132.0,0,19,23,0.0,0,0.0,25.0,3.0,141.0,14,TE,0.716115,Zach Gentry,2022,5,0.85253257,-0.13641756559371954
32.5,39.0,0,0.0,0,0,0,515.0,3,2.0,26.0,3.0,201.0,3,QB,0.645,Brandon Allen,2019,3,0.99148756,-0.34648756265640257
57.1,151.0,1,6.0,0,1,1,685.0,4,4.0,26.0,3.0,207.0,3,QB,0.645,Jeff Driskel,2019,3,1.1722237,-0.527223687171936
106.1,41.0,0,680.0,5,59,92,0.0,0,0.0,23.0,0.0,66.0,16,WR,1.070241,Diontae Johnson,2019,6,1.3106447,-0.2404037458267212
2.1,10.0,0,11.0,0,2,4,0.0,0,0.0,25.0,3.0,119.0,2,RB,0.72,Tyler Ervin,2019,4,0.7785001,-0.058500080108642605
135.8,15.0,0,923.0,7,88,144,0.0,0,0.0,24.0,1.0,66.0,15,WR,1.070241,Diontae Johnson,2020,6,1.8419945,-0.7717535240020752
16.700000000000003,0.0,0,167.0,0,19,25,0.0,0,0.0,24.0,2.0,141.0,10,TE,0.716115,Zach Gentry,2021,5,0.85314953,-0.1370345332717896
0.4,0.0,0,4.0,0,1,1,0.0,0,0.0,22.0,0.0,141.0,1,TE,0.716115,Zach Gentry,2019,5,0.7297004,-0.013585386524200493
3.8,29.0,0,9.0,0,1,1,0.0,0,0.0,24.0,3.0,149.0,3,RB,0.69,Paul Perkins,2019,4,0.54611653,0.1438834691047668
2.7,7.0,0,20.0,0,3,7,0.0,0,0.0,31.0,9.0,88.0,5,WR,2.3,Andre Roberts,2019,6,2.3827262,-0.08272619247436541
167.4,53.0,0,1161.0,8,107,169,0.0,0,0.0,25.0,2.0,66.0,16,WR,1.070241,Diontae Johnson,2021,6,2.7387795,-1.6685385448303223
11.5,0.0,0,55.0,1,4,11,0.0,0,0.0,24.0,3.0,172.0,6,WR,2.025,Rashard Higgins,2019,6,0.7102149,1.314785087108612
32.900000000000006,-3.0,0,0.0,0,0,0,580.0,3,1.0,38.0,15.0,90.0,5,QB,1.89,Matt Schaub,2019,3,7.4140434,-5.524043426513672
258.02000000000004,215.0,1,0.0,0,0,0,3563.0,27,7.0,28.0,5.0,2.0,17,QB,32.0,Carson Wentz,2021,3,31.909098,0.09090232849121094
112.8,86.0,1,0.0,0,0,0,1755.0,11,9.0,29.0,6.0,2.0,8,QB,32.0,Carson Wentz,2022,3,28.594954,3.4050464630126953
24.4,0.0,0,184.0,1,9,16,0.0,0,0.0,24.0,3.0,23.0,9,WR,0.72,Laquon Treadwell,2019,6,1.2145268,-0.4945267724990845
-0.4,-4.0,0,0.0,0,0,0,0.0,0,0.0,39.0,16.0,90.0,1,QB,1.89,Matt Schaub,2020,3,3.5661397,-1.6761396980285646
30.8,12.0,0,236.0,1,14,26,0.0,0,0.0,33.0,12.0,49.0,5,WR,9.0,DeSean Jackson,2020,6,6.40463,2.595369815826416
27.9,0.0,0,159.0,2,9,10,0.0,0,0.0,32.0,11.0,49.0,2,WR,9.0,DeSean Jackson,2019,6,8.161787,0.8382129669189453
132.9,23.0,0,1046.0,5,90,148,0.0,0,0.0,24.0,3.0,55.0,16,WR,10.75,Tyler Boyd,2019,6,9.877896,0.8721036911010742
113.64,49.0,0,841.0,4,79,110,16.0,0,0.0,25.0,4.0,55.0,15,WR,10.75,Tyler Boyd,2020,6,10.039861,0.710139274597168
116.84,22.0,0,828.0,5,67,94,46.0,0,0.0,26.0,5.0,55.0,16,WR,10.75,Tyler Boyd,2021,6,11.160569,-0.4105691909790039
109.12,0.0,0,762.0,5,58,82,23.0,0,0.0,27.0,6.0,55.0,16,WR,10.75,Tyler Boyd,2022,6,12.24207,-1.492070198059082
77.80000000000001,11.0,0,667.0,2,67,98,0.0,0,1.0,28.0,7.0,55.0,17,WR,10.75,Tyler Boyd,2023,6,10.770553,-0.020552635192871094
198.4,276.0,5,0.0,0,0,0,2620.0,16,15.0,27.0,4.0,2.0,12,QB,32.0,Carson Wentz,2020,3,11.25078,20.74921989440918
275.86,243.0,1,0.0,0,0,0,4039.0,27,7.0,26.0,3.0,2.0,16,QB,32.0,Carson Wentz,2019,3,31.026882,0.9731178283691406
9.3,17.0,0,0.0,0,0,0,90.0,1,0.0,25.0,1.0,197.0,2,QB,0.670172,Trace McSorley,2020,3,1.1581658,-0.4879938124923706
68.8,31.0,2,297.0,4,25,34,0.0,0,0.0,24.0,3.0,56.0,8,WR,1.248763,Mecole Hardman,2022,6,1.7105768,-0.46181377268981927
81.9,46.0,0,693.0,2,59,83,0.0,0,0.0,23.0,2.0,56.0,17,WR,1.248763,Mecole Hardman,2021,6,1.2735229,-0.024759853851318292
89.10000000000001,31.0,0,560.0,4,41,62,0.0,0,0.0,22.0,1.0,56.0,16,WR,1.248763,Mecole Hardman,2020,6,1.0092248,0.23953822754669196
97.5,17.0,0,538.0,6,26,41,0.0,0,0.0,21.0,0.0,56.0,15,WR,1.248763,Mecole Hardman,2019,6,1.3548512,-0.10608824588012689
28.9,5.0,1,164.0,0,19,33,0.0,0,0.0,26.0,3.0,186.0,9,WR,4.925,Jakeem Grant,2019,6,1.9626446,2.9623554229736326
51.3,20.0,0,373.0,1,36,54,0.0,0,0.0,27.0,4.0,186.0,14,WR,4.925,Jakeem Grant,2020,6,4.295733,0.6292670249938963
0.1,1.0,0,0.0,0,0,0,0.0,0,0.0,24.0,0.0,197.0,1,QB,0.670172,Trace McSorley,2019,3,0.6985141,-0.028342103889465342
26.2,97.0,1,65.0,1,7,11,0.0,0,0.0,23.0,1.0,214.0,5,RB,0.669335,Darwin Thompson,2020,4,0.6533257,0.016009323081970228
225.6,-9.0,0,1725.0,9,149,185,0.0,0,0.0,26.0,3.0,47.0,16,WR,19.25,Michael Thomas,2019,6,18.991028,0.25897216796875
23.1,128.0,1,43.0,0,9,10,0.0,0,0.0,22.0,0.0,214.0,10,RB,0.669335,Darwin Thompson,2019,4,0.6410097,0.028325311622619642
43.900000000000006,1.0,0,438.0,0,40,55,0.0,0,0.0,27.0,4.0,47.0,7,WR,19.25,Michael Thomas,2020,6,8.53038,10.719619750976562
35.1,0.0,0,171.0,3,16,22,0.0,0,0.0,29.0,6.0,47.0,3,WR,19.25,Michael Thomas,2022,6,12.277034,6.972966194152832
0.0,0.0,0,0.0,0,0,0,0.0,0,0.0,27.0,4.0,228.0,1,P,2.9,Riley Dixon,2020,2,1.9118971,0.9881029367446899
0.0,0.0,0,0.0,0,0,0,0.0,0,0.0,28.0,5.0,228.0,1,P,2.9,Riley Dixon,2021,2,2.176966,0.7230340480804442
1.3200000000000012,22.0,0,0.0,0,0,0,228.0,0,4.0,24.0,0.0,100.0,2,QB,0.963249,Will Grier,2019,3,1.266945,-0.3036960044631958
68.16,46.0,1,0.0,0,0,0,1439.0,5,7.0,23.0,1.0,15.0,7,QB,3.604154,Dwayne Haskins,2020,3,4.004228,-0.40007411508178725
4.9,2.0,0,47.0,0,2,3,0.0,0,0.0,23.0,0.0,121.0,3,TE,0.806643,Trevon Wesco,2019,5,0.78169805,0.024944951885223388
26.200000000000003,229.0,0,33.0,0,7,12,0.0,0,0.0,30.0,8.0,126.0,12,RB,1.02,Bilal Powell,2019,4,1.5115327,-0.4915326642990112
16.9,0.0,0,109.0,1,13,18,0.0,0,0.0,27.0,4.0,194.0,8,TE,0.805,Nick O'Leary,2019,5,2.4007926,-1.595792598724365
4.9,40.0,0,9.0,0,1,1,0.0,0,0.0,31.0,8.0,125.0,1,RB,1.02,Taiwan Jones,2019,4,0.66022265,0.35977735042572023
109.5,0.0,0,775.0,5,47,90,0.0,0,0.0,26.0,4.0,76.0,16,WR,2.2975,Chris Conley,2019,6,6.9252777,-4.627777709960938
57.1,0.0,0,471.0,2,40,63,0.0,0,0.0,27.0,5.0,76.0,14,WR,2.2975,Chris Conley,2020,6,6.0060716,-3.7085715675354005
3.1,9.0,0,22.0,0,2,3,0.0,0,0.0,30.0,8.0,136.0,4,RB,1.02,Anthony Sherman,2019,4,1.3443961,-0.3243961143493652
26.3,115.0,0,88.0,1,15,21,0.0,0,0.0,26.0,4.0,54.0,11,RB,0.81,Ameer Abdullah,2019,4,2.2061765,-1.3961765193939208
9.6,0.0,0,36.0,1,4,5,0.0,0,0.0,27.0,4.0,159.0,1,WR,1.0,J.J. Nelson,2019,6,2.6345918,-1.634591817855835
36.2,0.0,0,242.0,2,27,40,0.0,0,0.0,26.0,4.0,157.0,13,TE,6.1,C.J. Uzomah,2019,5,4.095672,2.004327869415283
19.3,8.0,0,185.0,0,23,40,0.0,0,0.0,25.0,3.0,208.0,11,WR,0.66196,Scott Miller,2022,6,1.1398808,-0.4779207764053345
0.9,0.0,0,9.0,0,1,3,0.0,0,0.0,26.0,4.0,229.0,3,TE,0.72,Ben Koyack,2019,5,1.3342947,-0.6142946767807007
6.500000000000001,0.0,0,65.0,0,13,17,0.0,0,0.0,25.0,4.0,246.0,6,TE,3.3,Geoff Swaim,2019,5,2.067439,1.2325609207153319
5.4,26.0,0,28.0,0,4,6,0.0,0,0.0,25.0,3.0,234.0,2,RB,0.651777,Myles Gaskin,2022,4,0.6033727,0.04840430693817144
37.400000000000006,0.0,0,334.0,1,28,37,0.0,0,0.0,30.0,9.0,43.0,12,TE,9.025,Kyle Rudolph,2020,5,7.466398,1.5586022377014164
124.6,612.0,3,234.0,4,49,63,0.0,0,0.0,24.0,2.0,234.0,17,RB,0.651777,Myles Gaskin,2021,4,0.50955725,0.14221975283813482
123.2,584.0,3,388.0,2,41,47,0.0,0,0.0,23.0,1.0,234.0,10,RB,0.651777,Myles Gaskin,2020,4,0.8075991,-0.155822127292633
24.4,133.0,1,51.0,0,7,12,0.0,0,0.0,22.0,0.0,234.0,7,RB,0.651777,Myles Gaskin,2019,4,0.55841947,0.09335753398132329
0.7000000000000001,0.0,0,7.0,0,1,1,0.0,0,0.0,27.0,3.0,228.0,1,TE,0.654138,Tommy Sweeney,2022,5,0.503471,0.1506669831161499
74.7,0.0,0,367.0,6,39,48,0.0,0,0.0,29.0,8.0,43.0,15,TE,9.025,Kyle Rudolph,2019,5,7.766286,1.2587141036987308
10.4,0.0,0,44.0,1,9,12,0.0,0,0.0,26.0,2.0,228.0,7,TE,0.654138,Tommy Sweeney,2021,5,0.73961747,-0.08547946692657471
11.4,0.0,0,114.0,0,8,13,0.0,0,0.0,24.0,0.0,228.0,5,TE,0.654138,Tommy Sweeney,2019,5,0.8116362,-0.15749820948791504
14.7,0.0,0,87.0,1,8,11,0.0,0,0.0,27.0,5.0,157.0,2,TE,6.1,C.J. Uzomah,2020,5,4.349913,1.7500868797302243
79.3,0.0,0,493.0,5,49,63,0.0,0,0.0,28.0,6.0,157.0,16,TE,6.1,C.J. Uzomah,2021,5,6.3761406,-0.27614059448242223
5.300000000000001,0.0,0,53.0,0,8,14,0.0,0,0.0,31.0,8.0,104.0,11,TE,2.75,Luke Stocker,2019,5,2.0377061,0.7122938632965088
99.9,11.0,0,828.0,3,55,83,0.0,0,0.0,29.0,8.0,64.0,15,WR,5.0,Randall Cobb,2019,6,8.441834,-3.4418344497680664
14.2,0.0,0,142.0,0,16,27,0.0,0,0.0,25.0,4.0,160.0,13,TE,5.65,Jesse James,2019,5,2.9555001,2.6944998741149906
24.9,0.0,0,129.0,2,14,22,0.0,0,0.0,26.0,5.0,160.0,12,TE,5.65,Jesse James,2020,5,2.869349,2.7806509971618656
5.0,0.0,0,50.0,0,3,7,0.0,0,0.0,31.0,8.0,47.0,4,TE,0.93,Lance Kendricks,2019,5,2.6012218,-1.6712217998504637
147.5,642.0,6,373.0,2,59,70,0.0,0,0.0,27.0,5.0,126.0,14,RB,3.0,Mike Davis,2020,4,5.153158,-2.153158187866211
27.3,0.0,0,153.0,2,14,20,0.0,0,0.0,27.0,4.0,173.0,5,TE,1.1125,James O'Shaughnessy,2019,5,2.3200624,-1.2075623989105224
26.200000000000003,0.0,0,262.0,0,28,38,0.0,0,0.0,28.0,5.0,173.0,15,TE,1.1125,James O'Shaughnessy,2020,5,3.2974987,-2.18499870300293
3.8,0.0,0,38.0,0,3,3,0.0,0,0.0,27.0,4.0,186.0,2,WR,0.895,Geremy Davis,2019,6,1.3575792,-0.462579231262207
130.0,898.0,5,142.0,0,17,23,0.0,0,0.0,34.0,12.0,7.0,15,RB,2.515,Adrian Peterson,2019,4,1.8824518,0.6325482273101808
4.9,27.0,0,22.0,0,7,8,0.0,0,0.0,26.0,4.0,126.0,5,RB,3.0,Mike Davis,2019,4,1.2835014,1.716498613357544
17.3,0.0,0,113.0,1,5,9,0.0,0,0.0,27.0,4.0,37.0,3,WR,0.69,Devin Smith,2019,6,2.7222364,-2.032236394882202
119.7,4.0,0,833.0,6,78,122,0.0,0,0.0,26.0,4.0,105.0,16,WR,9.5,Jamison Crowder,2019,6,7.7181916,1.7818083763122559
113.02,14.0,0,699.0,6,59,89,43.0,1,0.0,27.0,5.0,105.0,12,WR,9.5,Jamison Crowder,2020,6,11.180683,-1.6806831359863281
9.02,7.0,0,0.0,0,0,0,208.0,0,0.0,31.0,9.0,180.0,1,QB,5.5,Tyrod Taylor,2020,3,3.7878056,1.7121944427490234
114.4,544.0,6,180.0,1,21,30,0.0,0,0.0,26.0,4.0,73.0,14,RB,4.25,Tevin Coleman,2019,4,3.6082556,0.6417443752288818
8.700000000000001,53.0,0,34.0,0,4,5,0.0,0,0.0,27.0,5.0,73.0,6,RB,4.25,Tevin Coleman,2020,4,1.9468747,2.303125262260437
9.1,0.0,0,31.0,1,4,5,0.0,0,0.0,31.0,8.0,159.0,5,TE,3.0,Lee Smith,2019,5,2.5975456,0.4024543762207031
6.7,0.0,0,67.0,0,8,15,0.0,0,0.0,28.0,4.0,117.0,11,TE,0.895,Blake Bell,2019,5,1.9841785,-1.0891785430908203
3.2,0.0,0,32.0,0,3,5,0.0,0,0.0,25.0,4.0,41.0,1,WR,10.0,Devin Funchess,2019,6,6.1050825,3.8949174880981445
6.02,7.0,0,0.0,0,0,1,33.0,1,0.0,30.0,8.0,180.0,4,QB,5.5,Tyrod Taylor,2019,3,3.3181572,2.181842803955078
0.7000000000000001,0.0,0,7.0,0,1,1,0.0,0,0.0,31.0,8.0,176.0,1,WR,1.6,Dwayne Harris,2019,6,1.5763143,0.023685669898986905
29.7,0.0,0,237.0,1,18,24,0.0,0,0.0,30.0,8.0,174.0,15,TE,2.0,Charles Clay,2019,5,3.3799934,-1.3799934387207031
102.1,16.0,0,645.0,6,36,69,0.0,0,0.0,25.0,4.0,26.0,14,WR,4.0,Breshad Perriman,2019,6,5.601706,-1.6017060279846191
15.5,0.0,0,35.0,2,4,6,0.0,0,0.0,32.0,9.0,159.0,5,TE,3.0,Lee Smith,2020,5,2.8529117,0.14708828926086426
0.12,0.0,0,0.0,0,0,0,3.0,0,0.0,27.0,4.0,250.0,1,QB,2.0,Trevor Siemian,2019,3,1.6037159,0.3962841033935547
159.66,153.0,1,0.0,0,1,1,2259.0,16,5.0,24.0,1.0,178.0,9,QB,0.677904,Gardner Minshew,2020,3,0.026144288,0.6517597115197181
175.10000000000002,-3.0,0,1394.0,6,99,157,0.0,0,0.0,30.0,8.0,6.0,15,WR,22.0,Julio Jones,2019,6,21.806011,0.19398880004882812
33.660000000000004,21.0,0,0.0,0,0,0,439.0,4,1.0,25.0,2.0,178.0,3,QB,0.677904,Gardner Minshew,2021,3,0.8273621,-0.14945812015151982
95.1,0.0,0,771.0,3,51,68,0.0,0,0.0,31.0,9.0,6.0,9,WR,22.0,Julio Jones,2020,6,22.071144,-0.07114410400390625
36.82000000000001,3.0,1,0.0,0,0,0,663.0,3,3.0,26.0,3.0,178.0,5,QB,0.677904,Gardner Minshew,2022,3,0.8671322,-0.1892281868896485
49.400000000000006,0.0,0,434.0,1,31,48,0.0,0,0.0,32.0,10.0,6.0,10,WR,22.0,Julio Jones,2021,6,16.275759,5.724241256713867
71.8,21.0,0,397.0,5,29,54,0.0,0,0.0,26.0,4.0,29.0,11,WR,2.6,Phillip Dorsett,2019,6,4.4033403,-1.8033403396606444
17.4,0.0,0,114.0,1,14,20,0.0,0,0.0,26.0,4.0,92.0,8,TE,4.0,Jeff Heuerman,2019,5,3.5513582,0.4486417770385742
12.1,5.0,0,56.0,1,4,8,0.0,0,0.0,31.0,9.0,195.0,1,WR,15.25,Antonio Brown,2019,6,7.6077642,7.64223575592041
37.2,108.0,0,144.0,2,14,24,0.0,0,0.0,22.0,0.0,140.0,14,RB,0.718184,Ryquell Armstead,2019,4,0.76427084,-0.046086842075347856
-1.46,-5.0,0,0.0,0,0,0,126.0,0,2.0,27.0,4.0,89.0,3,QB,0.895,Sean Mannion,2019,3,1.3487842,-0.4537842082977295
16.700000000000003,157.0,0,30.0,0,5,5,0.0,0,0.0,22.0,1.0,182.0,6,RB,0.675496,Trayveon Williams,2020,4,0.7115421,-0.03604612951660158
29.7,50.0,4,7.0,0,1,2,0.0,0,0.0,22.0,0.0,152.0,6,RB,0.707891,Qadree Ollison,2019,4,4.7057056,-3.9978146427001953
229.24,344.0,0,0.0,0,0,0,3271.0,21,6.0,23.0,0.0,178.0,14,QB,0.677904,Gardner Minshew,2019,3,0.67748463,0.0004193684616088378
0.9,9.0,0,0.0,0,0,0,0.0,0,0.0,24.0,0.0,154.0,1,RB,0.70765,Jordan Scarlett,2019,4,0.738313,-0.030663019275665282
13.1,0.0,0,71.0,1,6,14,0.0,0,0.0,26.0,4.0,85.0,8,TE,6.25,Tyler Kroft,2019,5,3.608397,2.6416029930114746
-0.04,-2.0,0,0.0,0,0,0,4.0,0,0.0,24.0,1.0,166.0,1,QB,0.699655,Easton Stick,2020,3,0.61299586,0.0866591370391846
49.3,0.0,0,433.0,1,36,58,0.0,0,0.0,31.0,9.0,22.0,11,WR,3.0,Demaryius Thomas,2019,6,5.473863,-2.473863124847412
25.0,3.0,0,187.0,1,21,42,0.0,0,0.0,22.0,0.0,174.0,10,WR,0.682328,KeeSean Johnson,2019,6,0.842831,-0.16050301558685298
103.2,16.0,0,676.0,6,49,85,0.0,0,0.0,31.0,9.0,60.0,11,WR,9.375,Golden Tate,2019,6,10.428926,-1.0539264678955078
51.52,0.0,0,388.0,2,35,52,18.0,0,0.0,32.0,10.0,60.0,12,WR,9.375,Golden Tate,2020,6,8.593298,0.7817020416259766
0.3,3.0,0,0.0,0,0,0,0.0,0,0.0,23.0,1.0,152.0,1,RB,0.707891,Qadree Ollison,2020,4,0.6102601,0.0976308710250855
15.2,70.0,0,22.0,1,1,4,0.0,0,0.0,26.0,5.0,36.0,3,RB,1.6,T.J. Yeldon,2020,4,2.4960623,-0.8960622787475585
17.3,0.0,0,173.0,0,15,23,0.0,0,0.0,23.0,1.0,174.0,8,WR,0.682328,KeeSean Johnson,2020,6,0.78621036,-0.10388235814285274
16.700000000000003,63.0,0,124.0,0,13,15,0.0,0,0.0,25.0,4.0,36.0,4,RB,1.6,T.J. Yeldon,2019,4,2.6933873,-1.0933872699737548
19.3,103.0,0,90.0,0,13,17,0.0,0,0.0,26.0,4.0,94.0,12,RB,0.895,Ty Montgomery,2019,4,2.3167994,-1.4217994022369385
-1.64,-2.0,0,0.0,0,0,0,14.0,0,1.0,23.0,0.0,133.0,3,QB,0.789028,Jarrett Stidham,2019,3,0.9032446,-0.1142166146011353
36.940000000000005,0.0,0,365.0,0,30,44,11.0,0,0.0,22.0,0.0,206.0,13,WR,0.66196,Kelvin Harmon,2019,6,1.050568,-0.38860798458099366
216.5,1018.0,10,247.0,5,26,29,0.0,0,0.0,29.0,8.0,28.0,15,RB,5.0,Mark Ingram,2019,4,5.0892525,-0.08925247192382812
46.9,299.0,2,50.0,0,6,8,0.0,0,0.0,30.0,9.0,28.0,10,RB,5.0,Mark Ingram,2020,4,3.0758736,1.924126386642456
209.8,1007.0,9,371.0,3,39,55,0.0,0,0.0,25.0,3.0,128.0,16,RB,0.797582,Tony Pollard,2022,4,1.1025857,-0.30500367333221434
27.6,16.0,0,200.0,1,13,26,0.0,0,0.0,22.0,0.0,208.0,9,WR,0.66196,Scott Miller,2019,6,0.82892364,-0.16696364263534547
123.6,719.0,2,337.0,0,39,46,0.0,0,0.0,24.0,2.0,128.0,15,RB,0.797582,Tony Pollard,2021,4,0.6858253,0.11175671170425416
92.8,435.0,4,193.0,1,28,40,0.0,0,0.0,23.0,1.0,128.0,16,RB,0.797582,Tony Pollard,2020,4,0.64648324,0.15109875748825075
74.2,455.0,2,107.0,1,15,20,0.0,0,0.0,22.0,0.0,128.0,14,RB,0.797582,Tony Pollard,2019,4,0.6342846,0.16329738448333742
4.6000000000000005,0.0,0,26.0,0,2,4,0.0,0,0.0,26.0,3.0,121.0,4,TE,0.806643,Trevon Wesco,2022,5,0.7299296,0.07671337401199341
69.5,14.0,0,501.0,3,33,53,0.0,0,0.0,23.0,1.0,208.0,14,WR,0.66196,Scott Miller,2020,6,0.791762,-0.12980199436187745
3.5,0.0,0,35.0,0,3,5,0.0,0,0.0,25.0,2.0,121.0,4,TE,0.806643,Trevon Wesco,2021,5,0.7667665,0.03987651144790649
0.5,0.0,0,5.0,0,1,2,0.0,0,0.0,24.0,1.0,121.0,2,TE,0.806643,Trevon Wesco,2020,5,0.6784991,0.12814389740753174
14.1,43.0,1,38.0,0,5,9,0.0,0,0.0,24.0,2.0,208.0,5,WR,0.66196,Scott Miller,2021,6,1.1365387,-0.4745787439727783
12.94,7.0,0,0.0,0,0,0,256.0,2,3.0,24.0,1.0,133.0,5,QB,0.789028,Jarrett Stidham,2020,3,0.552381,0.23664702093887324
5.7,0.0,0,57.0,0,4,8,0.0,0,0.0,27.0,4.0,68.0,4,TE,0.72,Clive Walford,2019,5,2.3136547,-1.593654661178589
42.64,84.0,0,0.0,0,0,0,656.0,4,3.0,26.0,3.0,133.0,3,QB,0.789028,Jarrett Stidham,2022,3,0.72013646,0.06889153635787959
75.1,40.0,2,431.0,2,46,65,0.0,0,0.0,25.0,3.0,210.0,15,WR,0.644602,Braxton Berrios,2021,6,1.079263,-0.43466097187805175
0.16,0.0,0,0.0,0,0,0,4.0,0,0.0,23.0,0.0,247.0,1,P,0.632906,Logan Cooke,2018,2,0.7136155,-0.08070947708511356
0.64,0.0,0,0.0,0,0,0,16.0,0,0.0,24.0,1.0,247.0,3,P,0.632906,Logan Cooke,2019,2,0.7106799,-0.0777738887252808
60.3,29.0,0,394.0,3,37,55,0.0,0,0.0,24.0,2.0,210.0,13,WR,0.644602,Braxton Berrios,2020,6,0.77630013,-0.13169813227462768
11.5,0.0,0,115.0,0,6,13,0.0,0,0.0,23.0,1.0,210.0,6,WR,0.644602,Braxton Berrios,2019,6,1.3051127,-0.6605107195358276
11.0,2.0,0,48.0,1,6,12,0.0,0,0.0,25.0,2.0,224.0,9,WR,0.638978,Javon Wims,2020,6,0.7180106,-0.07903260438156123
3.6000000000000005,36.0,0,0.0,0,0,0,0.0,0,0.0,24.0,0.0,226.0,3,RB,0.1292,David Williams,2018,4,0.58629704,-0.4570970352172852
46.3,270.0,0,173.0,0,19,24,0.0,0,0.0,24.0,2.0,251.0,8,RB,0.1292,Justin Jackson,2020,4,0.5970742,-0.46787421064376833
64.2,364.0,2,178.0,0,22,25,0.0,0,0.0,25.0,3.0,251.0,13,RB,0.632268,Justin Jackson,2021,4,0.68632567,-0.0540576692886352
6.300000000000001,0.0,0,63.0,0,6,10,0.0,0,0.0,22.0,0.0,194.0,5,WR,0.654048,Russell Gage,2018,6,0.70781904,-0.053771044589996375
24.6,0.0,0,186.0,1,18,39,0.0,0,0.0,24.0,1.0,224.0,11,WR,0.638978,Javon Wims,2019,6,0.6820233,-0.04304528681945796
3.2,0.0,0,32.0,0,4,5,0.0,0,0.0,23.0,0.0,224.0,2,WR,0.638978,Javon Wims,2018,6,0.77739865,-0.1384206458778381
51.8,12.0,0,446.0,1,49,74,0.0,0,0.0,23.0,1.0,194.0,14,WR,0.654048,Russell Gage,2019,6,0.8861374,-0.23208942589950565
109.06,9.0,0,786.0,4,72,109,39.0,1,0.0,24.0,2.0,194.0,16,WR,0.654048,Russell Gage,2020,6,-0.36266243,1.0167104345779419
97.0,0.0,0,770.0,4,66,94,0.0,0,0.0,25.0,3.0,194.0,13,WR,0.654048,Russell Gage,2021,6,1.8959634,-1.2419154304046631
0.8,0.0,0,8.0,0,1,3,0.0,0,0.0,23.0,1.0,211.0,1,TE,0.644602,Jordan Thomas,2019,5,0.6432868,0.0013151757736206138
45.5,0.0,0,215.0,4,20,27,0.0,0,0.0,22.0,0.0,211.0,14,TE,0.644602,Jordan Thomas,2018,5,0.7066375,-0.06203550171661376
17.900000000000002,0.0,0,199.0,0,13,20,0.0,0,0.0,24.0,2.0,250.0,10,TE,0.632268,Ryan Izzo,2020,5,0.7032441,-0.07097609008026118
17.400000000000002,0.0,0,114.0,1,6,9,0.0,0,0.0,23.0,1.0,250.0,4,TE,0.632268,Ryan Izzo,2019,5,0.93244815,-0.30018014872741694
4.0,4.0,0,36.0,0,5,6,0.0,0,0.0,21.0,0.0,187.0,7,WR,0.654956,Ray-Ray McCloud,2018,6,0.75572133,-0.10076533064270021
46.1,206.0,2,135.0,0,15,19,0.0,0,0.0,22.0,0.0,251.0,8,RB,0.632268,Justin Jackson,2018,4,0.5267882,0.10547982489395147
22.200000000000003,200.0,0,22.0,0,9,11,0.0,0,0.0,23.0,1.0,251.0,7,RB,0.1292,Justin Jackson,2019,4,0.5188696,-0.3896695788383484
58.1,9.0,0,452.0,2,26,56,0.0,0,0.0,24.0,1.0,174.0,15,WR,0.669389,Marquez Valdes-Scantling,2019,6,0.67888504,-0.009496042667388904
73.0,29.0,0,581.0,2,38,73,0.0,0,0.0,23.0,0.0,174.0,15,WR,0.669389,Marquez Valdes-Scantling,2018,6,1.039419,-0.3700300549850464
104.3,13.0,0,690.0,6,33,63,0.0,0,0.0,25.0,2.0,174.0,14,WR,0.669389,Marquez Valdes-Scantling,2020,6,0.7272987,-0.05790967696762084
61.0,0.0,0,430.0,3,26,55,0.0,0,0.0,26.0,3.0,174.0,11,WR,0.669389,Marquez Valdes-Scantling,2021,6,0.9991359,-0.32974691146469115
0.6000000000000001,0.0,0,6.0,0,1,3,0.0,0,0.0,24.0,1.0,132.0,1,WR,0.760095,Jaleel Scott,2019,6,0.5961191,0.16397589418411251
77.3,0.0,0,593.0,3,61,87,0.0,0,0.0,26.0,3.0,157.0,17,TE,0.685258,Tyler Conklin,2021,5,3.3502765,-2.665018470184326
1.5,0.0,0,15.0,0,2,3,0.0,0,0.0,23.0,0.0,133.0,2,WR,0.728089,J'Mon Moore,2018,6,0.700019,0.02806999803924559
7.700000000000001,0.0,0,77.0,0,5,7,0.0,0,0.0,23.0,0.0,157.0,4,TE,0.685258,Tyler Conklin,2018,5,0.78856605,-0.10330805291366574
5.800000000000001,0.0,0,58.0,0,8,10,0.0,0,0.0,24.0,1.0,157.0,5,TE,0.685258,Tyler Conklin,2019,5,0.71842223,-0.03316423405838009
25.4,0.0,0,194.0,1,19,26,0.0,0,0.0,25.0,2.0,157.0,7,TE,0.685258,Tyler Conklin,2020,5,0.63164526,0.05361273775863651
4.9,33.0,0,16.0,0,3,3,0.0,0,0.0,26.0,2.0,204.0,5,RB,0.649807,Trenton Cannon,2020,4,0.44358113,0.20622586591911318
31.700000000000003,113.0,1,144.0,0,17,25,0.0,0,0.0,24.0,0.0,204.0,11,RB,0.649807,Trenton Cannon,2018,4,0.6686697,-0.01886270062255857
27.6,0.0,0,156.0,2,8,14,0.0,0,0.0,22.0,0.0,120.0,4,TE,0.777567,Will Dissly,2018,5,0.976084,-0.19851699391174316
50.9,7.0,0,262.0,4,23,27,0.0,0,0.0,23.0,1.0,120.0,6,TE,0.777567,Will Dissly,2019,5,1.336354,-0.5587870172576904
37.1,0.0,0,251.0,2,24,29,0.0,0,0.0,24.0,2.0,120.0,14,TE,0.777567,Will Dissly,2020,5,0.94636774,-0.1688007406311035
29.1,0.0,0,231.0,1,21,26,0.0,0,0.0,25.0,3.0,120.0,12,TE,0.777567,Will Dissly,2021,5,1.0507042,-0.2731372407989502
0.9,9.0,0,0.0,0,0,0,0.0,0,0.0,22.0,0.0,149.0,1,P,0.687538,Michael Dickson,2018,2,0.82720053,-0.1396625319595337
0.0,0.0,0,0.0,0,0,0,0.0,0,0.0,22.0,0.0,172.0,1,P,0.669389,J.K. Scott,2018,2,0.70792484,-0.038535842834472644
14.400000000000002,0.0,0,144.0,0,13,20,0.0,0,0.0,23.0,0.0,175.0,5,WR,0.663467,Damion Ratley,2018,6,0.79638124,-0.13291423512268064
87.22000000000001,26.0,0,423.0,7,33,54,8.0,0,0.0,23.0,0.0,51.0,14,WR,1.338425,Anthony Miller,2018,6,1.5394889,-0.20106391162872317
75.5,-1.0,0,656.0,2,52,85,0.0,0,0.0,24.0,1.0,51.0,16,WR,1.338425,Anthony Miller,2019,6,1.4060177,-0.06759266109466555
59.7,12.0,0,485.0,2,49,76,0.0,0,0.0,25.0,2.0,51.0,16,WR,1.338425,Anthony Miller,2020,6,1.497404,-0.15897897930145266
50.400000000000006,245.0,2,79.0,1,7,9,0.0,0,0.0,22.0,1.0,59.0,5,RB,1.135484,Derrius Guice,2019,4,1.476656,-0.3411719600830079
22.5,0.0,0,225.0,0,17,25,0.0,0,0.0,26.0,0.0,98.0,13,TE,0.830879,Jordan Akins,2018,5,1.2776206,-0.4467415539703369
53.8,0.0,0,418.0,2,36,55,0.0,0,0.0,27.0,1.0,98.0,16,TE,0.830879,Jordan Akins,2019,5,1.5568887,-0.7260096995315551
46.7,4.0,0,403.0,1,37,49,0.0,0,0.0,28.0,2.0,98.0,13,TE,0.830879,Jordan Akins,2020,5,1.3645947,-0.5337156979522705
17.700000000000003,3.0,0,214.0,0,24,33,0.0,0,0.0,29.0,3.0,98.0,12,TE,0.830879,Jordan Akins,2021,5,1.1587037,-0.3278246848068237
112.92,138.0,0,0.0,0,0,0,2278.0,11,14.0,21.0,0.0,10.0,14,QB,4.39944,Josh Rosen,2018,3,4.8807006,-0.4812605882263181
17.98,13.0,0,0.0,0,0,0,567.0,1,5.0,22.0,1.0,10.0,5,QB,4.39944,Josh Rosen,2019,3,6.1572003,-1.7577603364562986
94.3,-1.0,0,704.0,4,42,84,0.0,0,0.0,22.0,0.0,40.0,16,WR,1.710483,Courtland Sutton,2018,6,1.7628113,-0.052328303138732934
150.42000000000002,17.0,0,1112.0,6,72,124,38.0,0,0.0,23.0,1.0,40.0,16,WR,1.710483,Courtland Sutton,2019,6,1.6674669,0.043016121109008765
6.6000000000000005,0.0,0,66.0,0,3,6,0.0,0,0.0,24.0,2.0,40.0,1,WR,1.710483,Courtland Sutton,2020,6,3.287915,-1.5774319913787842
107.4,641.0,3,213.0,1,32,39,0.0,0,0.0,21.0,0.0,43.0,10,RB,1.625925,Kerryon Johnson,2018,4,2.4606237,-0.8346987411499023
75.0,403.0,3,127.0,1,10,15,0.0,0,0.0,22.0,1.0,43.0,8,RB,1.625925,Kerryon Johnson,2019,4,2.220992,-0.595067088317871
52.8,181.0,2,187.0,1,19,26,0.0,0,0.0,23.0,2.0,43.0,14,RB,1.625925,Kerryon Johnson,2020,4,1.8519737,-0.22604865283966058
57.400000000000006,0.0,0,334.0,4,33,44,0.0,0,0.0,23.0,0.0,49.0,14,TE,1.406071,Dallas Goedert,2018,5,1.6734052,-0.26733417044067376
86.7,0.0,0,607.0,5,58,87,0.0,0,0.0,24.0,1.0,49.0,15,TE,1.406071,Dallas Goedert,2019,5,1.550453,-0.14438194761657708
70.4,0.0,0,524.0,3,46,65,0.0,0,0.0,25.0,2.0,49.0,11,TE,1.406071,Dallas Goedert,2020,5,2.5002475,-1.0941764784851074
45.3,0.0,0,333.0,2,36,49,0.0,0,0.0,22.0,0.0,101.0,10,TE,0.801998,Ian Thomas,2018,5,1.0090258,-0.20702781214904786
19.6,0.0,0,136.0,1,16,30,0.0,0,0.0,23.0,1.0,101.0,9,TE,0.801998,Ian Thomas,2019,5,1.2290008,-0.4270028068084717
20.5,0.0,0,145.0,1,20,31,0.0,0,0.0,24.0,2.0,101.0,13,TE,0.801998,Ian Thomas,2020,5,0.98089796,-0.1788999630470276
0.5,0.0,0,5.0,0,1,3,0.0,0,0.0,22.0,0.0,144.0,3,WR,0.690434,Justin Watson,2018,6,0.68614006,0.004293939575195305
27.9,0.0,0,159.0,2,15,26,0.0,0,0.0,23.0,1.0,144.0,6,WR,0.690434,Justin Watson,2019,6,0.743762,-0.05332801629638673
9.4,0.0,0,94.0,0,7,11,0.0,0,0.0,24.0,2.0,144.0,3,WR,0.690434,Justin Watson,2020,6,0.9103645,-0.21993050862884522
9.8,0.0,0,38.0,1,6,9,0.0,0,0.0,24.0,1.0,156.0,6,TE,0.685451,Troy Fumagalli,2019,5,0.7686053,-0.08315429184341427
130.8,0.0,0,808.0,8,78,104,0.0,0,0.0,25.0,3.0,137.0,17,TE,0.728089,Dalton Schultz,2021,5,1.5223783,-0.7942893254623413
44.1,336.0,1,85.0,0,16,17,0.0,0,0.0,24.0,0.0,169.0,13,RB,0.67531,Jordan Wilkins,2018,4,0.6587809,0.016529127178192105
47.0,307.0,2,43.0,0,7,11,0.0,0,0.0,25.0,1.0,169.0,12,RB,0.67531,Jordan Wilkins,2019,4,0.5568358,0.11847422939300534
49.3,308.0,1,105.0,0,12,16,0.0,0,0.0,26.0,2.0,169.0,12,RB,0.67531,Jordan Wilkins,2020,4,0.9564449,-0.2811349191093445
83.5,0.0,0,615.0,4,63,89,0.0,0,0.0,24.0,2.0,137.0,16,TE,0.728089,Dalton Schultz,2020,5,0.6585825,0.06950649143600462
18.8,0.0,0,188.0,0,18,30,0.0,0,0.0,25.0,3.0,101.0,14,TE,0.801998,Ian Thomas,2021,5,1.1083578,-0.3063597871322632
34.7,0.0,0,287.0,1,28,41,0.0,0,0.0,21.0,0.0,103.0,6,WR,0.797257,Keke Coutee,2018,6,1.100667,-0.30340999981689454
30.8,14.0,1,254.0,0,22,36,0.0,0,0.0,22.0,1.0,103.0,8,WR,0.797257,Keke Coutee,2019,6,1.1065952,-0.30933815857696534
56.0,0.0,0,400.0,3,33,40,0.0,0,0.0,23.0,2.0,103.0,8,WR,0.797257,Keke Coutee,2020,6,1.0058126,-0.2085556449584961
0.6000000000000001,0.0,0,6.0,0,1,2,0.0,0,0.0,23.0,1.0,137.0,2,TE,0.728089,Dalton Schultz,2019,5,0.65623134,0.07185765625381468
-2.2,-2.0,0,0.0,0,0,0,0.0,0,1.0,23.0,0.0,108.0,1,QB,0.791925,Kyle Lauletta,2018,3,0.9660804,-0.17415542716979981
36.3,0.0,0,243.0,2,30,46,0.0,0,0.0,23.0,0.0,113.0,8,WR,0.78566,DaeSean Hamilton,2018,6,0.94680345,-0.1611434505844116
35.7,0.0,0,297.0,1,28,52,0.0,0,0.0,24.0,1.0,113.0,12,WR,0.78566,DaeSean Hamilton,2019,6,0.7302632,0.05539682641983035
39.3,0.0,0,293.0,2,23,44,0.0,0,0.0,25.0,2.0,113.0,12,WR,0.78566,DaeSean Hamilton,2020,6,0.8086748,-0.023014812316894506
70.7,315.0,4,152.0,0,27,32,0.0,0,0.0,22.0,0.0,126.0,13,RB,0.770218,Ito Smith,2018,4,0.8121704,-0.04195238631439213
25.3,106.0,1,87.0,0,11,14,0.0,0,0.0,23.0,1.0,126.0,7,RB,0.770218,Ito Smith,2019,4,0.75690496,0.013313040321350056
40.3,268.0,1,75.0,0,17,26,0.0,0,0.0,24.0,2.0,126.0,14,RB,0.770218,Ito Smith,2020,4,0.7965338,-0.026315823013305706
11.6,0.0,0,116.0,0,12,17,0.0,0,0.0,22.0,0.0,137.0,7,TE,0.728089,Dalton Schultz,2018,5,0.90806097,-0.1799719679222107
25.8,0.0,0,198.0,1,26,47,0.0,0,0.0,23.0,1.0,256.0,12,WR,0.632268,Trey Quinn,2019,6,0.6034178,0.028850186222076468
13.5,0.0,0,75.0,1,9,10,0.0,0,0.0,22.0,0.0,256.0,2,WR,0.632268,Trey Quinn,2018,6,1.4607673,-0.8284992691345214
12.84,50.0,1,0.0,0,0,0,296.0,1,7.0,24.0,1.0,171.0,4,QB,0.1292,Nathan Peterman,2018,3,0.39662078,-0.2674207802295685
22.4,-1.0,0,165.0,1,6,10,0.0,0,0.0,23.0,1.0,240.0,7,WR,0.634143,Richie James,2019,6,0.8176845,-0.18354147160720824
33.300000000000004,5.0,0,328.0,0,21,36,0.0,0,0.0,21.0,0.0,207.0,11,WR,0.644602,Equanimeous St. Brown,2018,6,0.93837136,-0.2937693603019714
18.4,7.0,0,117.0,1,7,13,0.0,0,0.0,23.0,2.0,207.0,8,WR,0.644602,Equanimeous St. Brown,2020,6,0.9372527,-0.2926507003288269
25.0,0.0,0,130.0,1,9,14,0.0,0,0.0,22.0,0.0,240.0,7,WR,0.634143,Richie James,2018,6,0.7049422,-0.0707992264099121
45.400000000000006,0.0,0,394.0,1,23,35,0.0,0,0.0,24.0,2.0,240.0,7,WR,0.634143,Richie James,2020,6,0.54354936,0.09059364115524293
0.4,4.0,0,0.0,0,0,0,0.0,0,0.0,22.0,1.0,162.0,1,RB,0.645,Jeremy McNichols,2018,4,0.61852986,0.026470143795013445
26.0,0.0,0,200.0,1,12,24,0.0,0,0.0,24.0,1.0,175.0,9,WR,0.663467,Damion Ratley,2019,6,0.6084071,0.0550599198265076
14.6,0.0,0,86.0,1,8,10,0.0,0,0.0,26.0,3.0,194.0,5,TE,1.2,Nick O'Leary,2018,5,0.89092594,0.309074056148529
115.96,10.0,1,840.0,3,72,101,74.0,1,0.0,27.0,6.0,63.0,15,WR,15.982,Jarvis Landry,2020,6,14.069132,1.9128681488037103
136.12,60.0,1,976.0,4,81,149,63.0,0,0.0,25.0,4.0,63.0,16,WR,15.982,Jarvis Landry,2018,6,15.108931,0.8730694122314446
154.4,10.0,0,1174.0,6,83,138,0.0,0,0.0,26.0,5.0,63.0,16,WR,15.982,Jarvis Landry,2019,6,12.922633,3.0593668289184563
81.0,40.0,2,570.0,2,52,87,0.0,0,0.0,28.0,7.0,63.0,12,WR,15.982,Jarvis Landry,2021,6,11.2658825,4.71611750793457
0.7000000000000001,0.0,0,7.0,0,1,1,0.0,0,0.0,26.0,4.0,98.0,1,TE,0.88,Richard Rodgers,2018,5,1.6611959,-0.7811958742141724
26.9,23.0,0,266.0,0,19,27,0.0,0,0.0,26.0,4.0,118.0,7,WR,1.907,Martavis Bryant,2018,6,2.5808852,-0.6738851718902588
28.6,2.0,0,224.0,1,31,42,0.0,0,0.0,27.0,4.0,106.0,7,WR,0.705,Bruce Ellington,2018,6,3.8773828,-3.172382755279541
82.8,0.0,0,668.0,3,48,89,0.0,0,0.0,25.0,4.0,90.0,16,WR,9.6,Donte Moncrief,2018,6,8.413659,1.1863409042358395
25.0,0.0,0,190.0,1,11,16,0.0,0,0.0,25.0,4.0,56.0,5,WR,2.5,Cody Latimer,2018,6,3.4397418,-0.939741849899292
48.02,33.0,0,0.0,0,0,0,718.0,5,3.0,26.0,4.0,62.0,3,QB,27.5,Jimmy Garoppolo,2018,3,2.7000127,24.799987316131592
247.32,62.0,1,0.0,0,0,0,3978.0,27,13.0,27.0,5.0,62.0,16,QB,27.5,Jimmy Garoppolo,2019,3,32.330708,-4.830707550048828
64.34,25.0,0,0.0,0,0,0,1096.0,7,5.0,28.0,6.0,62.0,6,QB,27.5,Jimmy Garoppolo,2020,3,22.21378,5.286220550537109
227.5,51.0,3,0.0,0,0,0,3810.0,20,12.0,29.0,7.0,62.0,15,QB,27.5,Jimmy Garoppolo,2021,3,28.039444,-0.5394439697265625
44.0,0.0,0,380.0,1,25,67,0.0,0,0.0,27.0,4.0,28.0,15,WR,0.79,Kelvin Benjamin,2018,6,3.1387155,-2.3487155055999756
156.2,-8.0,1,750.0,13,66,110,0.0,0,0.0,25.0,4.0,10.0,16,TE,6.5,Eric Ebron,2018,5,6.856387,-0.3563871383666992
1.9,1.0,0,18.0,0,3,4,0.0,0,0.0,27.0,5.0,39.0,4,WR,8.5,Marqise Lee,2019,6,3.4097579,5.090242147445679
2.5,25.0,0,0.0,0,0,0,0.0,0,0.0,26.0,3.0,106.0,1,RB,0.675,Jeremy Langford,2018,4,0.8234193,-0.14841927289962764
55.5,0.0,0,375.0,3,31,52,0.0,0,0.0,26.0,5.0,10.0,11,TE,6.5,Eric Ebron,2019,5,8.1819315,-1.681931495666504
160.9,-1.0,0,1250.0,6,102,151,0.0,0,0.0,27.0,6.0,61.0,16,WR,14.0,Allen Robinson,2020,6,14.652366,-0.6523656845092773
1.6,0.0,0,0.0,0,0,0,40.0,0,0.0,27.0,4.0,214.0,1,QB,0.555,Garrett Gilbert,2018,3,1.4010115,-0.8460114669799804
173.22,365.0,1,0.0,0,0,0,2718.0,13,11.0,26.0,4.0,3.0,13,QB,17.4835,Blake Bortles,2018,3,16.618992,0.8645081481933587
198.4,0.0,0,1524.0,8,86,138,0.0,0,0.0,25.0,4.0,7.0,16,WR,16.5,Mike Evans,2018,6,14.322193,2.177806854248047
165.70000000000002,0.0,0,1157.0,8,67,118,0.0,0,0.0,26.0,5.0,7.0,13,WR,16.5,Mike Evans,2019,6,15.599197,0.9008026123046875
178.6,0.0,0,1006.0,13,70,109,0.0,0,0.0,27.0,6.0,7.0,16,WR,16.5,Mike Evans,2020,6,16.43487,0.06513023376464844
188.5,10.0,0,1035.0,14,74,114,0.0,0,0.0,28.0,7.0,7.0,16,WR,16.5,Mike Evans,2021,6,15.998555,0.5014448165893555
148.4,0.0,0,1124.0,6,77,127,0.0,0,0.0,29.0,8.0,7.0,15,WR,16.5,Mike Evans,2022,6,17.449286,-0.9492855072021484
203.5,0.0,0,1255.0,13,79,136,0.0,0,0.0,30.0,9.0,7.0,17,WR,16.5,Mike Evans,2023,6,17.159166,-0.6591663360595703
15.0,0.0,0,90.0,1,11,19,0.0,0,0.0,25.0,4.0,38.0,5,TE,5.0,Austin Seferian-Jenkins,2018,5,3.4134538,1.5865461826324463
98.3,9.0,0,754.0,4,55,94,0.0,0,0.0,25.0,4.0,61.0,13,WR,14.0,Allen Robinson,2018,6,12.256633,1.7433671951293945
156.9,2.0,0,1147.0,7,98,154,0.0,0,0.0,26.0,5.0,61.0,16,WR,14.0,Allen Robinson,2019,6,13.586889,0.41311073303222656
101.9,4.0,0,715.0,5,42,97,0.0,0,0.0,28.0,4.0,91.0,16,WR,5.0,John Brown,2018,6,6.9234643,-1.923464298248291
9.5,6.0,0,29.0,1,3,5,0.0,0,0.0,25.0,4.0,124.0,3,WR,0.88,De'Anthony Thomas,2018,6,1.8728975,-0.9928975057601929
39.4,0.0,0,334.0,1,35,52,0.0,0,0.0,27.0,4.0,142.0,14,WR,7.375,Ryan Grant,2018,6,5.4323516,1.9426484107971191
77.3,499.0,2,154.0,0,20,27,0.0,0,0.0,27.0,4.0,181.0,16,RB,0.88,Alfred Blue,2018,4,1.9829078,-1.102907772064209
88.4,571.0,5,33.0,0,10,16,0.0,0,0.0,27.0,4.0,57.0,14,RB,5.083333,Carlos Hyde,2018,4,2.78417,2.299163087661743
48.900000000000006,0.0,0,449.0,1,38,68,0.0,0,0.0,26.0,4.0,209.0,11,WR,9.0,Quincy Enunwa,2018,6,7.152008,1.847991943359375
-2.4,0.0,0,-4.0,0,1,3,0.0,0,0.0,27.0,5.0,209.0,1,WR,9.0,Quincy Enunwa,2019,6,4.858493,4.141507148742676
36.5,0.0,0,245.0,2,28,42,0.0,0,0.0,27.0,5.0,45.0,10,WR,8.0,Paul Richardson,2019,6,8.184969,-0.1849689483642578
42.0,0.0,0,300.0,2,20,28,0.0,0,0.0,26.0,4.0,42.0,11,WR,1.0,Jordan Matthews,2018,6,3.529978,-2.529978036880493
3.1,25.0,0,6.0,0,1,1,0.0,0,0.0,25.0,4.0,55.0,1,RB,1.5,Jeremy Hill,2018,4,2.2581015,-0.7581014633178711
75.10000000000001,52.0,0,519.0,3,40,55,0.0,0,0.0,25.0,4.0,4.0,10,WR,16.0,Sammy Watkins,2018,6,13.396956,2.603043556213379
86.5,12.0,0,673.0,3,52,90,0.0,0,0.0,26.0,5.0,4.0,13,WR,16.0,Sammy Watkins,2019,6,14.625456,1.3745441436767578
8.3,0.0,0,77.0,0,12,17,15.0,0,0.0,27.0,4.0,120.0,8,TE,0.79,Logan Thomas,2018,5,2.3982954,-1.6082954025268554
39.1,9.0,0,262.0,2,20,35,0.0,0,0.0,26.0,4.0,45.0,7,WR,8.0,Paul Richardson,2018,6,5.610673,2.389327049255371
31.0,0.0,0,190.0,2,19,27,0.0,0,0.0,26.0,4.0,189.0,12,WR,1.907,T.J. Jones,2018,6,3.1046803,-1.197680299758911
163.20000000000002,68.0,1,1204.0,5,80,117,0.0,0,0.0,24.0,4.0,20.0,15,WR,16.2,Brandin Cooks,2018,6,9.296864,6.903136444091796
75.5,52.0,0,583.0,2,42,72,0.0,0,0.0,25.0,5.0,20.0,14,WR,16.2,Brandin Cooks,2019,6,7.1883793,9.011620712280273
151.0,0.0,0,1150.0,6,81,119,0.0,0,0.0,26.0,6.0,20.0,15,WR,16.2,Brandin Cooks,2020,6,14.967957,1.2320434570312493
141.8,21.0,0,1037.0,6,90,134,0.0,0,0.0,27.0,7.0,20.0,16,WR,16.2,Brandin Cooks,2021,6,15.710943,0.48905677795410085
7.219999999999999,5.0,0,0.0,0,0,0,118.0,1,1.0,25.0,4.0,32.0,4,QB,6.0,Teddy Bridgewater,2018,3,4.0097966,1.9902033805847168
46.2,2.0,0,340.0,2,16,25,0.0,0,0.0,24.0,3.0,26.0,10,WR,0.705,Breshad Perriman,2018,6,1.6098975,-0.9048974943161011
6.7,0.0,0,67.0,0,8,11,0.0,0,0.0,27.0,3.0,117.0,7,TE,0.705,Blake Bell,2018,5,0.7356541,-0.030654115676879923
102.8,514.0,4,214.0,1,34,42,0.0,0,0.0,25.0,3.0,126.0,15,RB,1.35,Mike Davis,2018,4,1.062579,0.2874209642410279
0.0,0.0,0,0.0,0,0,1,0.0,0,0.0,26.0,3.0,186.0,1,WR,0.77,Geremy Davis,2018,6,0.280889,0.48911099553108217
4.0,0.0,0,60.0,0,6,8,0.0,0,0.0,25.0,3.0,139.0,5,WR,0.705,Rashad Greene,2018,6,0.6403549,0.06464512825012203
105.6,346.0,2,370.0,4,36,47,0.0,0,0.0,27.0,4.0,86.0,12,RB,13.0,David Johnson,2019,4,6.1528835,6.847116470336914
146.5,691.0,6,314.0,2,33,46,0.0,0,0.0,28.0,5.0,86.0,12,RB,13.0,David Johnson,2020,4,10.136001,2.863999366760254
49.900000000000006,29.0,0,290.0,3,32,42,0.0,0,0.0,25.0,3.0,29.0,11,WR,1.394373,Phillip Dorsett,2018,6,1.8524512,-0.458078205253601
165.4,69.0,0,965.0,10,57,70,0.0,0,0.0,25.0,3.0,69.0,16,WR,10.6,Tyler Lockett,2018,6,9.748625,0.8513751983642575
153.20000000000002,-5.0,0,1057.0,8,82,110,0.0,0,0.0,26.0,4.0,69.0,16,WR,10.6,Tyler Lockett,2019,6,11.596211,-0.9962114334106449
165.4,0.0,0,1054.0,10,100,132,0.0,0,0.0,27.0,5.0,69.0,16,WR,10.6,Tyler Lockett,2020,6,12.710381,-2.110380554199219
313.1,1251.0,17,580.0,4,59,81,0.0,0,0.0,24.0,3.0,10.0,14,RB,14.375,Todd Gurley,2018,4,13.102105,1.2728948593139648
188.4,857.0,12,207.0,2,31,49,0.0,0,0.0,25.0,4.0,10.0,15,RB,14.375,Todd Gurley,2019,4,8.531495,5.843504905700684
196.6,940.0,7,446.0,3,50,76,0.0,0,0.0,26.0,3.0,86.0,16,RB,13.0,David Johnson,2018,4,9.553665,3.4463348388671875
4.7,0.0,0,47.0,0,6,8,0.0,0,0.0,26.0,3.0,220.0,4,TE,1.907,Neal Sterling,2018,5,0.6445549,1.2624450869560242
9.6,21.0,0,75.0,0,6,6,0.0,0,0.0,25.0,3.0,204.0,3,TE,0.1292,Darren Waller,2018,5,0.73610795,-0.6069079454421997
16.2,0.0,0,102.0,1,9,11,0.0,0,0.0,26.0,3.0,143.0,7,TE,0.675,MyCole Pruitt,2018,5,0.90573096,-0.23073096275329585
15.0,0.0,0,90.0,1,6,8,0.0,0,0.0,27.0,4.0,143.0,6,TE,0.675,MyCole Pruitt,2019,5,2.6007419,-1.9257418632507324
164.3,62.0,0,1021.0,9,102,149,0.0,0,0.0,24.0,3.0,146.0,15,WR,14.4,Stefon Diggs,2018,6,13.211425,1.1885751724243168
149.1,61.0,0,1130.0,6,63,94,0.0,0,0.0,25.0,4.0,146.0,15,WR,14.4,Stefon Diggs,2019,6,14.537705,-0.13770542144775355
201.6,1.0,0,1535.0,8,127,166,0.0,0,0.0,26.0,5.0,146.0,16,WR,14.4,Stefon Diggs,2020,6,14.684827,-0.2848268508911129
182.5,0.0,0,1225.0,10,103,164,0.0,0,0.0,27.0,6.0,146.0,17,WR,14.4,Stefon Diggs,2021,6,21.132608,-6.732608413696289
33.04,0.0,0,0.0,0,0,0,626.0,4,4.0,28.0,7.0,10.0,8,QB,2.0,Blaine Gabbert,2018,3,16.790472,-14.790472030639648
11.8,80.0,1,18.0,0,3,4,0.0,0,0.0,29.0,7.0,73.0,9,RB,0.79,Stevan Ridley,2018,4,1.3182467,-0.5282467222213745
0.0,0.0,0,0.0,0,0,2,0.0,0,0.0,30.0,7.0,125.0,2,RB,0.88,Taiwan Jones,2018,4,1.243421,-0.36342095851898193
101.7,517.0,1,400.0,1,59,67,0.0,0,0.0,27.0,7.0,149.0,16,RB,4.95,Dion Lewis,2018,4,5.195261,-0.24526100158691388
41.3,209.0,0,164.0,1,25,32,0.0,0,0.0,28.0,8.0,149.0,15,RB,4.95,Dion Lewis,2019,4,2.962386,1.9876141071319582
0.7000000000000001,0.0,0,7.0,0,2,4,0.0,0,0.0,29.0,7.0,153.0,1,WR,0.96,Jeremy Kerley,2018,6,1.4955007,-0.5355006837844849
9.5,-3.0,0,98.0,0,10,13,0.0,0,0.0,29.0,7.0,155.0,5,TE,2.375,Niles Paul,2018,5,2.1408157,0.23418426513671875
25.3,0.0,0,73.0,3,10,11,0.0,0,0.0,30.0,7.0,159.0,6,TE,3.0,Lee Smith,2018,5,3.121177,-0.12117695808410645
12.7,7.0,0,0.0,0,0,0,400.0,2,4.0,30.0,8.0,1.0,3,QB,20.0,Sam Bradford,2018,3,13.747472,6.252528190612793
1.3,0.0,0,13.0,0,2,3,0.0,0,0.0,31.0,8.0,199.0,1,QB,0.915,Joe Webb,2018,3,1.6636963,-0.7486962890625
33.2,9.0,0,143.0,3,12,13,0.0,0,0.0,31.0,8.0,70.0,9,TE,3.566667,Ed Dickson,2018,5,3.7846217,-0.2179547155456545
25.5,0.0,0,135.0,2,12,16,0.0,0,0.0,31.0,8.0,78.0,4,WR,1.75,Brandon LaFell,2018,6,2.707033,-0.9570329189300537
27.18,63.0,0,0.0,0,0,0,372.0,3,3.0,31.0,8.0,85.0,3,QB,3.25,Colt McCoy,2018,3,2.7009888,0.54901123046875
4.28,14.0,0,0.0,0,0,0,122.0,0,1.0,32.0,9.0,85.0,1,QB,3.25,Colt McCoy,2019,3,2.7837703,0.4662296772003174
27.9,20.0,0,79.0,1,10,18,0.0,0,0.0,30.0,8.0,88.0,8,WR,1.005,Andre Roberts,2018,6,2.2027476,-1.1977475833892823
75.60000000000001,0.0,0,636.0,2,55,89,0.0,0,0.0,31.0,8.0,95.0,16,TE,10.0,Jimmy Graham,2018,5,9.219988,0.7800121307373047
62.7,0.0,0,447.0,3,38,60,0.0,0,0.0,32.0,9.0,95.0,16,TE,10.0,Jimmy Graham,2019,5,7.7736244,2.2263755798339844
11.2,12.0,0,40.0,0,6,6,0.0,0,0.0,30.0,7.0,176.0,8,WR,1.005,Dwayne Harris,2018,6,1.987355,-0.9823549938201905
53.1,0.0,0,231.0,5,17,35,0.0,0,0.0,29.0,7.0,178.0,14,WR,0.79,Aldrick Robinson,2018,6,2.5341663,-1.7441663360595703
60.1,428.0,2,73.0,0,8,13,0.0,0,0.0,29.0,6.0,173.0,11,RB,0.79,Alfred Morris,2018,4,1.2871115,-0.4971115207672119
27.0,0.0,0,210.0,1,19,27,0.0,0,0.0,30.0,7.0,204.0,13,TE,2.866667,Virgil Green,2018,5,3.835812,-0.9691450918273925
13.8,0.0,0,78.0,1,9,13,0.0,0,0.0,31.0,8.0,204.0,11,TE,2.866667,Virgil Green,2019,5,3.6466277,-0.77996066456604
11.0,0.0,0,50.0,1,3,6,0.0,0,0.0,32.0,9.0,204.0,4,TE,2.866667,Virgil Green,2020,5,3.1195424,-0.25287536030578606
3.8,0.0,0,38.0,0,3,3,0.0,0,0.0,31.0,9.0,208.0,2,TE,0.915,John Phillips,2018,5,1.743798,-0.828798017501831
0.0,0.0,0,0.0,0,0,0,0.0,0,0.0,37.0,14.0,99.0,1,P,2.5,Dustin Colquitt,2019,2,2.4103985,0.08960151672363281
46.0,120.0,1,160.0,2,15,23,0.0,0,0.0,35.0,13.0,130.0,6,RB,1.415,Darren Sproles,2018,4,1.5952063,-0.1802062606811523
6.5,-1.0,0,0.0,0,0,0,465.0,0,4.0,35.0,13.0,213.0,2,QB,1.07353,Derek Anderson,2018,3,1.6816766,-0.6081466262054442
1.66,13.0,0,0.0,0,0,0,59.0,0,1.0,36.0,13.0,230.0,2,QB,1.105,Matt Cassel,2018,3,1.8063477,-0.7013477277755737
165.84,152.0,2,0.0,0,0,0,2366.0,17,12.0,35.0,13.0,250.0,8,QB,3.3,Ryan Fitzpatrick,2018,3,4.247735,-0.9477350234985353
3.9,0.0,0,39.0,0,3,4,0.0,0,0.0,34.0,12.0,28.0,4,TE,2.1,Marcedes Lewis,2018,5,1.5078655,0.59213445186615
19.6,0.0,0,136.0,1,11,23,0.0,0,0.0,34.0,12.0,120.0,6,WR,1.105,Brandon Marshall,2018,6,1.5574682,-0.45246817588806154
5.2,0.0,0,52.0,0,4,7,0.0,0,0.0,34.0,12.0,175.0,1,TE,8.5,Delanie Walker,2018,5,2.6306899,5.869310140609741
90.6,722.0,0,124.0,1,12,16,0.0,0,0.0,35.0,13.0,65.0,14,RB,1.105,Frank Gore,2018,4,1.2361695,-0.13116945743560793
303.98,22.0,4,1.0,0,1,1,3992.0,32,5.0,39.0,17.0,32.0,15,QB,25.0,Drew Brees,2018,3,25.523552,-0.5235519409179688
224.76,-4.0,1,0.0,0,0,0,2979.0,27,4.0,40.0,18.0,32.0,11,QB,25.0,Drew Brees,2019,3,25.475094,-0.4750938415527344
20.76,32.0,0,0.0,0,0,0,539.0,1,4.0,39.0,16.0,81.0,4,QB,10.0,Josh McCown,2018,3,9.5225935,0.47740650177001953
1.04,0.0,0,0.0,0,0,0,26.0,0,0.0,37.0,15.0,188.0,1,P,2.0,Andy Lee,2019,2,3.3124003,-1.3124003410339355
1.04,0.0,0,0.0,0,0,0,26.0,0,0.0,38.0,16.0,188.0,1,P,2.0,Andy Lee,2020,2,4.3523564,-2.352356433868408
138.0,168.0,1,0.0,0,0,0,2180.0,10,5.0,34.0,13.0,1.0,10,QB,23.5,Alex Smith,2018,3,23.351578,0.1484222412109375
71.58,3.0,0,0.0,0,0,0,1582.0,6,8.0,36.0,15.0,1.0,8,QB,23.5,Alex Smith,2020,3,22.66408,0.8359203338623047
312.58,269.0,2,0.0,0,0,0,4442.0,25,2.0,34.0,13.0,24.0,16,QB,33.5,Aaron Rodgers,2018,3,33.46758,0.032421112060546875
278.38,183.0,1,0.0,0,0,0,4002.0,26,4.0,35.0,14.0,24.0,16,QB,33.5,Aaron Rodgers,2019,3,34.26327,-0.7632713317871094
382.26,149.0,3,-6.0,0,1,1,4299.0,48,5.0,36.0,15.0,24.0,16,QB,33.5,Aaron Rodgers,2020,3,33.876827,-0.3768272399902344
332.3,101.0,3,-4.0,0,1,1,4115.0,37,4.0,37.0,16.0,24.0,16,QB,33.5,Aaron Rodgers,2021,3,33.13307,0.3669281005859375
33.5,0.0,0,215.0,2,21,31,0.0,0,0.0,35.0,13.0,175.0,6,TE,8.5,Delanie Walker,2019,5,4.317388,4.18261194229126
169.0,1042.0,7,208.0,1,20,26,0.0,0,0.0,33.0,11.0,7.0,16,RB,1.015,Adrian Peterson,2018,4,2.2849882,-1.2699881649017335
1.4,7.0,0,7.0,0,2,3,0.0,0,0.0,31.0,10.0,73.0,2,RB,0.915,Jamaal Charles,2018,4,1.4565641,-0.5415640687942505
49.6,120.0,1,0.0,0,0,0,590.0,3,4.0,32.0,10.0,160.0,4,QB,1.005,Josh Johnson,2018,3,2.2776966,-1.2726966094970704
0.3199999999999998,8.0,0,0.0,0,0,0,138.0,0,3.0,31.0,9.0,5.0,2,QB,0.915,Mark Sanchez,2018,3,2.7713294,-1.856329402923584
0.0,0.0,0,0.0,0,0,3,0.0,0,0.0,32.0,9.0,84.0,1,WR,1.915,Mike Wallace,2018,6,1.8836168,0.031383194923400914
78.7,0.0,0,607.0,3,54,100,0.0,0,0.0,30.0,9.0,10.0,16,WR,7.0,Michael Crabtree,2018,6,9.72751,-2.727510452270508
1.46,3.0,0,0.0,0,0,0,29.0,0,0.0,33.0,10.0,57.0,1,QB,3.35,Chad Henne,2018,3,2.741535,0.6084650516510011
64.0,376.0,3,84.0,0,15,20,0.0,0,0.0,32.0,11.0,12.0,6,RB,4.5,Marshawn Lynch,2018,4,5.1788135,-0.6788134574890137
53.1,0.0,0,291.0,4,27,38,0.0,0,0.0,33.0,11.0,31.0,9,TE,8.55,Greg Olsen,2018,5,5.867926,2.682073879241944
71.7,0.0,0,597.0,2,52,82,0.0,0,0.0,34.0,12.0,31.0,14,TE,8.55,Greg Olsen,2019,5,7.96974,0.580260086059571
353.96000000000004,125.0,3,5.0,1,1,1,4924.0,35,7.0,33.0,10.0,3.0,16,QB,30.0,Matt Ryan,2018,3,29.420134,0.5798664093017578
267.34000000000003,147.0,1,0.0,0,0,0,4466.0,26,14.0,34.0,11.0,3.0,15,QB,30.0,Matt Ryan,2019,3,31.090832,-1.0908317565917969
282.44,92.0,2,0.0,0,0,0,4581.0,26,11.0,35.0,12.0,3.0,16,QB,30.0,Matt Ryan,2020,3,29.170399,0.8296012878417969
222.92,82.0,1,0.0,0,0,0,3968.0,20,12.0,36.0,13.0,3.0,17,QB,30.0,Matt Ryan,2021,3,29.533976,0.46602439880371094
155.28,70.0,1,0.0,0,0,0,3057.0,14,13.0,37.0,14.0,3.0,12,QB,30.0,Matt Ryan,2022,3,28.699827,1.3001728057861328
1.7000000000000002,17.0,0,0.0,0,0,0,0.0,0,0.0,31.0,10.0,13.0,3,RB,3.45,Jonathan Stewart,2018,4,1.730494,1.7195059776306154
93.7,-2.0,0,739.0,3,63,88,0.0,0,0.0,33.0,10.0,36.0,15,WR,7.1,Jordy Nelson,2018,6,7.87331,-0.7733100891113285
2.3000000000000003,0.0,0,23.0,0,3,5,0.0,0,0.0,27.0,6.0,116.0,5,TE,0.79,Orson Charles,2018,5,1.7360947,-0.9460947132110595
75.72,17.0,0,15.0,0,1,1,1413.0,7,4.0,29.0,6.0,88.0,5,QB,14.5,Nick Foles,2018,3,14.4566,0.043399810791015625
2.1,0.0,0,21.0,0,3,13,0.0,0,0.0,27.0,5.0,34.0,4,WR,0.87,Justin Hunter,2018,6,2.6553466,-1.785346632003784
31.5,55.0,0,140.0,2,8,13,0.0,0,0.0,28.0,5.0,8.0,7,WR,7.0,Tavon Austin,2018,6,5.087143,1.9128570556640625
21.08,-2.0,0,0.0,0,0,0,232.0,3,0.0,27.0,5.0,98.0,1,QB,2.0,Matt Barkley,2018,3,2.00247,-0.0024700164794921875
5.959999999999999,-4.0,0,0.0,0,0,0,359.0,0,3.0,28.0,6.0,98.0,2,QB,2.0,Matt Barkley,2019,3,2.5839407,-0.5839407444000244
9.28,-6.0,0,0.0,0,0,0,197.0,1,1.0,29.0,7.0,98.0,4,QB,2.0,Matt Barkley,2020,3,2.3752265,-0.3752264976501465
10.96,0.0,0,0.0,0,0,0,174.0,1,0.0,28.0,5.0,73.0,2,QB,4.0,Mike Glennon,2018,3,2.9641151,1.0358848571777344
12.0,0.0,0,60.0,1,6,10,0.0,0,0.0,28.0,5.0,209.0,5,WR,0.7975,Brice Butler,2018,6,2.8874297,-2.089929714202881
109.9,578.0,6,141.0,0,22,26,0.0,0,0.0,28.0,5.0,181.0,16,RB,4.0,Latavius Murray,2018,4,3.0827894,0.917210578918457
23.9,0.0,0,179.0,1,15,19,0.0,0,0.0,27.0,5.0,21.0,4,TE,5.5,Tyler Eifert,2018,5,4.4714303,1.0285696983337402
1.1,11.0,0,0.0,0,0,0,0.0,0,0.0,29.0,7.0,6.0,1,LB,3.4,Barkevious Mingo,2020,1,2.586453,0.8135470390319823
-1.48,2.0,0,0.0,0,0,0,8.0,0,0.0,27.0,5.0,39.0,4,QB,1.0,Geno Smith,2018,3,2.2367291,-1.2367291450500488
0.84,0.0,0,0.0,0,0,0,21.0,0,0.0,28.0,6.0,2.0,2,QB,1.1,Robert Griffin III,2018,3,1.4926192,-0.3926191568374633
-0.1,-1.0,0,0.0,0,0,0,0.0,0,0.0,34.0,6.0,22.0,1,QB,0.79,Brandon Weeden,2018,3,2.474135,-1.6841349220275879
67.98,21.0,0,0.0,0,0,0,1247.0,6,4.0,27.0,6.0,57.0,7,QB,0.88,Brock Osweiler,2018,3,14.256791,-13.376791114807128
2.7,0.0,0,27.0,0,3,4,0.0,0,0.0,28.0,6.0,64.0,3,TE,5.45,Dwayne Allen,2018,5,2.8639123,2.5860876560211183
1.8000000000000005,0.0,0,18.0,0,3,3,0.0,0,0.0,29.0,6.0,33.0,2,WR,0.79,Brian Quick,2018,6,1.9194918,-1.1294917678833007
54.6,39.0,0,447.0,1,43,59,0.0,0,0.0,28.0,6.0,118.0,16,WR,2.5,Jarius Wright,2018,6,2.935516,-0.4355161190032959
28.9,-7.0,0,296.0,0,28,58,0.0,0,0.0,29.0,7.0,118.0,16,WR,2.5,Jarius Wright,2019,6,3.635219,-1.1352190971374512
2.4000000000000004,0.0,0,24.0,0,5,9,0.0,0,0.0,28.0,6.0,227.0,5,WR,7.75,Rishard Matthews,2018,6,2.7634916,4.986508369445801
282.12,123.0,1,-1.0,0,1,1,4298.0,30,10.0,30.0,6.0,102.0,16,QB,28.0,Kirk Cousins,2018,3,27.752377,0.24762344360351562
244.42,63.0,1,0.0,0,0,1,3603.0,26,6.0,31.0,7.0,102.0,15,QB,28.0,Kirk Cousins,2019,3,28.765549,-0.7655487060546875
101.9,723.0,4,116.0,0,18,24,0.0,0,0.0,29.0,6.0,31.0,16,RB,1.475,Doug Martin,2018,4,2.3346424,-0.8596424102783202
18.0,0.0,0,100.0,1,10,24,0.0,0,0.0,28.0,6.0,13.0,10,WR,0.79,Michael Floyd,2018,6,2.5017173,-1.7117173290252685
35.7,186.0,0,131.0,1,14,20,0.0,0,0.0,28.0,5.0,190.0,8,RB,3.25,Rex Burkhead,2018,4,2.5944777,0.655522346496582
74.10000000000001,302.0,3,279.0,0,27,38,0.0,0,0.0,29.0,6.0,190.0,13,RB,3.25,Rex Burkhead,2019,4,3.2809148,-0.030914783477783203
0.9,9.0,0,0.0,0,0,0,0.0,0,0.0,27.0,5.0,62.0,1,RB,0.79,Christine Michael,2018,4,2.1026974,-1.3126973724365234
3.2,43.0,0,9.0,0,1,1,0.0,0,0.0,27.0,5.0,164.0,4,RB,0.85,Mike Gillislee,2018,4,0.73877543,0.11122456789016721
32.3,0.0,0,263.0,1,21,24,0.0,0,0.0,27.0,5.0,133.0,11,TE,1.5,Levine Toilolo,2018,5,3.770673,-2.2706730365753174
7.4,71.0,0,3.0,0,1,1,0.0,0,0.0,29.0,5.0,182.0,6,RB,0.88,Kenjon Barner,2018,4,0.7951529,0.08484709739685059
64.4,9.0,0,395.0,4,23,44,0.0,0,0.0,27.0,5.0,78.0,11,WR,6.666667,Marquise Goodwin,2018,6,5.5941305,1.0725364839477542
26.1,15.0,0,186.0,1,12,21,0.0,0,0.0,28.0,6.0,78.0,8,WR,6.666667,Marquise Goodwin,2019,6,4.378702,2.2879648363037113
8.700000000000001,0.0,0,87.0,0,13,19,0.0,0,0.0,28.0,5.0,158.0,10,TE,2.5,Luke Willson,2018,5,2.4534905,0.046509504318237305
28.700000000000003,191.0,1,56.0,0,9,11,0.0,0,0.0,22.0,0.0,131.0,10,RB,0.762295,Kalen Ballage,2018,4,0.7562566,0.006038419647216742
10.1,74.0,0,27.0,0,2,3,0.0,0,0.0,21.0,0.0,176.0,3,RB,0.662073,John Kelly,2018,4,0.71213514,-0.0500621361274719
37.8,135.0,3,63.0,0,14,24,0.0,0,0.0,23.0,1.0,131.0,12,RB,0.762295,Kalen Ballage,2019,4,1.6694577,-0.9071626740264893
36.0,3.0,0,357.0,0,34,41,0.0,0,0.0,26.0,3.0,123.0,15,TE,0.773058,Durham Smythe,2021,5,1.3906848,-0.6176268430633545
32.800000000000004,0.0,0,208.0,2,26,29,0.0,0,0.0,25.0,2.0,123.0,13,TE,0.773058,Durham Smythe,2020,5,0.94000393,-0.16694593152236936
6.5,0.0,0,65.0,0,7,14,0.0,0,0.0,24.0,1.0,123.0,8,TE,0.773058,Durham Smythe,2019,5,0.8332068,-0.06014877280426023
5.0,0.0,0,50.0,0,6,11,0.0,0,0.0,23.0,0.0,123.0,6,TE,0.773058,Durham Smythe,2018,5,0.8446224,-0.0715643735809326
236.08,764.0,3,0.0,0,0,0,2242.0,17,7.0,25.0,4.0,32.0,12,QB,2.367913,Lamar Jackson,2022,3,4.510799,-2.142885931121826
239.98,767.0,2,0.0,0,0,0,2882.0,16,13.0,24.0,3.0,32.0,12,QB,2.367913,Lamar Jackson,2021,3,7.8245525,-5.4566395360107425
0.0,0.0,0,0.0,0,0,1,0.0,0,0.0,22.0,1.0,237.0,1,WR,0.525,Isaiah Ford,2018,6,0.5004593,0.024540686607360862
332.78000000000003,1005.0,7,0.0,0,0,0,2757.0,26,9.0,23.0,2.0,32.0,15,QB,2.367913,Lamar Jackson,2020,3,1.8351363,0.532776705635071
415.68,1206.0,7,0.0,0,0,0,3127.0,36,6.0,22.0,1.0,32.0,15,QB,2.367913,Lamar Jackson,2019,3,2.2118914,0.1560215872650148
157.54000000000002,695.0,5,0.0,0,0,2,1201.0,6,3.0,21.0,0.0,32.0,16,QB,2.367913,Lamar Jackson,2018,3,2.0130847,0.3548283499603273
98.4,3.0,0,621.0,6,48,79,0.0,0,0.0,23.0,2.0,47.0,14,WR,1.473719,Christian Kirk,2020,6,1.4450413,0.02867770113372803
80.5,35.0,0,590.0,3,43,68,0.0,0,0.0,21.0,0.0,47.0,12,WR,1.473719,Christian Kirk,2018,6,2.0744448,-0.6007257708129883
8.9,0.0,0,89.0,0,8,15,0.0,0,0.0,22.0,1.0,105.0,4,WR,0.794464,Antonio Callaway,2019,6,0.90051943,-0.10605543063735967
89.3,7.0,0,586.0,5,43,79,0.0,0,0.0,21.0,0.0,105.0,16,WR,0.794464,Antonio Callaway,2018,6,0.6477878,0.1466761906280517
18.360000000000003,-6.0,0,0.0,0,0,0,324.0,2,1.0,25.0,2.0,76.0,4,QB,0.980467,Mason Rudolph,2020,3,1.1416303,-0.16116329193878176
108.8,42.0,0,0.0,0,0,0,1765.0,13,9.0,24.0,1.0,76.0,10,QB,0.980467,Mason Rudolph,2019,3,0.9728752,0.007591822139739968
55.7,0.0,0,377.0,3,32,50,0.0,0,0.0,25.0,3.0,91.0,10,WR,0.855131,Tre'Quan Smith,2021,6,1.1171616,-0.2620306315841675
69.1,3.0,0,448.0,4,34,50,0.0,0,0.0,24.0,2.0,91.0,13,WR,0.855131,Tre'Quan Smith,2020,6,0.88204336,-0.026912361663818385
53.400000000000006,0.0,0,234.0,5,18,25,0.0,0,0.0,23.0,1.0,91.0,10,WR,0.855131,Tre'Quan Smith,2019,6,0.8994345,-0.044303506893157985
72.7,0.0,0,427.0,5,28,44,0.0,0,0.0,22.0,0.0,91.0,13,WR,0.855131,Tre'Quan Smith,2018,6,1.0028487,-0.14771774439239505
100.1,93.0,0,708.0,3,67,107,0.0,0,0.0,22.0,1.0,47.0,13,WR,1.473719,Christian Kirk,2019,6,2.3092883,-0.8355692633209229
130.62,11.0,0,982.0,5,77,103,33.0,0,0.0,24.0,3.0,47.0,17,WR,1.473719,Christian Kirk,2021,6,3.424477,-1.9507581003723145
6.1,0.0,0,1.0,1,1,1,0.0,0,0.0,23.0,1.0,229.0,1,K,0.6378,Jason Sanders,2019,0,0.6604713,-0.02267132015228268
191.7,1067.0,12,150.0,0,16,18,0.0,0,0.0,24.0,2.0,35.0,12,RB,1.845774,Nick Chubb,2020,4,2.4773064,-0.6315323659667968
221.1,1513.0,8,278.0,0,36,49,0.0,0,0.0,23.0,1.0,35.0,16,RB,1.845774,Nick Chubb,2019,4,3.1566844,-1.310910398651123
174.5,996.0,8,149.0,2,20,29,0.0,0,0.0,22.0,0.0,35.0,16,RB,1.845774,Nick Chubb,2018,4,2.520098,-0.6743239709625244
27.4,0.0,0,154.0,2,7,22,0.0,0,0.0,24.0,3.0,61.0,3,WR,1.111808,D.J. Chark,2021,6,1.7439828,-0.6321747919006349
100.6,0.0,0,706.0,5,53,93,0.0,0,0.0,23.0,2.0,61.0,13,WR,1.111808,D.J. Chark,2020,6,1.3523272,-0.24051922759246835
152.8,20.0,0,1008.0,8,73,118,0.0,0,0.0,22.0,1.0,61.0,15,WR,1.111808,D.J. Chark,2019,6,1.294738,-0.1829300542755128
15.400000000000002,0.0,0,174.0,0,14,32,0.0,0,0.0,21.0,0.0,61.0,10,WR,1.111808,D.J. Chark,2018,6,1.4533553,-0.3415473123474122
38.1,0.0,0,221.0,3,26,31,0.0,0,0.0,28.0,3.0,25.0,12,TE,2.759008,Hayden Hurst,2021,5,2.1772385,0.5817695356445314
93.1,0.0,0,571.0,6,56,88,0.0,0,0.0,27.0,2.0,25.0,16,TE,2.759008,Hayden Hurst,2020,5,3.9364398,-1.1774317525787352
46.9,0.0,0,349.0,2,30,39,0.0,0,0.0,26.0,1.0,25.0,16,TE,2.759008,Hayden Hurst,2019,5,2.4173245,0.34168345700073255
22.3,0.0,0,163.0,1,13,23,0.0,0,0.0,25.0,0.0,25.0,9,TE,2.759008,Hayden Hurst,2018,5,2.2539442,0.505063841445923
92.0,0.0,0,780.0,2,73,112,0.0,0,0.0,25.0,3.0,42.0,17,TE,1.652981,Mike Gesicki,2021,5,4.584041,-2.931060118621826
106.3,0.0,0,703.0,6,53,85,0.0,0,0.0,24.0,2.0,42.0,15,TE,1.652981,Mike Gesicki,2020,5,1.8387833,-0.18580226416015622
142.8,27.0,0,821.0,10,64,92,0.0,0,0.0,23.0,0.0,26.0,16,WR,2.725183,Calvin Ridley,2018,6,2.5918398,0.13334320965576163
134.0,34.0,0,866.0,7,63,93,0.0,0,0.0,24.0,1.0,26.0,13,WR,2.725183,Calvin Ridley,2019,6,2.6050186,0.12016438427734366
191.5,1.0,0,1374.0,9,90,143,0.0,0,0.0,25.0,2.0,26.0,15,WR,2.725183,Calvin Ridley,2020,6,2.8565621,-0.13137913760375985
294.8,1307.0,11,721.0,4,91,121,0.0,0,0.0,21.0,0.0,2.0,16,RB,7.798688,Saquon Barkley,2018,4,7.804598,-0.005909854614257526
24.6,169.0,0,77.0,0,10,16,0.0,0,0.0,25.0,3.0,71.0,11,RB,0.985005,Royce Freeman,2021,4,0.96576136,0.01924363649368288
25.1,170.0,0,81.0,0,12,13,0.0,0,0.0,24.0,2.0,71.0,11,RB,0.985005,Royce Freeman,2020,4,0.93000937,0.05499563491821291
99.2,496.0,3,256.0,1,43,50,0.0,0,0.0,23.0,1.0,71.0,16,RB,0.985005,Royce Freeman,2019,4,0.71621996,0.268785038356781
87.30000000000001,521.0,5,72.0,0,14,20,0.0,0,0.0,22.0,0.0,71.0,14,RB,0.985005,Royce Freeman,2018,4,0.96791035,0.017094650630950947
153.9,23.0,0,1016.0,8,76,136,0.0,0,0.0,28.0,5.0,26.0,17,WR,2.725183,Calvin Ridley,2023,6,7.4840503,-4.758867273895264
40.1,0.0,0,281.0,2,31,52,0.0,0,0.0,26.0,3.0,26.0,5,WR,2.725183,Calvin Ridley,2021,6,2.564575,0.160608043106079
85.0,0.0,0,570.0,5,51,89,0.0,0,0.0,23.0,1.0,42.0,15,TE,1.652981,Mike Gesicki,2019,5,1.7421482,-0.08916716093444821
18.200000000000003,0.0,0,202.0,0,22,32,0.0,0,0.0,22.0,0.0,42.0,14,TE,1.652981,Mike Gesicki,2018,5,1.8299663,-0.17698530668640133
0.3,-4.0,0,7.0,0,1,2,0.0,0,0.0,24.0,1.0,139.0,3,WR,0.6,Jehu Chesson,2018,6,0.5361283,0.06387171745300291
36.5,66.0,2,179.0,0,18,30,0.0,0,0.0,23.0,1.0,172.0,6,WR,0.6,Isaiah McKenzie,2018,6,1.0788867,-0.4788867473602295
36.3,49.0,0,254.0,1,27,39,0.0,0,0.0,24.0,2.0,172.0,12,WR,0.6,Isaiah McKenzie,2019,6,0.72233844,-0.12233843803405764
144.5,48.0,0,1157.0,4,93,163,0.0,0,0.0,24.0,3.0,24.0,17,WR,2.792829,D.J. Moore,2021,6,4.3655224,-1.572693384643555
145.5,22.0,0,1193.0,4,66,118,0.0,0,0.0,23.0,2.0,24.0,15,WR,2.792829,D.J. Moore,2020,6,3.0018609,-0.2090318570098879
143.5,40.0,0,1175.0,4,87,135,0.0,0,0.0,22.0,1.0,24.0,15,WR,2.792829,D.J. Moore,2019,6,2.8491821,-0.056353128906250216
104.0,172.0,0,788.0,2,55,82,0.0,0,0.0,21.0,0.0,24.0,16,WR,2.792829,D.J. Moore,2018,6,2.6008284,0.1920005908050535
56.5,0.0,0,445.0,2,35,62,0.0,0,0.0,25.0,3.0,81.0,9,WR,0.880995,Michael Gallup,2021,6,1.5311089,-0.6501138562011719
114.3,0.0,0,843.0,5,59,105,0.0,0,0.0,24.0,2.0,81.0,16,WR,0.880995,Michael Gallup,2020,6,0.87861186,0.002383137340545627
61.400000000000006,419.0,2,75.0,0,9,12,0.0,0,0.0,22.0,0.0,27.0,12,RB,2.691359,Rashaad Penny,2018,4,2.6287076,0.06265135267639144
21.4,0.0,0,154.0,1,15,31,0.0,0,0.0,23.0,0.0,228.0,6,WR,0.1292,Marcell Ateman,2018,6,0.8677208,-0.7385207827568054
9.9,0.0,0,39.0,1,3,4,0.0,0,0.0,24.0,3.0,253.0,4,WR,0.1292,Auden Tate,2021,6,0.5529678,-0.42376778678894045
15.0,0.0,0,150.0,0,14,22,0.0,0,0.0,23.0,2.0,253.0,8,WR,0.1292,Auden Tate,2020,6,0.68568254,-0.5564825351715088
67.3,370.0,3,83.0,1,8,11,0.0,0,0.0,23.0,1.0,27.0,9,RB,2.691359,Rashaad Penny,2019,4,2.6287959,0.06256313780212386
61.5,0.0,0,575.0,1,40,80,0.0,0,0.0,22.0,1.0,253.0,12,WR,0.1292,Auden Tate,2019,6,0.5854028,-0.45620278673172
3.4000000000000004,34.0,0,0.0,0,0,0,0.0,0,0.0,24.0,2.0,27.0,3,RB,2.691359,Rashaad Penny,2020,4,2.7282383,-0.03687934419250505
146.70000000000002,0.0,0,1107.0,6,66,113,0.0,0,0.0,23.0,1.0,81.0,14,WR,0.880995,Michael Gallup,2019,6,0.90915745,-0.028162454967498807
64.7,0.0,0,507.0,2,33,68,0.0,0,0.0,22.0,0.0,81.0,15,WR,0.880995,Michael Gallup,2018,6,1.2508721,-0.36987713516235354
14.6,157.0,0,9.0,0,1,2,0.0,0,0.0,22.0,1.0,156.0,4,RB,0.6,Brian Hill,2018,4,0.7858494,-0.18584939241409304
112.1,0.0,0,701.0,7,58,88,0.0,0,0.0,24.0,2.0,86.0,14,TE,0.86329,Mark Andrews,2020,5,1.305785,-0.4424949407196045
57.2,323.0,2,69.0,1,10,14,0.0,0,0.0,23.0,2.0,156.0,10,RB,0.6,Brian Hill,2019,4,0.55874723,0.04125276803970335
143.2,0.0,0,852.0,10,64,98,0.0,0,0.0,23.0,1.0,86.0,15,TE,0.86329,Mark Andrews,2019,5,0.89702326,-0.033733260593414305
73.2,0.0,0,552.0,3,34,50,0.0,0,0.0,22.0,0.0,86.0,16,TE,0.86329,Mark Andrews,2018,5,1.196566,-0.33327598567962646
115.7,749.0,6,48.0,0,6,8,0.0,0,0.0,25.0,3.0,27.0,10,RB,2.691359,Rashaad Penny,2021,4,4.5705395,-1.8791804744873049
69.2,0.0,0,392.0,5,30,56,0.0,0,0.0,24.0,2.0,60.0,16,WR,1.125337,James Washington,2020,6,1.1679422,-0.042605166328430144
27.700000000000003,0.0,0,217.0,1,16,38,0.0,0,0.0,22.0,0.0,60.0,12,WR,1.125337,James Washington,2018,6,1.2535601,-0.1282230662231445
89.5,0.0,0,735.0,3,44,80,0.0,0,0.0,23.0,1.0,60.0,15,WR,1.125337,James Washington,2019,6,0.83656925,0.28876775037002567
41.8,13.0,0,285.0,2,24,44,0.0,0,0.0,25.0,3.0,60.0,15,WR,1.125337,James Washington,2021,6,1.2349783,-0.10964131821441647
3.5,0.0,0,35.0,0,4,12,0.0,0,0.0,21.0,0.0,253.0,4,WR,0.1292,Auden Tate,2018,6,0.71205497,-0.582854967880249
4.2,42.0,0,0.0,0,0,0,0.0,0,0.0,23.0,0.0,173.0,1,P,0.669389,Johnny Townsend,2018,2,1.0196662,-0.3502771949157715
100.3,592.0,2,311.0,0,43,53,0.0,0,0.0,25.0,3.0,134.0,12,RB,0.728089,Chase Edmonds,2021,4,0.86901224,-0.14092323659515382
115.0,448.0,1,402.0,4,53,67,0.0,0,0.0,24.0,2.0,134.0,16,RB,0.728089,Chase Edmonds,2020,4,0.6883095,0.039779509319305406
70.8,303.0,4,105.0,1,12,21,0.0,0,0.0,23.0,1.0,134.0,10,RB,0.728089,Chase Edmonds,2019,4,0.64111495,0.08697404981994628
43.1,208.0,2,103.0,0,20,23,0.0,0,0.0,22.0,0.0,134.0,16,RB,0.728089,Chase Edmonds,2018,4,0.8408052,-0.11271617292022706
7.5,34.0,0,41.0,0,5,8,0.0,0,0.0,21.0,0.0,112.0,6,RB,0.786337,Mark Walton,2018,4,0.78109,0.005246978866577101
192.1,1003.0,6,438.0,2,52,73,0.0,0,0.0,22.0,1.0,2.0,13,RB,7.798688,Saquon Barkley,2019,4,7.4172473,0.3814407046203616
9.4,34.0,0,60.0,0,6,9,0.0,0,0.0,23.0,2.0,2.0,2,RB,7.798688,Saquon Barkley,2020,4,7.352872,0.4458161051635745
85.00000000000001,201.0,0,429.0,3,47,62,0.0,0,0.0,24.0,3.0,77.0,16,RB,5.203333,Duke Johnson,2018,4,2.8933256,2.3100074327545164
35.400000000000006,235.0,1,59.0,0,5,5,0.0,0,0.0,25.0,3.0,156.0,4,RB,0.675,Jonathan Williams,2019,4,1.373908,-0.6989080429077148
0.1,0.0,0,1.0,0,1,1,0.0,0,0.0,24.0,2.0,156.0,3,RB,0.1292,Jonathan Williams,2018,4,0.5821067,-0.45290670948028566
7.6,5.0,0,71.0,0,5,8,0.0,0,0.0,24.0,2.0,15.0,6,WR,0.63,Corey Coleman,2018,6,1.9242638,-1.2942638349533082
1.6,16.0,0,0.0,0,0,1,0.0,0,0.0,24.0,2.0,216.0,1,RB,0.645,Darius Jackson,2018,4,0.5342087,0.1107912850379944
16.8,14.0,0,94.0,1,2,4,0.0,0,0.0,24.0,2.0,86.0,3,WR,0.63,Leonte Carroo,2018,6,1.0159396,-0.3859395933151245
107.6,593.0,2,263.0,2,41,57,0.0,0,0.0,24.0,3.0,2.0,13,RB,7.798688,Saquon Barkley,2021,4,6.5643497,1.2343383486633304
6.6000000000000005,60.0,0,6.0,0,1,1,0.0,0,0.0,25.0,3.0,236.0,4,RB,0.1292,Dwayne Washington,2019,4,0.37145236,-0.24225236134529113
15.400000000000002,154.0,0,0.0,0,0,0,0.0,0,0.0,24.0,2.0,236.0,4,RB,0.1292,Dwayne Washington,2018,4,0.43626752,-0.3070675249576569
110.0,410.0,2,410.0,3,44,62,0.0,0,0.0,25.0,4.0,77.0,16,RB,5.203333,Duke Johnson,2019,4,4.520965,0.682367900665283
56.400000000000006,235.0,1,249.0,1,28,35,0.0,0,0.0,26.0,5.0,77.0,11,RB,5.203333,Duke Johnson,2020,4,4.0138073,1.18952570324707
3.5000000000000004,0.0,0,35.0,0,3,3,0.0,0,0.0,24.0,2.0,119.0,3,RB,0.255,Tyler Ervin,2018,4,0.70350075,-0.44850074768066406
93.6,411.0,7,105.0,1,15,21,0.0,0,0.0,24.0,2.0,171.0,10,RB,0.63,Alex Collins,2018,4,0.77430844,-0.144308443069458
395.06,421.0,8,12.0,1,1,1,4544.0,37,10.0,24.0,2.0,7.0,16,QB,5.295759,Josh Allen,2020,3,6.0041428,-0.7083837612304684
288.56,510.0,9,0.0,0,0,0,3089.0,20,9.0,23.0,1.0,7.0,16,QB,5.295759,Josh Allen,2019,3,6.0443435,-0.7485844715270993
206.86,631.0,8,0.0,0,0,1,2044.0,10,12.0,22.0,0.0,7.0,12,QB,5.295759,Josh Allen,2018,3,5.220484,0.07527522009277376
179.8,134.0,1,0.0,0,0,0,3010.0,17,13.0,26.0,3.0,1.0,14,QB,8.170745,Baker Mayfield,2021,3,23.546343,-15.375597849731445
247.62,165.0,1,6.0,0,1,1,3563.0,26,8.0,25.0,2.0,1.0,16,QB,8.170745,Baker Mayfield,2020,3,8.681301,-0.5105561169433592
235.42,141.0,3,0.0,0,0,0,3883.0,23,21.0,24.0,1.0,1.0,16,QB,8.170745,Baker Mayfield,2019,3,8.043665,0.12708006774902358
240.1,131.0,0,0.0,0,0,1,3725.0,27,14.0,23.0,0.0,1.0,14,QB,8.170745,Baker Mayfield,2018,3,8.034717,0.13602839385986343
76.5,-2.0,0,467.0,5,27,45,0.0,0,0.0,22.0,0.0,44.0,9,WR,1.600141,Dante Pettis,2018,6,1.9573686,-0.3572276122894287
23.54,0.0,0,109.0,2,11,24,16.0,0,0.0,23.0,1.0,44.0,9,WR,1.600141,Dante Pettis,2019,6,2.0666404,-0.4664993770446777
13.6,0.0,0,76.0,1,4,6,0.0,0,0.0,24.0,2.0,44.0,3,WR,1.600141,Dante Pettis,2020,6,1.7231306,-0.12298958376312252
125.3,845.0,4,128.0,1,21,33,0.0,0,0.0,26.0,3.0,31.0,17,RB,2.406674,Sony Michel,2021,4,3.7981322,-1.3914581811676023
68.30000000000001,449.0,1,114.0,1,7,9,0.0,0,0.0,25.0,2.0,31.0,8,RB,2.406674,Sony Michel,2020,4,2.488018,-0.08134403588867167
140.6,912.0,7,94.0,0,12,20,0.0,0,0.0,24.0,1.0,31.0,16,RB,2.406674,Sony Michel,2019,4,2.628825,-0.22215094926452617
132.10000000000002,931.0,6,50.0,0,7,11,0.0,0,0.0,23.0,0.0,31.0,13,RB,2.406674,Sony Michel,2018,4,2.3967896,0.009884449218750202
227.0,1312.0,10,338.0,0,57,76,0.0,0,0.0,25.0,4.0,2.0,16,RB,7.798688,Saquon Barkley,2022,4,8.777612,-0.9789237324829099
86.32,106.0,2,0.0,0,0,0,1143.0,7,3.0,25.0,4.0,3.0,6,QB,7.561924,Sam Darnold,2022,3,11.432528,-3.8706035421142575
157.28,222.0,5,0.0,0,0,0,2527.0,9,13.0,24.0,3.0,3.0,12,QB,7.561924,Sam Darnold,2021,3,7.0800924,0.4818315698852542
134.02,217.0,2,0.0,0,0,0,2208.0,9,11.0,23.0,2.0,3.0,12,QB,7.561924,Sam Darnold,2020,3,7.2128716,0.34905244848632844
189.16,62.0,2,0.0,0,0,0,3024.0,19,13.0,22.0,1.0,3.0,13,QB,7.561924,Sam Darnold,2019,3,8.915312,-1.3533878133544919
168.1,135.0,1,0.0,0,0,0,2865.0,17,15.0,21.0,0.0,3.0,13,QB,7.561924,Sam Darnold,2018,3,6.8329186,0.7290053560485843
27.6,250.0,0,26.0,0,11,19,0.0,0,0.0,26.0,3.0,230.0,9,RB,0.655,Marcus Murphy,2018,4,0.80037224,-0.14537224292755124
18.3,0.0,0,123.0,1,10,19,0.0,0,0.0,35.0,13.0,6.0,4,TE,5.0,Vernon Davis,2019,5,4.063219,0.9367809295654297
50.7,0.0,0,367.0,2,25,36,0.0,0,0.0,34.0,12.0,6.0,13,TE,5.0,Vernon Davis,2018,5,5.8233824,-0.8233823776245117
218.6,0.0,0,1386.0,13,111,169,0.0,0,0.0,25.0,4.0,53.0,15,WR,14.5,Davante Adams,2018,6,14.32978,0.17022037506103516
129.70000000000002,0.0,0,997.0,5,83,127,0.0,0,0.0,26.0,5.0,53.0,12,WR,14.5,Davante Adams,2019,6,15.627148,-1.1271476745605469
243.40000000000003,0.0,0,1374.0,18,115,149,0.0,0,0.0,27.0,6.0,53.0,14,WR,14.5,Davante Adams,2020,6,15.344734,-0.8447341918945312
221.3,0.0,0,1553.0,11,123,169,0.0,0,0.0,28.0,7.0,53.0,16,WR,14.5,Davante Adams,2021,6,15.206781,-0.7067813873291016
138.6,656.0,2,410.0,4,59,70,0.0,0,0.0,27.0,5.0,103.0,14,RB,8.25,Devonta Freeman,2019,4,7.847957,0.40204286575317383
215.76,47.0,1,-9.0,0,1,1,4049.0,19,10.0,27.0,4.0,36.0,16,QB,25.005,Derek Carr,2018,3,24.904295,0.10070503234863182
246.36,82.0,2,0.0,0,0,0,4054.0,21,8.0,28.0,5.0,36.0,16,QB,25.005,Derek Carr,2019,3,24.694914,0.3100861358642568
272.12,140.0,3,0.0,0,0,0,4103.0,27,9.0,29.0,6.0,36.0,16,QB,25.005,Derek Carr,2020,3,32.491287,-7.4862872314453135
55.900000000000006,18.0,0,421.0,2,30,56,0.0,0,0.0,34.0,12.0,9.0,15,WR,3.666667,Ted Ginn,2019,6,4.510997,-0.8443298185424806
256.96000000000004,108.0,0,0.0,0,0,0,4804.0,23,14.0,30.0,7.0,36.0,17,QB,25.005,Derek Carr,2021,3,24.494926,0.5100735473632803
35.5,26.0,0,209.0,2,17,30,0.0,0,0.0,33.0,11.0,9.0,5,WR,3.666667,Ted Ginn,2018,6,4.846499,-1.1798319662170411
9.1,68.0,0,23.0,0,5,7,0.0,0,0.0,26.0,4.0,103.0,2,RB,8.25,Devonta Freeman,2018,4,3.5263467,4.723653316497803
116.68,0.0,0,734.0,6,69,112,32.0,1,0.0,35.0,14.0,3.0,16,WR,11.0,Larry Fitzgerald,2018,6,10.722366,0.2776336669921875
4.5,0.0,0,45.0,0,3,7,0.0,0,0.0,24.0,2.0,217.0,6,TE,0.571667,Rico Gathers,2018,5,0.6693453,-0.09767831927108761
79.2,0.0,0,572.0,4,39,53,0.0,0,0.0,23.0,2.0,172.0,13,WR,0.585,Rashard Higgins,2018,6,0.46639335,0.11860664844512936
4.68,-2.0,0,0.0,0,0,0,22.0,1,0.0,24.0,2.0,187.0,2,QB,0.585,Nate Sudfeld,2018,3,1.0372674,-0.45226744651794437
97.42,0.0,0,553.0,6,37,64,3.0,1,0.0,26.0,5.0,144.0,15,WR,8.0,Kenny Stills,2018,6,7.295573,0.7044267654418945
80.10000000000001,0.0,0,561.0,4,40,55,0.0,0,0.0,27.0,6.0,144.0,13,WR,8.0,Kenny Stills,2019,6,6.2383065,1.7616934776306152
23.0,0.0,0,170.0,1,19,25,0.0,0,0.0,30.0,7.0,47.0,13,TE,2.0,Lance Kendricks,2018,5,3.609702,-1.6097021102905273
28.5,0.0,0,165.0,2,15,21,0.0,0,0.0,30.0,7.0,104.0,12,TE,0.9875,Luke Stocker,2018,5,3.6337926,-2.6462926387786867
33.0,0.0,0,190.0,2,17,31,0.0,0,0.0,29.0,7.0,58.0,8,WR,5.0,Torrey Smith,2018,6,4.388279,0.6117210388183594
30.5,0.0,0,305.0,0,24,43,0.0,0,0.0,28.0,5.0,201.0,13,TE,3.0,Ryan Griffin,2018,5,3.8050902,-0.8050901889801025
50.6,178.0,0,268.0,1,41,55,0.0,0,0.0,27.0,5.0,154.0,10,RB,3.5,Chris Thompson,2018,4,3.7436795,-0.24367952346801758
51.6,138.0,0,378.0,0,42,58,0.0,0,0.0,28.0,6.0,154.0,11,RB,3.5,Chris Thompson,2019,4,3.7248547,-0.2248547077178955
0.9,0.0,0,9.0,0,2,4,0.0,0,0.0,27.0,5.0,106.0,2,TE,6.0,Dion Sims,2018,5,2.2509625,3.749037504196167
179.6,157.0,1,1219.0,6,86,130,0.0,0,0.0,26.0,5.0,41.0,16,WR,6.8,Robert Woods,2018,6,10.6546545,-3.8546545028686525
142.9,115.0,1,1134.0,2,90,139,0.0,0,0.0,27.0,6.0,41.0,15,WR,6.8,Robert Woods,2019,6,14.139383,-7.339383316040039
7.4,0.0,0,94.0,0,9,12,0.0,0,0.0,30.0,8.0,21.0,8,TE,7.0,Jermaine Gresham,2018,5,3.9960673,3.0039327144622803
219.7,0.0,0,1297.0,15,104,168,0.0,0,0.0,30.0,8.0,195.0,15,WR,17.0,Antonio Brown,2018,6,17.11836,-0.11836051940917969
120.3,0.0,0,843.0,6,65,92,0.0,0,0.0,28.0,6.0,45.0,13,WR,13.0,Alshon Jeffery,2018,6,14.109709,-1.1097087860107422
79.2,2.0,1,490.0,4,43,73,0.0,0,0.0,29.0,7.0,45.0,9,WR,13.0,Alshon Jeffery,2019,6,13.099638,-0.09963798522949219
17.5,0.0,0,115.0,1,6,13,0.0,0,0.0,30.0,8.0,45.0,7,WR,13.0,Alshon Jeffery,2020,6,6.2562904,6.743709564208984
22.700000000000003,0.0,0,167.0,1,18,28,0.0,0,0.0,30.0,7.0,128.0,10,TE,4.5,Rhett Ellison,2019,5,3.5679712,0.9320287704467773
45.0,106.0,1,304.0,0,38,45,0.0,0,0.0,28.0,7.0,145.0,13,RB,1.65,Jacquizz Rodgers,2018,4,4.1746697,-2.5246697425842286
35.2,0.0,0,272.0,1,25,34,0.0,0,0.0,29.0,6.0,128.0,13,TE,4.5,Rhett Ellison,2018,5,4.242656,0.25734376907348633
-0.7,10.0,0,3.0,0,1,2,0.0,0,0.0,28.0,6.0,106.0,2,RB,1.35,Robert Turbin,2018,4,1.1873312,0.162668800354004
41.42,125.0,1,0.0,0,0,0,473.0,2,2.0,29.0,7.0,180.0,4,QB,15.25,Tyrod Taylor,2018,3,10.417414,4.832586288452148
34.6,0.0,0,286.0,1,24,46,0.0,0,0.0,32.0,10.0,205.0,8,WR,9.5,Pierre Garcon,2018,6,7.0506463,2.4493536949157715
110.3,29.0,1,774.0,4,41,74,0.0,0,0.0,31.0,10.0,49.0,12,WR,11.166667,DeSean Jackson,2018,6,8.517112,2.649555221740723
189.6,425.0,5,751.0,7,87,123,0.0,0,0.0,26.0,4.0,130.0,16,RB,4.0,James White,2018,4,5.427587,-1.4275870323181152
130.2,263.0,1,645.0,5,72,95,35.0,0,0.0,27.0,5.0,130.0,15,RB,4.0,James White,2019,4,5.077266,-1.0772662162780762
67.6,121.0,2,375.0,1,49,62,0.0,0,0.0,28.0,6.0,130.0,14,RB,4.0,James White,2020,4,3.9875596,0.01244044303894043
133.42000000000002,107.0,0,850.0,6,74,108,43.0,0,0.0,32.0,9.0,232.0,12,WR,5.5,Julian Edelman,2018,6,5.9290624,-0.4290623664855957
77.5,228.0,1,247.0,3,21,28,0.0,0,0.0,27.0,5.0,29.0,15,WR,4.25,Cordarrelle Patterson,2018,6,3.783485,0.46651506423950195
125.6,0.0,0,896.0,6,68,101,0.0,0,0.0,31.0,9.0,89.0,16,TE,5.3,Jared Cook,2018,5,7.6041756,-2.3041755676269533
1.8000000000000005,0.0,0,18.0,0,2,3,0.0,0,0.0,28.0,5.0,74.0,2,WR,4.25,Terrance Williams,2018,6,2.0016735,2.248326539993286
218.5,-7.0,0,1572.0,11,115,163,0.0,0,0.0,26.0,5.0,27.0,16,WR,16.2,DeAndre Hopkins,2018,6,15.595008,0.6049921035766594
164.54000000000002,18.0,0,1165.0,7,104,150,6.0,1,1.0,27.0,6.0,27.0,15,WR,16.2,DeAndre Hopkins,2019,6,14.42208,1.777919960021972
5.4,0.0,0,54.0,0,5,8,0.0,0,0.0,22.0,1.0,239.0,5,WR,0.617988,Noah Brown,2018,6,0.62387323,-0.005885233795166034
15.8,4.0,0,154.0,0,14,24,0.0,0,0.0,24.0,3.0,239.0,9,WR,0.617988,Noah Brown,2020,6,0.7257534,-0.10776542655181887
181.4,1151.0,9,163.0,0,20,24,0.0,0,0.0,23.0,1.0,249.0,14,RB,0.616285,Chris Carson,2018,4,0.84237856,-0.22609355672836307
195.6,1230.0,7,266.0,2,37,47,0.0,0,0.0,24.0,2.0,249.0,15,RB,0.616285,Chris Carson,2019,4,0.9321273,-0.3158422969245911
150.8,681.0,5,287.0,4,37,46,0.0,0,0.0,25.0,3.0,249.0,12,RB,0.616285,Chris Carson,2020,4,1.5660826,-0.9497975967788697
-0.1,-1.0,0,0.0,0,0,0,0.0,0,0.0,24.0,1.0,253.0,1,QB,0.616071,Chad Kelly,2018,3,0.5048648,0.1112061881027222
33.400000000000006,21.0,0,253.0,1,36,44,0.0,0,0.0,23.0,1.0,133.0,16,WR,0.742246,Ryan Switzer,2018,6,0.87753266,-0.13528666096115116
2.7,0.0,0,27.0,0,8,11,0.0,0,0.0,24.0,2.0,133.0,3,WR,0.742246,Ryan Switzer,2019,6,0.87047684,-0.12823084192657475
8.500000000000002,0.0,0,85.0,0,8,13,0.0,0,0.0,23.0,1.0,145.0,3,TE,0.675237,Jake Butt,2018,5,0.8771541,-0.20191711186218264
0.5,0.0,0,5.0,0,2,4,0.0,0,0.0,25.0,3.0,145.0,3,TE,0.675237,Jake Butt,2020,5,0.6114859,0.06375110150527952
4.800000000000001,0.0,0,48.0,0,1,3,0.0,0,0.0,23.0,1.0,166.0,2,WR,0.664312,Shelton Gibson,2018,6,0.5859414,0.07837062569808961
4.800000000000001,0.0,0,48.0,0,5,9,0.0,0,0.0,24.0,1.0,174.0,5,TE,0.65685,Eric Saubert,2018,5,0.6899606,-0.03311059894561763
75.0,5.0,0,445.0,5,26,53,0.0,0,0.0,23.0,1.0,226.0,14,WR,0.621845,David Moore,2018,6,0.60762584,0.014219157905578594
28.0,0.0,0,100.0,3,9,20,0.0,0,0.0,24.0,1.0,127.0,7,TE,0.749811,Michael Roberts,2018,5,0.9598366,-0.21002560221099853
63.9,9.0,0,210.0,7,21,58,0.0,0,0.0,22.0,1.0,9.0,13,WR,4.278966,John Ross,2018,6,3.8687205,0.41024546853637656
67.0,4.0,0,506.0,3,28,56,0.0,0,0.0,23.0,2.0,9.0,8,WR,4.278966,John Ross,2019,6,5.194889,-0.915923068603516
1.7000000000000002,0.0,0,17.0,0,2,7,0.0,0,0.0,24.0,3.0,9.0,2,WR,4.278966,John Ross,2020,6,3.4179885,0.8609774612579342
84.9,213.0,0,456.0,3,79,104,0.0,0,0.0,24.0,2.0,119.0,16,RB,0.758289,Tarik Cohen,2019,4,0.22006851,0.5382204856529236
105.7,1.0,0,756.0,5,48,85,0.0,0,0.0,25.0,3.0,7.0,14,WR,4.937514,Mike Williams,2020,6,5.4174037,-0.4798896979675291
170.60000000000002,0.0,0,1146.0,9,76,129,0.0,0,0.0,26.0,4.0,7.0,16,WR,4.937514,Mike Williams,2021,6,8.021724,-3.084209747253418
331.7,551.0,5,0.0,0,0,0,4165.0,26,9.0,22.0,1.0,12.0,16,QB,3.463621,Deshaun Watson,2018,3,3.8260114,-0.3623904192962648
319.98,413.0,7,6.0,1,1,1,3852.0,26,12.0,23.0,2.0,12.0,15,QB,3.463621,Deshaun Watson,2019,3,3.6582663,-0.19464530592346208
225.0,973.0,12,497.0,1,55,71,0.0,0,0.0,23.0,1.0,105.0,13,RB,0.793822,James Conner,2018,4,1.0793802,-0.28555815460968015
111.5,464.0,4,251.0,3,34,38,0.0,0,0.0,24.0,2.0,105.0,10,RB,0.793822,James Conner,2019,4,1.5171938,-0.7233717942504883
129.6,721.0,6,215.0,0,35,43,0.0,0,0.0,25.0,3.0,105.0,13,RB,0.793822,James Conner,2020,4,1.7628543,-0.9690323376922607
12.5,0.0,0,125.0,0,10,23,0.0,0,0.0,25.0,2.0,118.0,8,WR,0.758917,Mack Hollins,2019,6,0.8193111,-0.06039408236312871
21.6,0.0,0,176.0,1,16,25,0.0,0,0.0,26.0,3.0,118.0,9,WR,0.758917,Mack Hollins,2020,6,0.94621384,-0.1872968414382935
162.94,444.0,3,725.0,5,71,91,1.0,1,0.0,23.0,1.0,119.0,16,RB,0.758289,Tarik Cohen,2018,4,1.1213776,-0.3630885873184204
0.0999999999999999,0.0,0,-7.0,0,1,1,20.0,0,0.0,37.0,14.0,90.0,2,QB,4.0,Matt Schaub,2018,3,4.0398026,-0.03980255126953125
112.3,2.0,0,1001.0,2,49,90,0.0,0,0.0,24.0,2.0,7.0,15,WR,4.937514,Mike Williams,2019,6,5.6000943,-0.6625803183898924
3.7000000000000006,32.0,0,5.0,0,3,4,0.0,0,0.0,22.0,1.0,114.0,4,RB,0.764947,Samaje Perine,2018,4,0.7146009,0.050346079322814985
10.1,0.0,0,41.0,1,5,9,0.0,0,0.0,24.0,1.0,154.0,5,TE,0.669129,Jeremy Sprinkle,2018,5,0.78500974,-0.11588074178314212
30.1,0.0,0,241.0,1,26,40,0.0,0,0.0,25.0,2.0,154.0,15,TE,0.669129,Jeremy Sprinkle,2019,5,0.7126557,-0.04352672309494021
0.6000000000000001,0.0,0,6.0,0,1,3,0.0,0,0.0,26.0,3.0,154.0,3,TE,0.669129,Jeremy Sprinkle,2020,5,0.5605425,0.10858647613906858
137.2,28.0,1,664.0,10,43,66,0.0,0,0.0,23.0,1.0,7.0,16,WR,4.937514,Mike Williams,2018,6,5.115726,-0.17821199411010724
0.0,0.0,0,0.0,0,0,1,0.0,0,0.0,24.0,2.0,72.0,1,WR,0.920253,Taywan Taylor,2019,6,0.73753303,0.18271996710586547
126.2,0.0,0,842.0,7,59,95,0.0,0,0.0,22.0,1.0,84.0,16,WR,0.821041,Chris Godwin,2018,6,0.8919996,-0.07095860231781004
190.1,8.0,0,1333.0,9,86,121,0.0,0,0.0,23.0,2.0,84.0,14,WR,0.821041,Chris Godwin,2019,6,1.3138685,-0.49282752264404295
126.0,0.0,0,840.0,7,65,84,0.0,0,0.0,24.0,3.0,84.0,12,WR,0.821041,Chris Godwin,2020,6,1.9505495,-1.1295084832992552
204.2,824.0,7,378.0,7,26,35,0.0,0,0.0,23.0,1.0,86.0,11,RB,0.821431,Kareem Hunt,2018,4,1.5893646,-0.7679336478652954
8.7,-1.0,0,28.0,1,2,2,0.0,0,0.0,22.0,1.0,89.0,1,RB,0.814996,D'Onta Foreman,2018,4,0.82609904,-0.011103038124084419
137.1,8.0,0,1063.0,5,70,119,0.0,0,0.0,24.0,1.0,96.0,15,WR,0.799081,Kenny Golladay,2018,6,1.2633663,-0.4642853415908813
183.0,0.0,0,1190.0,11,65,116,0.0,0,0.0,25.0,2.0,96.0,16,WR,0.799081,Kenny Golladay,2019,6,1.5180117,-0.7189306891860962
45.8,0.0,0,338.0,2,20,32,0.0,0,0.0,26.0,3.0,96.0,5,WR,0.799081,Kenny Golladay,2020,6,3.7083416,-2.909260598510742
24.0,9.0,0,171.0,1,17,46,0.0,0,0.0,23.0,1.0,98.0,10,WR,0.794072,Chad Williams,2018,6,1.130225,-0.33615294316101074
74.98,69.0,1,0.0,0,0,0,1252.0,8,7.0,24.0,1.0,104.0,5,QB,0.882162,C.J. Beathard,2018,3,0.9174293,-0.03526732796478271
50.6,0.0,0,466.0,1,37,56,0.0,0,0.0,23.0,1.0,72.0,13,WR,0.920253,Taywan Taylor,2018,6,1.0245245,-0.10427145030212404
53.6,16.0,0,320.0,3,33,50,0.0,0,0.0,24.0,1.0,44.0,15,TE,1.511112,Gerald Everett,2018,5,1.8556907,-0.34457871769714354
52.8,0.0,0,408.0,2,37,60,0.0,0,0.0,25.0,2.0,44.0,12,TE,1.511112,Gerald Everett,2019,5,2.0462027,-0.5350906596069336
51.900000000000006,2.0,1,417.0,1,41,62,0.0,0,0.0,26.0,3.0,44.0,15,TE,1.511112,Gerald Everett,2020,5,2.6213448,-1.110232804763794
12.8,0.0,0,48.0,1,5,6,0.0,0,0.0,23.0,1.0,45.0,4,TE,1.477629,Adam Shaheen,2018,5,1.8823246,-0.40469557637786857
9.4,0.0,0,74.0,0,9,13,0.0,0,0.0,24.0,2.0,45.0,7,TE,1.477629,Adam Shaheen,2019,5,1.9307706,-0.4531416356048583
200.4,1168.0,8,296.0,1,43,55,0.0,0,0.0,22.0,1.0,48.0,14,RB,1.362541,Joe Mixon,2018,4,2.2656143,-0.9030732711639404
190.4,1137.0,5,287.0,3,35,45,0.0,0,0.0,23.0,2.0,48.0,16,RB,1.362541,Joe Mixon,2019,4,1.777011,-0.41447003687286377
5.380000000000001,39.0,0,0.0,0,0,0,187.0,0,2.0,22.0,1.0,52.0,3,QB,1.237103,DeShone Kizer,2018,3,1.0120724,0.2250305560379029
273.2,883.0,14,709.0,4,81,105,0.0,0,0.0,23.0,1.0,67.0,15,RB,0.964443,Alvin Kamara,2018,4,2.3147905,-1.3503474872894285
167.52,797.0,5,533.0,1,81,97,13.0,0,0.0,24.0,2.0,67.0,14,RB,0.964443,Alvin Kamara,2019,4,1.3730685,-0.40862545188140864
95.1,25.0,0,566.0,6,40,55,0.0,0,0.0,25.0,1.0,69.0,8,WR,0.958023,Cooper Kupp,2018,6,2.2189393,-1.2609163043518068
176.5,4.0,0,1161.0,10,94,134,0.0,0,0.0,26.0,2.0,69.0,16,WR,0.958023,Cooper Kupp,2019,6,2.0594478,-1.101424765350342
52.28,28.0,0,0.0,0,0,0,787.0,6,0.0,26.0,3.0,104.0,6,QB,0.882162,C.J. Beathard,2020,3,1.1017337,-0.21957168453979492
0.0,0.0,0,0.0,0,0,1,0.0,0,0.0,24.0,1.0,219.0,1,WR,0.624173,Stacy Coley,2018,6,0.52841747,0.09575553192901609
0.82,11.0,0,0.0,0,0,0,43.0,0,1.0,23.0,1.0,135.0,5,QB,0.739781,Joshua Dobbs,2018,3,0.86222327,-0.1224422675552368
71.0,8.0,0,402.0,5,29,53,0.0,0,0.0,23.0,1.0,117.0,11,WR,0.762006,Josh Reynolds,2018,6,0.4247512,0.3372548076686859
40.9,23.0,0,326.0,1,21,43,0.0,0,0.0,24.0,2.0,117.0,16,WR,0.762006,Josh Reynolds,2019,6,0.9134112,-0.15140520004653935
74.3,5.0,0,618.0,2,52,81,0.0,0,0.0,25.0,3.0,117.0,16,WR,0.762006,Josh Reynolds,2020,6,2.3923783,-1.630372330230713
87.4,464.0,3,210.0,0,27,41,0.0,0,0.0,23.0,1.0,134.0,16,RB,0.741498,Jamaal Williams,2018,4,0.63004154,0.11145646033096313
107.3,460.0,1,253.0,5,39,45,0.0,0,0.0,24.0,2.0,134.0,14,RB,0.741498,Jamaal Williams,2019,4,0.65582114,0.08567685541915893
96.1,505.0,2,236.0,1,31,35,0.0,0,0.0,25.0,3.0,134.0,14,RB,0.741498,Jamaal Williams,2020,4,1.0794173,-0.33791934790802003
2.08,20.0,0,0.0,0,0,0,2.0,0,0.0,25.0,3.0,135.0,1,QB,0.739781,Joshua Dobbs,2020,3,1.4111042,-0.6713232022705078
30.5,176.0,1,89.0,0,14,22,0.0,0,0.0,23.0,1.0,140.0,13,RB,0.704912,Wayne Gallman,2018,4,0.6861495,0.018762522041320784
37.2,110.0,2,102.0,1,11,15,0.0,0,0.0,24.0,2.0,140.0,9,RB,0.704912,Wayne Gallman,2019,4,0.6135188,0.09139322549057005
115.6,682.0,6,114.0,0,21,27,0.0,0,0.0,25.0,3.0,140.0,14,RB,0.704912,Wayne Gallman,2020,4,1.6238798,-0.9189677903060913
161.1,908.0,9,103.0,1,17,26,0.0,0,0.0,22.0,1.0,143.0,12,RB,0.633587,Marlon Mack,2018,4,0.98141766,-0.3478306559448242
167.3,1091.0,8,82.0,0,14,17,0.0,0,0.0,23.0,2.0,143.0,14,RB,0.633587,Marlon Mack,2019,4,0.62906307,0.0045239301795959586
5.6000000000000005,26.0,0,30.0,0,3,3,0.0,0,0.0,24.0,3.0,143.0,1,RB,0.633587,Marlon Mack,2020,4,0.66622424,-0.032637241256713856
17.400000000000002,0.0,0,114.0,1,14,25,0.0,0,0.0,23.0,1.0,150.0,13,TE,0.670513,Jordan Leggett,2018,5,0.8049689,-0.1344558935279846
98.4,439.0,5,185.0,1,22,26,0.0,0,0.0,23.0,1.0,4.0,8,RB,6.786894,Leonard Fournette,2018,4,6.9180956,-0.13120158868408183
0.4,0.0,0,4.0,0,1,1,0.0,0,0.0,26.0,3.0,110.0,1,WR,0.769041,Dede Westbrook,2020,6,0.33779854,0.43124246417617795
90.7,27.0,0,660.0,3,66,101,0.0,0,0.0,25.0,2.0,110.0,15,WR,0.769041,Dede Westbrook,2019,6,0.7413218,0.027719197860717748
115.5,98.0,0,717.0,5,66,101,0.0,0,0.0,24.0,1.0,110.0,16,WR,0.769041,Dede Westbrook,2018,6,0.93658084,-0.16753983677291873
3.9,2.0,0,37.0,0,7,7,0.0,0,0.0,23.0,1.0,179.0,4,RB,0.650487,T.J. Logan,2018,4,0.75062674,-0.1001397428398132
2.3000000000000003,10.0,0,13.0,0,2,3,0.0,0,0.0,24.0,2.0,179.0,5,RB,0.650487,T.J. Logan,2019,4,0.64819294,0.002294057857513465
183.4,1152.0,3,522.0,0,76,100,0.0,0,0.0,24.0,2.0,4.0,15,RB,6.786894,Leonard Fournette,2019,4,5.9782085,0.808685458129883
86.5,0.0,0,565.0,5,34,48,0.0,0,0.0,23.0,1.0,19.0,10,TE,2.773714,O.J. Howard,2018,5,3.4430091,-0.6692951381072998
49.900000000000006,0.0,0,459.0,1,34,53,0.0,0,0.0,24.0,2.0,19.0,12,TE,2.773714,O.J. Howard,2019,5,2.3977664,0.3759476483001709
26.6,0.0,0,146.0,2,11,19,0.0,0,0.0,25.0,3.0,19.0,4,TE,2.773714,O.J. Howard,2020,5,2.1455953,0.6281186878814697
19.5,0.0,0,135.0,1,14,21,0.0,0,0.0,26.0,4.0,19.0,9,TE,2.773714,O.J. Howard,2021,5,2.689033,0.08468096853637697
81.30000000000001,36.0,0,577.0,3,45,64,0.0,0,0.0,23.0,1.0,23.0,11,TE,2.679637,Evan Engram,2018,5,2.3362565,0.34338049594116216
65.4,7.0,0,467.0,3,44,68,0.0,0,0.0,24.0,2.0,23.0,8,TE,2.679637,Evan Engram,2019,5,2.4558256,0.22381143275451665
78.0,26.0,1,654.0,1,63,109,0.0,0,0.0,25.0,3.0,23.0,16,TE,2.679637,Evan Engram,2020,5,2.3414106,0.3382263630981446
56.5,-3.0,0,408.0,3,46,73,0.0,0,0.0,26.0,4.0,23.0,15,TE,2.679637,Evan Engram,2021,5,4.2732444,-1.5936073809509277
87.9,0.0,0,639.0,4,56,88,0.0,0,0.0,22.0,1.0,29.0,15,TE,2.381336,David Njoku,2018,5,2.3035789,0.07775714639282238
10.1,0.0,0,41.0,1,5,10,0.0,0,0.0,23.0,2.0,29.0,3,TE,2.381336,David Njoku,2019,5,2.1598818,0.22145416978454602
33.3,0.0,0,213.0,2,19,29,0.0,0,0.0,24.0,3.0,29.0,11,TE,2.381336,David Njoku,2020,5,2.2185419,0.16279413941955578
71.60000000000001,1.0,0,475.0,4,36,53,0.0,0,0.0,25.0,4.0,29.0,15,TE,2.381336,David Njoku,2021,5,4.6014423,-2.2201063370361327
109.2,0.0,0,652.0,7,56,102,0.0,0,0.0,23.0,1.0,37.0,16,WR,1.69495,Zay Jones,2018,6,1.7993777,-0.10442767982482914
21.9,3.0,0,216.0,0,27,45,0.0,0,0.0,24.0,2.0,37.0,14,WR,1.69495,Zay Jones,2019,6,1.628205,0.0667450582504272
22.56,0.0,0,154.0,1,14,20,29.0,0,0.0,25.0,3.0,37.0,11,WR,1.69495,Zay Jones,2020,6,1.8247051,-0.12975512390136723
112.0,615.0,2,305.0,2,40,49,0.0,0,0.0,23.0,1.0,41.0,11,RB,1.588328,Dalvin Cook,2018,4,2.357553,-0.7692250052185059
239.4,1135.0,13,519.0,0,53,63,0.0,0,0.0,24.0,2.0,41.0,14,RB,1.588328,Dalvin Cook,2019,4,1.904974,-0.3166459837646485
287.04,218.0,2,0.0,0,0,0,4031.0,26,5.0,23.0,2.0,10.0,14,QB,4.106491,Patrick Mahomes,2019,3,6.2497,-2.14320906942749
185.9,13.0,0,1426.0,7,111,166,0.0,0,0.0,21.0,1.0,62.0,16,WR,1.048945,JuJu Smith-Schuster,2018,6,3.3838184,-2.3348733879852297
71.2,0.0,0,552.0,3,42,70,0.0,0,0.0,22.0,2.0,62.0,12,WR,1.048945,JuJu Smith-Schuster,2019,6,1.4266211,-0.37767607944488524
137.1,0.0,0,831.0,9,97,128,0.0,0,0.0,23.0,3.0,62.0,16,WR,1.048945,JuJu Smith-Schuster,2020,6,2.553407,-1.5044619538116455
43.8,0.0,0,258.0,3,20,30,0.0,0,0.0,23.0,1.0,100.0,11,TE,0.793978,Jonnu Smith,2018,5,1.0418842,-0.24790618388366703
69.7,78.0,0,439.0,3,35,44,0.0,0,0.0,24.0,2.0,100.0,15,TE,0.793978,Jonnu Smith,2019,5,0.92095435,-0.12697634665679935
99.2,4.0,1,448.0,8,41,65,0.0,0,0.0,25.0,3.0,100.0,14,TE,0.793978,Jonnu Smith,2020,5,1.9659392,-1.171961164161682
1.2000000000000002,0.0,0,12.0,0,1,5,0.0,0,0.0,22.0,1.0,128.0,3,WR,0.748382,Josh Malone,2018,6,0.6681754,0.08020660069656371
417.08,272.0,2,0.0,0,0,0,5097.0,50,12.0,22.0,1.0,10.0,16,QB,4.106491,Patrick Mahomes,2018,3,4.82675,-0.7202588016357421
263.02,421.0,3,0.0,0,0,0,3223.0,24,12.0,24.0,1.0,2.0,14,QB,7.258109,Mitchell Trubisky,2018,3,7.7590976,-0.5009885761413573
202.82,193.0,2,0.0,0,0,0,3138.0,17,10.0,25.0,2.0,2.0,15,QB,7.258109,Mitchell Trubisky,2019,3,7.480191,-0.22208223077392564
153.70000000000002,195.0,1,0.0,0,0,0,2055.0,16,8.0,26.0,3.0,2.0,10,QB,7.258109,Mitchell Trubisky,2020,3,9.565649,-2.3075400325927733
118.6,55.0,0,891.0,4,65,112,0.0,0,0.0,23.0,1.0,5.0,16,WR,6.348688,Corey Davis,2018,6,6.2980103,0.05067765072631847
72.10000000000001,0.0,0,601.0,2,43,69,0.0,0,0.0,24.0,2.0,5.0,15,WR,6.348688,Corey Davis,2019,6,6.647649,-0.2989608113403319
126.4,0.0,0,984.0,5,65,92,0.0,0,0.0,25.0,3.0,5.0,14,WR,6.348688,Corey Davis,2020,6,6.646455,-0.2977668110961913
278.5,1098.0,7,867.0,6,107,124,50.0,1,0.0,22.0,1.0,8.0,16,RB,4.310326,Christian McCaffrey,2018,4,4.3690786,-0.058752636169433714
355.2,1387.0,15,1005.0,4,116,142,0.0,0,0.0,23.0,2.0,8.0,16,RB,4.310326,Christian McCaffrey,2019,4,4.7409863,-0.43066034719848645
66.9,276.0,3,193.0,1,19,31,0.0,0,0.0,24.0,1.0,188.0,8,RB,0.642129,Elijah McGuire,2018,4,0.6453822,-0.003253225513458302
137.5,22.0,0,1053.0,5,85,107,0.0,0,0.0,25.0,2.0,146.0,14,TE,0.674574,George Kittle,2019,5,3.30555,-2.6309760984191897
145.4,728.0,8,206.0,1,26,35,0.0,0,0.0,23.0,1.0,182.0,12,RB,0.650487,Aaron Jones,2018,4,0.76856154,-0.11807454203414913
8.6,0.0,0,86.0,0,10,21,0.0,0,0.0,26.0,3.0,177.0,7,WR,0.650487,Trent Taylor,2020,6,0.6045422,0.045944804203033485
29.500000000000004,0.0,0,215.0,1,26,40,0.0,0,0.0,24.0,1.0,177.0,13,WR,0.650487,Trent Taylor,2018,6,0.6820041,-0.031517094123840295
265.8,1084.0,16,474.0,3,49,68,0.0,0,0.0,24.0,2.0,182.0,16,RB,0.650487,Aaron Jones,2019,4,1.2447541,-0.5942670760040283
170.7,10.0,0,1377.0,5,88,136,0.0,0,0.0,24.0,1.0,146.0,16,TE,0.674574,George Kittle,2018,5,0.8869898,-0.2124157723197937
99.8,84.0,2,494.0,5,39,65,0.0,0,0.0,22.0,1.0,40.0,12,WR,1.613415,Curtis Samuel,2018,6,2.0913491,-0.4779341249084472
211.9,1104.0,9,355.0,2,47,63,0.0,0,0.0,25.0,3.0,182.0,14,RB,0.650487,Aaron Jones,2020,4,2.0383391,-1.3878521380310058
117.7,130.0,1,627.0,6,54,105,0.0,0,0.0,23.0,2.0,40.0,16,WR,1.613415,Curtis Samuel,2019,6,1.5888724,0.02454256729125981
135.1,200.0,2,851.0,3,77,97,0.0,0,0.0,24.0,3.0,40.0,15,WR,1.613415,Curtis Samuel,2020,6,5.123233,-3.5098178414916994
55.5,171.0,0,384.0,0,61,74,0.0,0,0.0,27.0,5.0,199.0,14,RB,3.85,Theo Riddick,2018,4,4.371359,-0.5213588714599608
252.1,1434.0,6,567.0,3,77,95,0.0,0,0.0,23.0,2.0,4.0,15,RB,6.239085,Ezekiel Elliott,2018,4,6.5693297,-0.33024473861694315
9.8,0.0,0,38.0,1,1,1,0.0,0,0.0,25.0,3.0,214.0,1,LB,0.610089,Elandon Roberts,2019,1,0.85585606,-0.2457670609817505
127.6,0.0,0,916.0,6,88,135,0.0,0,0.0,28.0,6.0,35.0,15,TE,8.5,Zach Ertz,2019,5,9.532542,-1.0325422286987305
41.5,0.0,0,335.0,1,36,72,0.0,0,0.0,29.0,7.0,35.0,11,TE,8.5,Zach Ertz,2020,5,8.090013,0.4099874496459961
106.7,4.0,0,763.0,5,74,112,0.0,0,0.0,30.0,8.0,35.0,17,TE,8.5,Zach Ertz,2021,5,8.610057,-0.11005687713623047
337.78000000000003,277.0,3,0.0,0,0,0,4902.0,30,11.0,26.0,3.0,135.0,16,QB,0.680848,Dak Prescott,2019,3,29.272198,-28.59134972338867
285.90000000000003,305.0,6,0.0,0,0,1,3885.0,22,8.0,25.0,2.0,135.0,16,QB,0.680848,Dak Prescott,2018,3,1.5248032,-0.8439551616210937
0.0,0.0,0,0.0,0,0,1,0.0,0,0.0,33.0,11.0,193.0,1,K,4.025,Mason Crosby,2018,0,2.6698198,1.3551801681518558
137.1,45.0,0,0.0,0,0,0,2465.0,12,6.0,33.0,10.0,18.0,9,QB,22.133333,Joe Flacco,2018,3,22.250385,-0.11705228442382776
84.88,20.0,0,0.0,0,0,0,1822.0,6,5.0,34.0,11.0,18.0,8,QB,22.133333,Joe Flacco,2019,3,20.41383,1.7195031965332035
247.0,151.0,1,1479.0,12,87,137,0.0,0,0.0,24.0,2.0,165.0,16,WR,0.646555,Tyreek Hill,2018,6,1.4105462,-0.7639911835861206
45.2,16.0,0,316.0,2,26,47,0.0,0,0.0,23.0,2.0,140.0,14,WR,0.653721,Tajae Sharpe,2018,6,0.722999,-0.0692779767074585
2.5,0.0,0,25.0,0,2,3,0.0,0,0.0,25.0,2.0,241.0,3,WR,0.602095,Charone Peake,2018,6,0.5770835,0.025011471958160447
157.3,4.0,1,1229.0,5,97,136,0.0,0,0.0,29.0,6.0,63.0,16,TE,9.3684,Travis Kelce,2019,5,10.471838,-1.103437997436524
191.6,0.0,0,1336.0,10,103,150,0.0,0,0.0,28.0,5.0,63.0,16,TE,9.3684,Travis Kelce,2018,5,10.270698,-0.9022975936889654
49.8,183.0,1,275.0,0,38,51,0.0,0,0.0,26.0,2.0,136.0,16,RB,0.613348,Devontae Booker,2018,4,1.1801016,-0.5667536330718994
6.6000000000000005,9.0,0,57.0,0,6,9,0.0,0,0.0,27.0,3.0,136.0,6,RB,0.613348,Devontae Booker,2019,4,0.6847179,-0.07136989360046386
65.8,0.0,0,558.0,2,54,84,0.0,0,0.0,28.0,5.0,85.0,13,TE,9.35,Jordan Reed,2018,5,9.339777,0.010223007202148082
36.2,0.0,0,302.0,1,35,53,0.0,0,0.0,23.0,2.0,23.0,15,WR,2.483745,Laquon Treadwell,2018,6,2.225934,0.2578109713745116
10.4,115.0,0,9.0,0,1,1,0.0,0,0.0,25.0,2.0,143.0,8,RB,0.652299,DeAndre Washington,2018,4,0.38882026,0.2634787392368316
85.9,387.0,3,292.0,0,36,41,0.0,0,0.0,26.0,3.0,143.0,16,RB,0.652299,DeAndre Washington,2019,4,1.8519619,-1.1996628511199952
1.4,14.0,0,0.0,0,0,0,0.0,0,0.0,25.0,2.0,228.0,1,P,0.605002,Riley Dixon,2018,2,0.6125082,-0.007506177757263144
192.66,93.0,0,4.0,0,1,1,3074.0,21,7.0,25.0,2.0,2.0,11,QB,6.669085,Carson Wentz,2018,3,10.104791,-3.4357056875610352
127.22,53.0,1,868.0,4,71,98,28.0,1,0.0,31.0,8.0,82.0,12,WR,11.0,Emmanuel Sanders,2018,6,11.554477,-0.5544767379760742
45.5,2.0,0,273.0,3,38,55,0.0,0,0.0,29.0,6.0,55.0,14,TE,6.5,Vance McDonald,2019,5,5.5752234,0.924776554107666
60.9,211.0,3,218.0,0,35,48,0.0,0,0.0,26.0,5.0,37.0,12,RB,5.166667,Giovani Bernard,2018,4,4.577878,0.5887890016479496
59.0,246.0,2,224.0,0,20,23,0.0,0,0.0,26.0,5.0,194.0,11,RB,1.4,Spencer Ware,2018,4,2.1585486,-0.7585485935211183
83.0,0.0,0,610.0,4,50,72,0.0,0,0.0,28.0,5.0,55.0,15,TE,6.5,Vance McDonald,2018,5,8.442703,-1.9427032470703125
124.3,0.0,0,869.0,5,66,97,35.0,1,0.0,32.0,9.0,82.0,17,WR,11.0,Emmanuel Sanders,2019,6,12.020628,-1.0206279754638672
2.0,0.0,0,0.0,0,0,0,0.0,0,0.0,25.0,2.0,113.0,1,LB,0.72878,Nick Kwiatkoski,2018,1,0.7342898,-0.005509824962615983
52.8,0.0,0,288.0,4,22,33,0.0,0,0.0,23.0,2.0,126.0,14,WR,0.721168,Demarcus Robinson,2018,6,0.6726909,0.04847707201766971
68.9,0.0,0,449.0,4,32,55,0.0,0,0.0,24.0,3.0,126.0,15,WR,0.721168,Demarcus Robinson,2019,6,0.6177937,0.10337432076263431
145.1,3.0,0,1028.0,7,76,108,0.0,0,0.0,23.0,2.0,55.0,14,WR,1.064743,Tyler Boyd,2018,6,0.42037115,0.6443718549900055
56.9,0.0,0,329.0,4,25,35,0.0,0,0.0,24.0,3.0,140.0,13,WR,0.653721,Tajae Sharpe,2019,6,0.51390934,0.13981166009521484
160.0,935.0,9,145.0,0,20,27,0.0,0,0.0,23.0,2.0,150.0,16,RB,0.647006,Jordan Howard,2018,4,0.83403784,-0.18703184036636356
65.2,0.0,0,532.0,2,44,78,0.0,0,0.0,25.0,2.0,22.0,15,WR,2.512411,Josh Doctson,2018,6,2.6477997,-0.13538873030090315
186.36,1059.0,12,99.0,0,15,18,14.0,0,0.0,24.0,2.0,45.0,16,RB,1.351983,Derrick Henry,2018,4,2.205669,-0.8536859262390137
276.6,1540.0,16,206.0,2,18,24,0.0,0,0.0,25.0,3.0,45.0,15,RB,1.351983,Derrick Henry,2019,4,4.9959354,-3.643952440063477
190.5,0.0,0,1405.0,9,125,147,0.0,0,0.0,25.0,2.0,47.0,16,WR,1.279744,Michael Thomas,2018,6,1.3551253,-0.0753813080368042
101.4,525.0,6,69.0,1,10,14,0.0,0,0.0,24.0,3.0,150.0,9,RB,0.647006,Jordan Howard,2019,4,1.2928913,-0.645885263961792
157.5,16.0,0,1199.0,6,104,149,0.0,0,0.0,27.0,6.0,76.0,16,WR,11.25,Keenan Allen,2019,6,14.86628,-3.6162796020507812
163.1,75.0,0,1196.0,6,97,136,0.0,0,0.0,26.0,5.0,76.0,15,WR,11.25,Keenan Allen,2018,6,12.440946,-1.1909456253051758
89.4,364.0,3,230.0,2,28,35,0.0,0,0.0,24.0,2.0,153.0,13,RB,0.646145,Wendell Smallwood,2018,4,0.646183,-3.8013916015655624e-05
14.500000000000002,81.0,0,64.0,0,9,13,0.0,0,0.0,25.0,3.0,153.0,11,RB,0.646145,Wendell Smallwood,2019,4,0.6973909,-0.0512459139633179
51.3,5.0,0,268.0,2,21,34,0.0,0,0.0,25.0,2.0,186.0,10,WR,0.620095,Jakeem Grant,2018,6,0.80117834,-0.1810833361434937
0.1999999999999999,-7.0,0,9.0,0,1,2,0.0,0,0.0,31.0,9.0,7.0,3,WR,1.266667,Darrius Heyward-Bey,2018,6,0.20845659,1.0582104092283249
24.0,0.0,0,160.0,1,13,28,0.0,0,0.0,24.0,2.0,199.0,10,WR,0.616983,Cody Core,2018,6,0.81551087,-0.19852786902618413
2.8000000000000003,0.0,0,28.0,0,3,5,0.0,0,0.0,25.0,3.0,199.0,1,WR,0.616983,Cody Core,2019,6,0.62789106,-0.010908063690185599
164.3,0.0,0,1163.0,8,116,156,0.0,0,0.0,27.0,5.0,35.0,16,TE,8.5,Zach Ertz,2018,5,9.220731,-0.7207307815551758
0.0,0.0,0,0.0,0,0,1,0.0,0,0.0,23.0,2.0,117.0,1,WR,0.723667,Pharoh Cooper,2018,6,0.57002413,0.1536428672714233
116.5,33.0,0,872.0,4,66,107,0.0,0,0.0,25.0,2.0,40.0,16,WR,1.486143,Sterling Shepard,2018,6,1.8313437,-0.3452006508178711
92.0,0.0,0,660.0,4,71,88,0.0,0,0.0,23.0,2.0,81.0,16,TE,1.055175,Austin Hooper,2018,5,1.1988552,-0.14368016166687014
41.2,0.0,0,292.0,2,24,34,0.0,0,0.0,25.0,2.0,110.0,14,TE,0.730215,Tyler Higbee,2018,5,0.8737852,-0.14357019773483282
147.6,973.0,5,163.0,1,25,35,0.0,0,0.0,27.0,6.0,97.0,14,RB,6.5,Lamar Miller,2018,4,7.181116,-0.6811161041259766
116.4,44.0,0,838.0,4,66,94,5.0,1,0.0,29.0,6.0,83.0,16,WR,6.5,Mohamed Sanu,2018,6,10.870058,-4.370058059692383
65.1,11.0,0,520.0,2,59,89,0.0,0,0.0,30.0,7.0,83.0,15,WR,6.5,Mohamed Sanu,2019,6,9.016859,-2.5168590545654297
135.9,0.0,0,879.0,8,53,75,0.0,0,0.0,26.0,4.0,21.0,11,WR,2.541078,Will Fuller,2020,6,6.8355517,-4.294473738739013
85.0,0.0,0,670.0,3,49,71,0.0,0,0.0,25.0,3.0,21.0,11,WR,2.541078,Will Fuller,2019,6,2.7665234,-0.22544536120605452
74.30000000000001,0.0,0,503.0,4,32,45,0.0,0,0.0,24.0,2.0,21.0,7,WR,2.541078,Will Fuller,2018,6,2.3607154,0.18036261074829119
-0.6200000000000001,-7.0,0,0.0,0,0,0,2.0,0,0.0,25.0,2.0,91.0,4,QB,0.852708,Jacoby Brissett,2018,3,0.49683118,0.3558768213348389
28.7,41.0,0,186.0,1,12,24,0.0,0,0.0,28.0,6.0,100.0,12,WR,6.0,Travis Benjamin,2018,6,3.8957596,2.1042404174804688
1.4,0.0,0,14.0,0,2,5,0.0,0,0.0,25.0,3.0,206.0,3,WR,0.614017,Mike Thomas,2019,6,0.5236447,0.09037231425476078
151.8,0.0,0,978.0,9,76,115,0.0,0,0.0,30.0,8.0,166.0,16,WR,8.0,Marvin Jones,2020,6,8.789434,-0.7894344329833984
167.0,785.0,8,345.0,0,50,68,0.0,0,0.0,25.0,3.0,73.0,14,RB,0.845315,Kenyan Drake,2019,4,2.8532321,-2.007917145309448
80.8,0.0,0,508.0,5,35,62,0.0,0,0.0,28.0,6.0,166.0,9,WR,8.0,Marvin Jones,2018,6,7.4347353,0.5652647018432617
153.20000000000002,535.0,4,477.0,5,53,73,0.0,0,0.0,24.0,2.0,73.0,16,RB,0.845315,Kenyan Drake,2018,4,0.873974,-0.028659025249481163
131.9,0.0,0,779.0,9,62,91,0.0,0,0.0,29.0,7.0,166.0,13,WR,8.0,Marvin Jones,2019,6,9.691881,-1.6918811798095703
280.3,35.0,2,6.0,0,1,1,4355.0,29,11.0,41.0,18.0,199.0,16,QB,20.5,Tom Brady,2018,3,20.540926,-0.04092597961425781
27.3,17.0,0,196.0,1,19,25,0.0,0,0.0,25.0,2.0,107.0,15,WR,0.73409,Chris Moore,2018,6,0.9131097,-0.17901971975326536
2.1,0.0,0,21.0,0,3,5,0.0,0,0.0,26.0,3.0,107.0,4,WR,0.73409,Chris Moore,2019,6,0.5403919,0.1936980780029297
3.6,0.0,0,36.0,0,5,6,0.0,0,0.0,25.0,2.0,188.0,5,TE,0.618864,David Morgan,2018,5,0.7138817,-0.09501767142868045
85.12,130.0,2,0.0,0,0,0,1003.0,6,2.0,25.0,2.0,207.0,8,QB,0.613135,Jeff Driskel,2018,3,0.29871142,0.3144235808944702
22.4,73.0,1,111.0,0,8,11,0.0,0,0.0,26.0,3.0,163.0,7,WR,0.641794,Trevor Davis,2019,6,1.0296949,-0.3879009148178101
95.2,0.0,0,652.0,5,55,76,0.0,0,0.0,24.0,3.0,35.0,12,TE,1.595077,Hunter Henry,2019,5,4.6400123,-3.044935264251709
14.000000000000002,0.0,0,140.0,0,12,18,0.0,0,0.0,26.0,3.0,138.0,7,TE,0.613348,Seth DeValve,2019,5,1.3268732,-0.7135251832504272
48.4,333.0,2,51.0,0,6,7,0.0,0,0.0,24.0,2.0,134.0,6,RB,0.680848,Kenneth Dixon,2018,4,0.83287007,-0.15202206616592406
13.4,0.0,0,74.0,1,5,7,0.0,0,0.0,25.0,2.0,138.0,5,TE,0.613348,Seth DeValve,2018,5,0.75128007,-0.13793206935119628
16.6,0.0,0,166.0,0,17,22,0.0,0,0.0,26.0,3.0,94.0,13,TE,0.76422,Nick Vannett,2019,5,1.4614561,-0.6972360604095459
312.32,108.0,2,0.0,0,0,0,4688.0,32,12.0,23.0,2.0,1.0,16,QB,6.984418,Jared Goff,2018,3,6.9085526,0.0758653533630369
1.9,-3.0,0,22.0,0,3,3,0.0,0,0.0,24.0,2.0,90.0,2,RB,0.778116,C.J. Prosise,2018,4,0.7792638,-0.0011477944221496283
38.66,123.0,0,0.0,0,0,0,709.0,2,2.0,25.0,2.0,93.0,5,QB,0.847271,Cody Kessler,2018,3,1.7617431,-0.9144720686950684
18.8,72.0,1,76.0,0,10,12,0.0,0,0.0,25.0,3.0,90.0,8,RB,0.778116,C.J. Prosise,2019,4,0.94749576,-0.16937975853347775
116.70000000000002,0.0,0,787.0,6,75,97,0.0,0,0.0,24.0,3.0,81.0,13,TE,1.055175,Austin Hooper,2019,5,2.294973,-1.2397978965759278
0.0,0.0,0,0.0,0,0,0,0.0,0,0.0,29.0,6.0,70.0,1,P,3.4,Bryan Anger,2018,2,2.394176,1.0058239936828612
326.92,148.0,0,4.0,0,1,2,4593.0,39,15.0,28.0,6.0,1.0,16,QB,24.594,Andrew Luck,2018,3,32.304108,-7.710107666015624
49.3,343.0,0,110.0,1,11,18,0.0,0,0.0,29.0,7.0,126.0,7,RB,3.75,Bilal Powell,2018,4,1.8168983,1.9331016540527344
44.9,0.0,0,269.0,3,29,43,0.0,0,0.0,25.0,2.0,94.0,15,TE,0.76422,Nick Vannett,2018,5,1.0778139,-0.31359386375427245
108.2,0.0,0,762.0,5,56,93,0.0,0,0.0,30.0,8.0,92.0,15,WR,13.0,T.Y. Hilton,2020,6,12.264789,0.7352113723754883
298.42,376.0,0,-11.0,0,1,1,3448.0,35,7.0,29.0,6.0,75.0,16,QB,21.9,Russell Wilson,2018,3,22.479715,-0.5797153472900405
121.5,645.0,6,170.0,1,21,27,0.0,0,0.0,28.0,7.0,28.0,12,RB,4.0,Mark Ingram,2018,4,3.668592,0.3314080238342285
16.400000000000002,0.0,0,184.0,0,21,36,0.0,0,0.0,29.0,7.0,174.0,11,TE,7.6,Charles Clay,2018,5,5.4131,2.1869002342224118
48.3,0.0,0,383.0,2,38,61,0.0,0,0.0,28.0,7.0,64.0,9,WR,10.0,Randall Cobb,2018,6,9.408124,0.5918760299682617
141.96,145.0,0,3.0,1,1,1,1979.0,17,9.0,30.0,6.0,8.0,11,QB,19.25,Ryan Tannehill,2018,3,18.873644,0.3763561248779297
97.7,0.0,0,677.0,5,59,89,0.0,0,0.0,30.0,8.0,22.0,15,WR,14.0,Demaryius Thomas,2018,6,11.753845,2.24615478515625
103.4,0.0,0,694.0,6,46,77,0.0,0,0.0,30.0,7.0,4.0,9,WR,15.0,A.J. Green,2018,6,17.780483,-2.7804832458496094
163.0,0.0,0,1270.0,6,76,120,0.0,0,0.0,28.0,6.0,92.0,14,WR,13.0,T.Y. Hilton,2018,6,14.050822,-1.0508222579956055
80.10000000000001,0.0,0,501.0,5,45,68,0.0,0,0.0,29.0,7.0,92.0,10,WR,13.0,T.Y. Hilton,2019,6,12.95693,0.04306983947753906
16.68,-2.0,0,0.0,0,0,0,572.0,0,1.0,30.0,8.0,1.0,2,QB,20.76,Cam Newton,2019,3,18.32832,2.4316804504394547
54.38,7.0,0,0.0,0,0,0,1042.0,6,5.0,38.0,15.0,1.0,4,QB,21.0,Eli Manning,2019,3,21.224918,-0.22491836547851562
212.9,12.0,0,1677.0,8,113,170,0.0,0,0.0,29.0,7.0,6.0,16,WR,14.25,Julio Jones,2018,6,16.63945,-2.3894500732421875
239.96,20.0,1,0.0,0,0,0,4299.0,21,11.0,37.0,14.0,1.0,16,QB,21.0,Eli Manning,2018,3,22.414307,-1.414306640625
282.6,488.0,4,0.0,0,0,0,3395.0,24,13.0,29.0,7.0,1.0,14,QB,20.76,Cam Newton,2018,3,30.31293,-9.552929153442381
0.0199999999999999,-9.0,0,0.0,0,0,0,23.0,0,0.0,26.0,3.0,89.0,3,QB,0.812724,Sean Mannion,2018,3,0.9523046,-0.13958060166931152
40.1,0.0,0,281.0,2,31,48,0.0,0,0.0,25.0,3.0,92.0,10,TE,0.736451,Jeff Heuerman,2018,5,1.3273413,-0.5908903181304932
3.6,0.0,0,36.0,0,4,6,0.0,0,0.0,25.0,3.0,85.0,5,TE,0.750319,Tyler Kroft,2018,5,0.966862,-0.21654302287673954
174.92000000000002,357.0,2,21.0,0,1,1,2528.0,11,8.0,24.0,3.0,2.0,14,QB,6.053494,Marcus Mariota,2018,3,6.0211325,0.032361530822753615
85.02,129.0,0,0.0,0,0,0,1203.0,7,2.0,25.0,4.0,2.0,7,QB,6.053494,Marcus Mariota,2019,3,14.44336,-8.389866328674316
21.4,0.0,0,214.0,0,24,38,0.0,0,0.0,26.0,3.0,173.0,13,TE,0.618313,James O'Shaughnessy,2018,5,1.180252,-0.561938955986023
53.8,30.0,0,388.0,2,29,49,0.0,0,0.0,25.0,3.0,105.0,9,WR,0.706406,Jamison Crowder,2018,6,0.8012564,-0.09485041822814944
10.8,0.0,0,48.0,1,3,5,0.0,0,0.0,26.0,3.0,202.0,3,TE,0.598013,A.J. Derby,2018,5,0.7108048,-0.11279182006072996
14.4,69.0,1,15.0,0,3,4,0.0,0,0.0,28.0,3.0,174.0,4,RB,0.611563,Cameron Artis-Payne,2018,4,0.49156368,0.1199993222122192
21.3,0.0,0,213.0,0,23,37,0.0,0,0.0,25.0,3.0,171.0,12,TE,0.611563,Nick Boyle,2018,5,0.7856979,-0.174134877407074
38.4,184.0,3,20.0,0,5,6,0.0,0,0.0,25.0,3.0,149.0,4,RB,0.625203,Jay Ajayi,2018,4,1.8974876,-1.2722846403808594
2.9000000000000004,1.0,0,28.0,0,3,4,0.0,0,0.0,25.0,3.0,54.0,4,RB,1.039032,Ameer Abdullah,2018,4,1.3735933,-0.3345613303833008
138.8,612.0,8,296.0,1,42,55,0.0,0,0.0,26.0,4.0,15.0,12,RB,2.667441,Melvin Gordon,2019,4,4.554491,-1.8870500430908201
6.4,0.0,0,64.0,0,7,19,0.0,0,0.0,26.0,3.0,159.0,9,WR,0.62245,J.J. Nelson,2018,6,0.7034803,-0.08103030328750616
118.1,414.0,1,487.0,4,55,78,0.0,0,0.0,24.0,3.0,36.0,14,RB,1.478444,T.J. Yeldon,2018,4,3.1650457,-1.6866017382202148
30.200000000000003,0.0,0,242.0,1,26,32,0.0,0,0.0,24.0,3.0,246.0,8,TE,0.583683,Geoff Swaim,2018,5,0.816166,-0.23248298367691045
54.3,0.0,0,423.0,2,30,39,0.0,0,0.0,24.0,3.0,160.0,14,TE,0.622228,Jesse James,2018,5,0.97447115,-0.35224315182876587
61.900000000000006,0.0,0,439.0,3,43,64,0.0,0,0.0,25.0,3.0,157.0,16,TE,0.623191,C.J. Uzomah,2018,5,1.3675041,-0.7443131198730468
59.4,0.0,0,334.0,5,32,52,0.0,0,0.0,25.0,3.0,76.0,15,WR,0.780922,Chris Conley,2018,6,1.2009294,-0.4200074033050537
225.5,885.0,10,490.0,4,50,66,0.0,0,0.0,25.0,3.0,15.0,12,RB,2.667441,Melvin Gordon,2018,4,3.3029215,-0.6354805335845946
1.2000000000000002,0.0,0,12.0,0,1,2,0.0,0,0.0,25.0,3.0,87.0,2,WR,0.746254,Sammie Coates,2018,6,0.5980587,0.14819529943847654
47.8,183.0,1,235.0,0,25,40,0.0,0,0.0,25.0,3.0,94.0,12,RB,0.737199,Ty Montgomery,2018,4,1.0310183,-0.29381925714111323
161.60000000000002,800.0,4,276.0,5,32,44,0.0,0,0.0,25.0,3.0,73.0,16,RB,0.804843,Tevin Coleman,2018,4,1.7270807,-0.9222377027816773
78.9,0.0,0,549.0,4,44,79,0.0,0,0.0,24.0,3.0,41.0,14,WR,1.380223,Devin Funchess,2018,6,3.785169,-2.4049458861846924
25.3,0.0,0,133.0,2,14,22,0.0,0,0.0,26.0,3.0,107.0,8,WR,0.705205,Justin Hardy,2018,6,1.0225493,-0.31734427158355716
0.84,0.0,0,0.0,0,0,0,21.0,0,0.0,36.0,12.0,203.0,1,P,3.25,Sam Koch,2018,2,2.6655598,0.5844402313232422
-0.08,0.0,0,0.0,0,0,0,-2.0,0,0.0,37.0,13.0,203.0,1,P,3.25,Sam Koch,2019,2,2.9476492,0.3023507595062256
93.2,514.0,3,238.0,0,34,46,0.0,0,0.0,30.0,9.0,53.0,14,RB,8.01,LeSean McCoy,2018,4,5.9528556,2.0571444129943846
195.78,281.0,1,0.0,0,0,0,2992.0,19,14.0,24.0,3.0,1.0,11,QB,6.337819,Jameis Winston,2018,3,9.295831,-2.9580117266235355
340.86,98.0,3,-1.0,0,1,1,5129.0,34,16.0,36.0,14.0,11.0,16,QB,21.85,Ben Roethlisberger,2018,3,23.18888,-1.3388809204101548
285.02,7.0,0,0.0,0,0,0,4308.0,32,12.0,36.0,14.0,4.0,16,QB,20.8125,Philip Rivers,2018,3,24.751192,-3.938692092895508
235.5,29.0,0,0.0,0,0,0,4615.0,23,20.0,37.0,15.0,4.0,16,QB,20.8125,Philip Rivers,2019,3,20.906675,-0.09417533874511719
305.36,250.0,1,0.0,0,0,0,5109.0,33,30.0,25.0,4.0,1.0,16,QB,6.337819,Jameis Winston,2019,3,26.102602,-19.764783005004883
101.4,32.0,0,736.0,4,64,97,15.0,0,0.0,25.0,3.0,20.0,16,WR,2.344343,Nelson Agholor,2018,6,3.8990355,-1.5546924537963869
55.00000000000001,7.0,0,363.0,3,39,69,0.0,0,0.0,26.0,4.0,20.0,11,WR,2.344343,Nelson Agholor,2019,6,4.857145,-2.512801832611084
36.9,0.0,0,309.0,1,24,47,0.0,0,0.0,25.0,3.0,14.0,11,WR,2.719135,DeVante Parker,2018,6,1.9513438,0.7677912252044679
9.2,0.0,0,92.0,0,4,8,0.0,0,0.0,26.0,3.0,7.0,3,WR,4.140762,Kevin White,2018,6,3.3780737,0.7626883076782223
167.5,6.0,0,1189.0,8,79,119,0.0,0,0.0,25.0,4.0,4.0,16,WR,5.66578,Amari Cooper,2019,6,9.092891,-3.427110739440918
140.5,20.0,0,1005.0,7,75,107,0.0,0,0.0,24.0,3.0,4.0,15,WR,5.66578,Amari Cooper,2018,6,7.8413305,-2.1755505282592775
21.1,8.0,0,143.0,1,16,17,0.0,0,0.0,24.0,3.0,55.0,9,TE,1.013184,Maxx Williams,2018,5,1.6017205,-0.5885364523086547
87.4,0.0,0,634.0,4,64,82,0.0,0,0.0,28.0,7.0,43.0,16,TE,7.3,Kyle Rudolph,2018,5,8.288158,-0.988158416748047
202.66000000000005,73.0,4,-4.0,0,1,1,3494.0,16,14.0,31.0,8.0,35.0,13,QB,16.0,Andy Dalton,2019,3,15.962504,0.03749561309814453
174.54,99.0,0,0.0,0,0,0,2566.0,21,11.0,30.0,7.0,35.0,11,QB,16.0,Andy Dalton,2018,3,11.803704,4.196295738220215
108.9,34.0,0,795.0,4,74,113,0.0,0,0.0,30.0,8.0,60.0,15,WR,6.2,Golden Tate,2018,6,8.581115,-2.3811147689819334
6.0,0.0,0,0.0,0,0,0,0.0,0,0.0,27.0,4.0,40.0,1,LB,1.275526,Kyle Van Noy,2018,1,4.758202,-3.482676075958252
84.20000000000002,0.0,0,682.0,3,47,72,0.0,0,0.0,29.0,8.0,42.0,13,TE,9.0,Rob Gronkowski,2018,5,10.154172,-1.1541719436645508
104.3,0.0,0,623.0,7,45,77,0.0,0,0.0,31.0,10.0,42.0,16,TE,9.0,Rob Gronkowski,2020,5,8.684407,0.31559276580810547
